frame_idx,det_idx,class_id,class_name,conf,x1,y1,x2,y2,median_depth,approx_distance_m
0,0,0,person,0.854926586151123,472.10833740234375,491.0906066894531,572.8408813476562,796.5159301757812,107.0,7.6311207
0,1,2,car,0.6073532700538635,0.003009796142578125,496.98358154296875,58.82069778442383,742.3209838867188,103.0,8.382469
0,2,2,car,0.590975284576416,48.9726676940918,547.5714721679688,136.72206115722656,672.3794555664062,68.0,16.477577
0,3,2,car,0.5728241205215454,95.29820251464844,536.0206909179688,190.3787384033203,640.4327392578125,52.0,19.696321
0,4,2,car,0.5543063282966614,0.061443328857421875,499.05999755859375,89.72420501708984,711.1434326171875,96.0,9.696812
0,5,16,dog,0.5252031087875366,350.5951843261719,675.5765380859375,424.71490478515625,788.4992065429688,117.0,
0,6,2,car,0.522750973701477,176.27760314941406,552.957275390625,238.9709930419922,620.344482421875,45.0,30.518154
0,7,0,person,0.4667770564556122,281.6374816894531,537.6878051757812,324.7855529785156,644.160888671875,51.0,21.890392
0,8,0,person,0.4100320041179657,245.60032653808594,541.486328125,288.358642578125,643.513427734375,47.0,22.8443
0,9,0,person,0.34439900517463684,426.0198669433594,531.109130859375,458.8091125488281,635.6105346679688,45.0,22.30341
0,10,2,car,0.26362425088882446,6.383440017700195,551.9408569335938,88.94032287597656,698.307861328125,96.0,14.050525
0,11,0,person,0.2515140771865845,411.9324645996094,537.0756225585938,438.8356018066406,635.0184936523438,45.0,23.79691
1,0,0,person,0.8545694947242737,477.0792236328125,492.94464111328125,575.755859375,790.0665893554688,111.0,7.8443804
1,1,2,car,0.6146034598350525,0.0,497.1435241699219,93.6148452758789,708.592041015625,97.0,9.725928
1,2,2,car,0.5964665412902832,0.009710311889648438,496.75067138671875,54.79464340209961,741.9349975585938,105.0,8.387703
1,3,2,car,0.545521080493927,181.53634643554688,556.970458984375,251.3576202392578,638.7708129882812,49.0,25.140884
1,4,2,car,0.5204631090164185,90.76167297363281,528.6969604492188,192.85853576660156,638.9682006835938,55.0,18.649769
1,5,16,dog,0.5139294862747192,354.807861328125,669.8153686523438,434.38201904296875,788.364990234375,119.0,
1,6,2,car,0.49022072553634644,52.93769073486328,546.32373046875,138.90867614746094,671.7770385742188,72.0,16.392818
1,7,0,person,0.4888368844985962,282.2474670410156,530.866943359375,326.923828125,641.7682495117188,53.0,21.016321
1,8,0,person,0.47753679752349854,421.458251953125,528.4636840820312,455.20458984375,633.0740356445312,49.0,22.28018
1,9,0,person,0.4192005395889282,247.75753784179688,541.4959716796875,288.3384704589844,640.9607543945312,50.0,23.432793
1,10,0,person,0.3860897421836853,427.3004150390625,527.3759765625,462.96588134765625,633.0137329101562,49.0,22.06349
1,11,0,person,0.2860787510871887,413.3599853515625,532.071533203125,442.0970153808594,633.9779663085938,49.0,22.87135
1,12,0,person,0.2663874626159668,444.17193603515625,530.2266235351562,479.1990966796875,631.3564453125,48.0,23.046986
1,13,0,person,0.2543543875217438,459.9146423339844,531.5511474609375,491.2105712890625,629.736083984375,47.0,23.73824
2,0,0,person,0.8173995018005371,482.085205078125,493.15411376953125,580.4461669921875,787.392578125,108.0,7.9212537
2,1,2,car,0.6357067227363586,0.012416839599609375,494.5602722167969,58.396568298339844,742.15283203125,104.0,8.306119
2,2,2,car,0.6149123907089233,0.0,493.9757995605469,97.89450073242188,706.2742919921875,94.0,9.686989
2,3,2,car,0.5399780869483948,56.53030014038086,548.672607421875,143.62965393066406,669.5614013671875,70.0,17.011778
2,4,0,person,0.5135539770126343,285.2820129394531,526.0089111328125,340.13446044921875,641.5567016601562,51.0,20.1712
2,5,2,car,0.49095889925956726,187.53099060058594,553.281982421875,245.42962646484375,611.0079956054688,47.0,35.625763
2,6,0,person,0.4818670153617859,429.3468933105469,526.8702392578125,465.7231750488281,630.033935546875,44.0,22.592613
2,7,2,car,0.40757590532302856,92.92394256591797,533.190673828125,194.46542358398438,631.9081420898438,52.0,20.832516
2,8,2,car,0.3455996513366699,120.52139282226562,558.8228759765625,194.8062744140625,634.2377319335938,54.0,27.269604
2,9,0,person,0.33315539360046387,247.8065185546875,541.0182495117188,295.20172119140625,637.4766845703125,47.0,24.163128
2,10,0,person,0.3022417426109314,438.37261962890625,528.4074096679688,475.332275390625,630.6615600585938,44.0,22.793573
2,11,0,person,0.2515582740306854,451.1194152832031,529.4719848632812,476.51953125,628.5862426757812,44.0,23.515663
3,0,0,person,0.7982884049415588,486.5210266113281,490.5929260253906,585.1626586914062,789.287109375,108.0,7.8030896
3,1,2,car,0.6504223942756653,0.11845779418945312,491.9570617675781,61.223876953125,739.4606323242188,105.0,8.309105
3,2,2,car,0.5612611770629883,0.0880279541015625,492.28472900390625,99.23829650878906,706.6836547851562,98.0,9.592087
3,3,2,car,0.5393201112747192,124.8449478149414,554.0828247070312,201.15460205078125,631.6962890625,57.0,26.49712
3,4,2,car,0.4927578866481781,74.9478530883789,556.4757080078125,146.50250244140625,668.0834350585938,72.0,18.426441
3,5,0,person,0.4776429533958435,294.73626708984375,527.4769287109375,336.21551513671875,636.6416625976562,52.0,21.350645
3,6,2,car,0.47521480917930603,191.04232788085938,547.1980590820312,248.34426879882812,611.4713745117188,50.0,31.996687
3,7,2,car,0.3621685802936554,47.98014450073242,541.017333984375,146.1145782470703,673.7788696289062,72.0,15.49043
3,8,0,person,0.3603355586528778,438.9223937988281,526.6488647460938,474.8255310058594,627.8016357421875,46.0,23.041758
3,9,0,person,0.3530959486961365,427.8731689453125,524.4021606445312,463.92626953125,628.2744140625,46.0,22.4385
4,0,0,person,0.797828733921051,493.8211669921875,483.3258361816406,588.6478271484375,787.3280639648438,108.0,7.6668434
4,1,2,car,0.7048937082290649,0.13159561157226562,490.380615234375,64.0405044555664,736.9706420898438,105.0,8.339888
4,2,2,car,0.5748434066772461,188.85450744628906,542.2381591796875,255.88980102539062,609.3397216796875,48.0,30.648067
4,3,2,car,0.5209916830062866,118.24829864501953,526.426025390625,209.78846740722656,632.2972412109375,54.0,19.424856
4,4,2,car,0.4714031517505646,72.64144134521484,540.944580078125,149.2622833251953,662.9041748046875,69.0,16.862413
4,5,2,car,0.46265873312950134,49.368621826171875,534.1597290039062,150.07797241210938,668.6964111328125,71.0,15.28604
4,6,2,car,0.4508282542228699,83.13349914550781,518.6904296875,208.3970947265625,632.0385131835938,53.0,18.14352
4,7,0,person,0.4478706419467926,297.8333740234375,528.248291015625,339.8874816894531,630.7221069335938,50.0,22.744713
4,8,2,car,0.43498727679252625,0.3607292175292969,491.75115966796875,104.72547912597656,713.0093994140625,99.0,9.294719
4,9,0,person,0.4082866907119751,441.869384765625,518.0278930664062,480.19464111328125,623.5845947265625,46.0,22.080431
4,10,0,person,0.38457760214805603,435.12506103515625,516.9620361328125,472.7842712402344,620.5764770507812,46.0,22.494331
4,11,0,person,0.3773968517780304,263.81634521484375,534.376708984375,297.7297668457031,628.9281616210938,41.0,24.650469
4,12,0,person,0.34707629680633545,428.2320861816406,515.9791870117188,456.6888732910156,622.5366821289062,45.0,21.87305
4,13,16,dog,0.28422603011131287,367.0307312011719,661.3895874023438,442.40509033203125,779.2001953125,114.0,
5,0,0,person,0.8184817433357239,497.495361328125,481.191650390625,594.1488647460938,783.2067260742188,106.0,7.717289
5,1,2,car,0.6929689645767212,0.11748504638671875,488.3465881347656,66.09136962890625,737.701171875,104.0,8.247425
5,2,2,car,0.5793141722679138,193.18148803710938,540.83837890625,260.6501770019531,608.758056640625,46.0,30.2789
5,3,2,car,0.5635783672332764,72.94860076904297,536.3259887695312,154.35321044921875,664.28759765625,69.0,16.071486
5,4,0,person,0.5543325543403625,441.80657958984375,511.7688903808594,482.91558837890625,623.0010375976562,43.0,20.953812
5,5,0,person,0.5141062140464783,264.8322448730469,534.525146484375,308.0760803222656,630.5044555664062,43.0,24.28375
5,6,2,car,0.49897855520248413,96.20310974121094,519.15478515625,208.7177734375,628.9561767578125,51.0,18.729572
5,7,0,person,0.4518950879573822,308.52850341796875,528.6597900390625,345.0035095214844,629.79150390625,49.0,23.046555
5,8,2,car,0.4112430512905121,116.96095275878906,533.8211669921875,208.38771057128906,628.2067260742188,52.0,21.788643
5,9,2,car,0.3388475179672241,34.013179779052734,540.1670532226562,108.95771789550781,690.489501953125,87.0,13.680812
5,10,0,person,0.31472137570381165,429.71612548828125,513.8480224609375,464.41461181640625,620.60546875,43.0,21.832085
5,11,0,person,0.29976001381874084,431.7722473144531,513.756103515625,477.6189270019531,621.8397827148438,43.0,21.564196
5,12,2,car,0.27915093302726746,40.94713592529297,534.0928344726562,157.034423828125,675.6641845703125,80.0,14.526479
5,13,2,car,0.2615962028503418,0.2912864685058594,489.2086486816406,106.64524841308594,712.0193481445312,98.0,9.229958
5,14,16,dog,0.2568866014480591,374.5489196777344,661.0484619140625,445.8860778808594,777.9219970703125,113.0,
6,0,0,person,0.8455584645271301,500.2074279785156,478.87628173828125,598.2418212890625,780.4055786132812,105.0,7.7297215
6,1,2,car,0.6685725450515747,0.12008285522460938,486.46746826171875,64.69229888916016,738.2156982421875,106.0,8.169007
6,2,2,car,0.6372377276420593,70.15373229980469,533.1776733398438,157.74472045898438,660.4293823242188,69.0,16.161144
6,3,2,car,0.5886906981468201,197.1770782470703,534.523681640625,266.4854736328125,606.917724609375,44.0,28.407492
6,4,2,car,0.558627188205719,101.1287841796875,516.0738525390625,212.34408569335938,627.396240234375,51.0,18.473671
6,5,0,person,0.4197898209095001,439.7604675292969,509.5632019042969,482.6721496582031,621.0562744140625,43.0,20.904774
6,6,0,person,0.385513037443161,303.67669677734375,523.8402099609375,351.0997314453125,628.7093505859375,49.0,22.225199
6,7,0,person,0.3655773401260376,268.1437683105469,531.2876586914062,308.7072448730469,629.4703979492188,43.0,23.738771
6,8,2,car,0.3391171991825104,42.84975051879883,533.8206176757812,161.93467712402344,670.2236938476562,81.0,15.076883
6,9,2,car,0.3134114146232605,0.21441078186035156,575.6076049804688,65.07717895507812,737.3355712890625,107.0,12.716002
6,10,2,car,0.2879951000213623,33.09701156616211,540.4248657226562,111.36736297607422,690.7965698242188,90.0,13.676331
6,11,2,car,0.2808321416378021,134.67572021484375,543.22119140625,212.36297607421875,627.26513671875,52.0,24.469736
6,12,2,car,0.27518415451049805,0.13615036010742188,487.8556823730469,112.0854721069336,714.1245727539062,100.0,9.088891
6,13,16,dog,0.2720930576324463,377.9083557128906,655.8865356445312,452.0694580078125,776.8917846679688,114.0,
6,14,1,bicycle,0.2631983757019043,376.60888671875,655.4046630859375,454.3865051269531,778.7084350585938,114.0,
7,0,0,person,0.8554643392562866,507.3450622558594,476.7442932128906,603.5416259765625,778.6567993164062,104.0,7.7199106
7,1,16,dog,0.6438676714897156,381.3628234863281,654.5293579101562,457.2574768066406,776.039794921875,112.0,
7,2,2,car,0.597106397151947,0.15349388122558594,481.4382019042969,65.57267761230469,737.1421508789062,107.0,8.042634
7,3,2,car,0.5567882061004639,198.97837829589844,536.6349487304688,269.38836669921875,604.59765625,45.0,30.259731
7,4,2,car,0.46404507756233215,71.69664001464844,533.6448364257812,161.1232452392578,665.3346557617188,69.0,15.616493
7,5,2,car,0.4533114433288574,32.56959915161133,533.0530395507812,113.57421875,686.2379150390625,91.0,13.425171
7,6,0,person,0.444949209690094,448.9124450683594,508.81512451171875,488.3927307128906,618.9752197265625,45.0,21.15773
7,7,0,person,0.4441983699798584,312.1788024902344,516.5638427734375,360.2954406738281,629.1234741210938,49.0,20.706692
7,8,2,car,0.4121667742729187,134.41407775878906,554.8960571289062,218.96334838867188,625.8074340820312,53.0,29.001457
7,9,2,car,0.3513205647468567,0.443023681640625,482.58453369140625,117.71898651123047,716.7276000976562,99.0,8.783234
7,10,9,traffic light,0.34092360734939575,280.4963684082031,404.6375427246094,308.1341247558594,473.3821105957031,26.0,
7,11,0,person,0.26008087396621704,434.4871520996094,513.7093505859375,467.2882995605469,619.3734741210938,44.0,22.057983
8,0,0,person,0.8507094979286194,509.88006591796875,472.3515930175781,606.6076049804688,779.2813720703125,104.0,7.593716
8,1,2,car,0.6119903922080994,0.18541717529296875,476.2405700683594,68.17221069335938,738.1355590820312,106.0,7.852511
8,2,2,car,0.5757156610488892,205.8240966796875,536.461669921875,274.3127746582031,605.476318359375,43.0,29.798502
8,3,16,dog,0.5716666579246521,384.88531494140625,651.1884155273438,460.3442687988281,774.84326171875,112.0,
8,4,2,car,0.5465630888938904,113.14947509765625,513.3698120117188,222.2361602783203,624.981201171875,52.0,18.425837
8,5,0,person,0.543052613735199,315.7915344238281,516.0782470703125,365.3596496582031,627.4713745117188,49.0,20.92353
8,6,2,car,0.48003315925598145,75.948486328125,531.6129760742188,163.79452514648438,656.8095092773438,69.0,16.42644
8,7,2,car,0.4222193658351898,33.393253326416016,532.5549926757812,115.77161407470703,688.980712890625,87.0,13.147027
8,8,0,person,0.3630799949169159,440.934814453125,508.3129577636719,481.01220703125,616.464111328125,43.0,21.550741
8,9,9,traffic light,0.34003138542175293,286.3209228515625,403.9148254394531,312.4422912597656,470.5771179199219,22.0,
8,10,2,car,0.3232472240924835,0.5161170959472656,478.90423583984375,111.85903930664062,720.399658203125,101.0,8.515827
8,11,0,person,0.26095274090766907,435.5210266113281,510.4360656738281,469.3634948730469,617.711669921875,43.0,21.726631
9,0,0,person,0.8413605093955994,513.2979736328125,468.7833251953125,611.0457153320312,775.7376708984375,103.0,7.593108
9,1,2,car,0.5886803269386292,0.1845245361328125,472.4132995605469,68.6584243774414,738.0535278320312,106.0,7.741799
9,2,2,car,0.5587571263313293,72.82174682617188,528.0218505859375,165.47544860839844,655.9508666992188,69.0,16.07558
9,3,2,car,0.5008746981620789,140.85302734375,546.8193969726562,224.09066772460938,623.1318359375,53.0,26.94886
9,4,0,person,0.49284496903419495,316.147705078125,515.8106689453125,363.6932373046875,624.2500610351562,47.0,21.493458
9,5,2,car,0.4426378905773163,0.541717529296875,476.7585754394531,109.26126098632812,719.7411499023438,101.0,8.463707
9,6,16,dog,0.40781381726264954,386.4377746582031,647.0738525390625,510.4395446777344,774.9221801757812,113.0,
9,7,2,car,0.37354910373687744,209.44674682617188,537.9596557617188,277.0091857910156,600.0242309570312,42.0,33.13538
9,8,0,person,0.3587459325790405,442.940185546875,504.3265686035156,486.4090576171875,613.0010986328125,42.0,21.446953
9,9,16,dog,0.3491762578487396,385.9876403808594,650.0454711914062,465.38153076171875,774.034423828125,112.0,
9,10,2,car,0.3459099233150482,30.898757934570312,531.3495483398438,118.42974090576172,688.5677490234375,86.0,13.080758
9,11,2,car,0.3214128017425537,113.10704040527344,511.9222412109375,225.2069091796875,619.3467407226562,52.0,19.143988
9,12,0,person,0.2648043930530548,450.49542236328125,505.3321838378906,493.45709228515625,611.9385375976562,42.0,21.863026
9,13,7,truck,0.2528565227985382,0.21854782104492188,471.1167297363281,66.08658599853516,733.7664184570312,106.0,
10,0,0,person,0.8476768136024475,517.103271484375,465.63739013671875,616.0880737304688,779.0007934570312,102.0,7.4378104
10,1,2,car,0.603380560874939,0.1875286102294922,470.1658630371094,73.02037048339844,738.189697265625,108.0,7.672949
10,2,2,car,0.5436232686042786,142.90618896484375,545.5941162109375,227.3066864013672,621.9716186523438,53.0,26.925903
10,3,2,car,0.5267974734306335,213.7012481689453,534.3163452148438,277.9861755371094,592.7470092773438,42.0,35.19613
10,4,0,person,0.4790571630001068,457.0833435058594,499.1251220703125,501.0268249511719,610.2825927734375,43.0,20.96789
10,5,2,car,0.4746018648147583,68.21900939941406,526.0499877929688,171.6122589111328,656.23681640625,69.0,15.796784
10,6,16,dog,0.4094238877296448,390.1740417480469,647.3010864257812,513.4398803710938,771.7169189453125,112.0,
10,7,16,dog,0.35957959294319153,388.72705078125,650.0610961914062,468.47003173828125,771.1106567382812,112.0,
10,8,2,car,0.3334719240665436,3.4261436462402344,514.3433837890625,125.29143524169922,693.8964233398438,93.0,11.453625
10,9,2,car,0.3251490890979767,48.24104690551758,533.3658447265625,128.23609924316406,688.4818725585938,86.0,13.258032
10,10,0,person,0.3185688555240631,323.2495422363281,513.359619140625,367.47930908203125,619.9852294921875,48.0,21.859077
10,11,2,car,0.30430951714515686,99.30146026611328,532.3936767578125,171.89540100097656,655.546875,68.0,16.698984
10,12,7,truck,0.28479650616645813,0.0,468.28436279296875,73.28321075439453,738.8060302734375,108.0,
10,13,2,car,0.26002106070518494,125.58629608154297,522.6954956054688,228.04119873046875,620.6111450195312,52.0,21.00311
11,0,0,person,0.8463383913040161,522.67236328125,466.66094970703125,622.4912109375,778.0774536132812,101.0,7.4843097
11,1,2,car,0.6136617064476013,88.25353240966797,524.4298706054688,176.17080688476562,652.3863525390625,66.0,16.07213
11,2,2,car,0.48819899559020996,215.228759765625,532.59228515625,280.48095703125,592.1077880859375,40.0,34.55458
11,3,0,person,0.4875316619873047,464.04693603515625,503.6553039550781,504.98858642578125,611.1098022460938,41.0,21.69046
11,4,2,car,0.45264798402786255,47.05388259887695,526.3175048828125,178.80010986328125,661.7181396484375,82.0,15.188505
11,5,16,dog,0.4504527151584625,391.9517517089844,649.0703125,476.25616455078125,768.6647338867188,111.0,
11,6,2,car,0.44745510816574097,0.1834888458251953,465.46307373046875,72.34530639648438,738.8314819335938,107.0,7.522937
11,7,0,person,0.4020925760269165,326.61041259765625,508.5156555175781,370.28887939453125,618.3314819335938,47.0,21.224058
11,8,2,car,0.3816007077693939,132.7835235595703,526.7715454101562,231.58535766601562,620.152099609375,49.0,22.023142
11,9,2,car,0.3729372024536133,46.80633544921875,529.64794921875,131.43392944335938,688.7750854492188,85.0,12.923838
11,10,2,car,0.3442508280277252,4.891742706298828,522.4234008789062,128.53810119628906,695.9993286132812,87.0,11.848032
11,11,7,truck,0.3382125794887543,0.0,463.8416748046875,71.38935852050781,740.6534423828125,107.0,
11,12,16,dog,0.33427828550338745,392.1544189453125,647.4381103515625,513.8529052734375,770.7713623046875,111.0,
11,13,2,car,0.3325263559818268,109.51801300048828,506.2495422363281,230.04319763183594,619.8999633789062,48.0,18.095253
11,14,2,car,0.3134095072746277,58.36861038208008,579.3750610351562,128.26211547851562,686.5155029296875,85.0,19.194742
12,0,0,person,0.8467109799385071,524.9059448242188,464.85845947265625,626.078857421875,775.3797607421875,102.0,7.505886
12,1,2,car,0.6723853349685669,90.03925323486328,524.8333129882812,176.7161865234375,652.62939453125,64.0,16.092302
12,2,2,car,0.6103581786155701,48.118194580078125,520.9791259765625,179.56333923339844,661.6995239257812,81.0,14.614322
12,3,2,car,0.577707827091217,217.1476593017578,525.19091796875,283.6377258300781,592.0777587890625,40.0,30.746454
12,4,0,person,0.5184950232505798,462.36456298828125,495.27667236328125,505.93487548828125,608.7608642578125,41.0,20.537992
12,5,16,dog,0.5156895518302917,394.5065002441406,650.8341674804688,479.2909240722656,765.177490234375,111.0,
12,6,2,car,0.5141239166259766,114.88499450683594,510.59417724609375,233.63351440429688,619.3286743164062,47.0,18.913347
12,7,2,car,0.5036934018135071,47.33200454711914,524.27197265625,132.46755981445312,687.7467041015625,84.0,12.580129
12,8,2,car,0.4972453713417053,0.145660400390625,461.8385009765625,72.7013168334961,739.1744384765625,106.0,7.4153147
12,9,0,person,0.46298840641975403,327.182861328125,504.9070129394531,375.9596862792969,615.2495727539062,47.0,21.122744
12,10,0,person,0.35960209369659424,450.77490234375,497.73065185546875,499.9306640625,609.5355834960938,40.0,20.846464
12,11,7,truck,0.3550185561180115,0.23605728149414062,461.5388488769531,69.4446792602539,735.6173095703125,107.0,
12,12,2,car,0.3295353949069977,144.22906494140625,519.9217529296875,233.5875244140625,619.3380126953125,49.0,20.686085
12,13,2,car,0.31550800800323486,3.6642608642578125,513.2026977539062,130.5959930419922,697.4315185546875,85.0,11.162929
12,14,2,car,0.2843954563140869,51.53517150878906,574.3340454101562,130.9561767578125,684.4170532226562,84.0,18.68166
13,0,0,person,0.845425546169281,530.1143188476562,467.21484375,631.0684204101562,773.8843383789062,104.0,7.600161
13,1,2,car,0.6503909230232239,97.37959289550781,522.8994750976562,180.55552673339844,649.69873046875,64.0,16.218811
13,2,0,person,0.5601328611373901,464.1767578125,495.6962585449219,508.9877014160156,606.5270385742188,41.0,21.029696
13,3,2,car,0.5140405893325806,44.97580337524414,530.1353149414062,136.1599884033203,686.93896484375,83.0,13.11534
13,4,0,person,0.5103505849838257,339.1329650878906,504.15087890625,382.1624755859375,613.5188598632812,46.0,21.310968
13,5,2,car,0.4956764280796051,216.7642364501953,521.6654663085938,286.4544372558594,588.3876342773438,39.0,30.822338
13,6,2,car,0.47055190801620483,119.83511352539062,511.4218444824219,236.21160888671875,616.97021484375,47.0,19.484272
13,7,7,truck,0.4224926829338074,0.1528472900390625,460.0192565917969,69.48783874511719,736.6586303710938,107.0,
13,8,2,car,0.41805246472358704,51.78467559814453,570.958251953125,135.15240478515625,683.6486206054688,83.0,18.249414
13,9,2,car,0.4012696444988251,0.12363052368164062,460.9991455078125,70.75550079345703,740.9801025390625,107.0,7.345261
13,10,16,dog,0.3983873426914215,400.15283203125,651.3766479492188,482.99652099609375,764.1040649414062,109.0,
13,11,2,car,0.3744080662727356,46.32798385620117,521.8973388671875,183.00657653808594,663.0068359375,81.0,14.574024
13,12,2,car,0.32038378715515137,150.98924255371094,532.8369140625,237.27508544921875,616.554931640625,48.0,24.565
14,0,0,person,0.8256253600120544,533.977294921875,464.8999328613281,635.07861328125,767.7964477539062,105.0,7.6948314
14,1,16,dog,0.6247667074203491,402.20794677734375,648.87744140625,485.8180236816406,763.6985473632812,110.0,
14,2,2,car,0.6243307590484619,90.84754943847656,521.7440185546875,182.8948974609375,648.0289916992188,68.0,16.28486
14,3,0,person,0.6056072115898132,468.6593933105469,492.23175048828125,510.9864196777344,603.5722045898438,44.0,20.93343
14,4,0,person,0.5826959013938904,340.8508605957031,501.5992126464844,384.9659118652344,610.4833374023438,48.0,21.405668
14,5,2,car,0.5747231841087341,217.10829162597656,516.7916259765625,289.4419860839844,586.8319702148438,41.0,29.362123
14,6,2,car,0.4456375539302826,51.73488235473633,569.3204956054688,133.51959228515625,683.126220703125,85.0,18.07056
14,7,2,car,0.42835715413093567,127.43673706054688,504.6883850097656,238.37283325195312,613.8133544921875,49.0,18.84567
14,8,2,car,0.3992365300655365,46.821510314941406,518.9974365234375,185.34873962402344,655.7202758789062,82.0,15.041621
14,9,7,truck,0.37977445125579834,0.052494049072265625,457.72906494140625,65.15755462646484,736.4745483398438,110.0,
14,10,2,car,0.3782840967178345,0.07051277160644531,459.7891845703125,69.16555786132812,741.0086669921875,110.0,7.3129115
14,11,0,person,0.32871583104133606,456.5889587402344,495.2244873046875,504.78515625,606.6910400390625,44.0,20.909748
15,0,0,person,0.8317481279373169,536.6693725585938,459.1570129394531,639.0044555664062,765.08740234375,104.0,7.6185226
15,1,16,dog,0.7320239543914795,409.0941467285156,646.5707397460938,487.9045715332031,761.2827758789062,112.0,
15,2,2,car,0.6025589108467102,98.2265853881836,516.6041259765625,185.1536407470703,645.1097412109375,67.0,16.00345
15,3,0,person,0.5474926829338074,474.7603759765625,494.6166687011719,512.7901000976562,601.0582275390625,44.0,21.896875
15,4,2,car,0.5249525904655457,54.48020553588867,569.8297729492188,138.3574981689453,683.4154052734375,84.0,18.105576
15,5,2,car,0.5165066123008728,223.90017700195312,516.216064453125,289.5940246582031,581.8828125,42.0,31.317726
15,6,0,person,0.4688994884490967,342.8314208984375,497.82879638671875,383.9399719238281,610.2227783203125,47.0,20.73721
15,7,2,car,0.46842220425605774,147.93287658691406,533.5746459960938,244.55763244628906,611.108642578125,50.0,26.524277
15,8,2,car,0.43990424275398254,126.0271224975586,504.2828063964844,245.0737762451172,611.7427978515625,50.0,19.137665
15,9,7,truck,0.40078476071357727,0.06876754760742188,456.5131530761719,67.63197326660156,737.7103881835938,109.0,
15,10,2,car,0.3925760090351105,0.08952713012695312,459.6574401855469,71.23084259033203,742.749755859375,108.0,7.264532
15,11,2,car,0.31366515159606934,49.158416748046875,514.7723388671875,189.76185607910156,660.1018676757812,81.0,14.150828
16,0,0,person,0.8442936539649963,543.5556030273438,457.14532470703125,642.7848510742188,764.4684448242188,105.0,7.583997
16,1,2,car,0.6149041056632996,225.4918670654297,515.2821044921875,292.5410461425781,581.86767578125,44.0,30.885569
16,2,2,car,0.6030360460281372,99.01373291015625,514.1071166992188,190.5341033935547,647.2989501953125,69.0,15.440385
16,3,0,person,0.5862749218940735,475.9888916015625,486.1886901855469,515.6947631835938,595.9312744140625,46.0,21.238224
16,4,2,car,0.553748607635498,156.9337615966797,532.533203125,243.29678344726562,607.4396362304688,52.0,27.454695
16,5,16,dog,0.4851835370063782,410.19488525390625,640.6712036132812,485.3160095214844,757.22705078125,111.0,
16,6,2,car,0.4836566150188446,0.07042121887207031,455.32598876953125,68.45572662353516,742.4727172851562,111.0,7.161959
16,7,0,person,0.46057549118995667,346.1961669921875,496.3505859375,386.5065612792969,607.289794921875,48.0,21.009142
16,8,2,car,0.4388110637664795,33.38518524169922,534.7424926757812,142.71839904785156,684.4786376953125,87.0,13.734381
16,9,2,car,0.40375152230262756,50.84212875366211,566.8102416992188,141.04971313476562,679.8172607421875,87.0,18.198278
16,10,7,truck,0.3878270387649536,0.09647941589355469,452.79730224609375,65.3811264038086,738.568359375,112.0,
16,11,2,car,0.3624522387981415,141.3640899658203,510.02252197265625,243.31549072265625,608.4898681640625,52.0,20.885433
16,12,2,car,0.2995121479034424,54.29191589355469,509.9322509765625,192.75271606445312,655.2777099609375,83.0,14.149278
17,0,0,person,0.8408727645874023,545.2496948242188,455.93115234375,648.8546142578125,764.8726196289062,104.0,7.544269
17,1,2,car,0.6893706321716309,101.4590835571289,513.3069458007812,190.78392028808594,645.531005859375,67.0,15.553396
17,2,2,car,0.6181675791740417,225.28697204589844,513.9087524414062,296.8338623046875,581.91552734375,44.0,30.240122
17,3,0,person,0.5864005088806152,480.0640869140625,489.0168762207031,516.7474365234375,593.7635498046875,45.0,22.251184
17,4,0,person,0.5271748304367065,348.90997314453125,492.6901550292969,387.7061462402344,605.6834106445312,47.0,20.627228
17,5,2,car,0.46378248929977417,41.80352783203125,511.9882507324219,142.21588134765625,682.73974609375,86.0,12.044013
17,6,2,car,0.44522571563720703,158.985595703125,530.9613647460938,243.66944885253906,609.309814453125,52.0,26.24855
17,7,2,car,0.4432368278503418,0.17413902282714844,447.6675109863281,66.73494720458984,738.4418334960938,110.0,7.0726094
17,8,2,car,0.4352729320526123,133.52146911621094,505.6392517089844,244.5094757080078,608.4195556640625,52.0,20.00902
17,9,7,truck,0.4304901361465454,0.1863842010498047,449.39739990234375,62.48585510253906,737.0819091796875,111.0,
17,10,2,car,0.2612682282924652,49.22468948364258,561.3534545898438,141.1024627685547,678.8005981445312,86.0,17.510286
18,0,0,person,0.8457567691802979,551.0260620117188,453.4852294921875,650.4428100585938,761.930419921875,102.0,7.5564075
18,1,2,car,0.6440128684043884,103.9899673461914,509.2341613769531,191.16793823242188,642.4882202148438,67.0,15.433175
18,2,2,car,0.6077384948730469,228.98121643066406,515.0059814453125,297.32806396484375,578.5108032226562,43.0,32.383892
18,3,0,person,0.5559315085411072,480.28656005859375,487.0425109863281,523.08203125,590.9392700195312,42.0,22.433207
18,4,2,car,0.4635773301124573,31.171062469482422,506.7857666015625,144.80789184570312,682.1707763671875,85.0,11.725821
18,5,0,person,0.46242451667785645,349.5865173339844,490.6058654785156,393.4062194824219,602.7872314453125,43.0,20.776512
18,6,2,car,0.45183899998664856,145.24407958984375,508.0978088378906,249.18504333496094,608.141845703125,52.0,20.55628
18,7,2,car,0.4147241413593292,0.11785125732421875,445.0111083984375,65.55132293701172,739.1422729492188,110.0,6.9918914
18,8,7,truck,0.4088055491447449,0.1844959259033203,446.67041015625,60.42471694946289,737.7420043945312,110.0,
18,9,2,car,0.3949447572231293,164.45046997070312,533.7138061523438,248.4169158935547,608.1846313476562,51.0,27.615288
18,10,0,person,0.32829537987709045,448.9014587402344,492.9012451171875,480.6286926269531,594.599853515625,35.0,22.918087
19,0,0,person,0.8532339334487915,555.022705078125,451.6963806152344,659.7792358398438,759.2186889648438,102.0,7.5790844
19,1,2,car,0.67076176404953,104.37199401855469,506.78778076171875,193.72105407714844,643.0402221679688,69.0,15.093552
19,2,2,car,0.5589268207550049,229.83123779296875,510.5104064941406,299.9677734375,577.4407348632812,44.0,30.726477
19,3,2,car,0.5178530216217041,162.68405151367188,520.9453735351562,251.96499633789062,608.0328979492188,53.0,23.614555
19,4,2,car,0.5062680244445801,38.0214958190918,510.82086181640625,147.52586364746094,681.7628173828125,87.0,12.030594
19,5,0,person,0.48283839225769043,486.3563537597656,488.0572204589844,524.4680786132812,590.2510986328125,44.0,22.807016
19,6,2,car,0.4701228439807892,0.08680915832519531,442.3897705078125,66.10322570800781,742.717529296875,113.0,6.8476295
19,7,7,truck,0.44703352451324463,0.18309402465820312,443.09051513671875,63.272705078125,744.2872924804688,114.0,
19,8,0,person,0.4445677697658539,351.3179931640625,489.5481262207031,400.3572082519531,600.279052734375,47.0,21.048658
19,9,2,car,0.4171415865421295,46.27851104736328,555.1871337890625,148.77352905273438,680.2021484375,87.0,16.450289
19,10,0,person,0.3978789746761322,448.1477966308594,491.1801452636719,482.8092956542969,592.7549438476562,35.0,22.946022
19,11,2,car,0.350909560918808,142.28196716308594,494.8230285644531,253.14495849609375,606.3177490234375,53.0,18.445118
19,12,0,person,0.2859237790107727,480.7958984375,487.0943298339844,515.3248291015625,590.5228271484375,45.0,22.534771
19,13,32,sports ball,0.25495344400405884,1647.908203125,155.54261779785156,1721.031005859375,223.4479217529297,82.0,
20,0,0,person,0.8486831188201904,555.5924072265625,448.6963806152344,666.6517333984375,757.9517822265625,100.0,7.5366106
20,1,2,car,0.7149083018302917,35.242469787597656,503.4573669433594,147.0728302001953,680.2866821289062,83.0,11.630047
20,2,2,car,0.6509935855865479,107.68437194824219,503.8289794921875,194.8997039794922,641.0712890625,65.0,14.984688
20,3,2,car,0.543804407119751,231.3353729248047,509.3480529785156,301.38409423828125,576.6039428710938,40.0,30.577742
20,4,2,car,0.5231576561927795,164.031005859375,520.166015625,254.20802307128906,605.3388061523438,49.0,24.145424
20,5,2,car,0.485879123210907,0.075439453125,434.89581298828125,63.72458267211914,743.1146850585938,112.0,6.672314
20,6,16,dog,0.47665080428123474,427.9254455566406,632.5184936523438,499.2572937011719,749.5955810546875,106.0,
20,7,0,person,0.44899070262908936,354.9162902832031,489.22320556640625,402.4111022949219,599.0857543945312,42.0,21.215033
20,8,0,person,0.44511327147483826,487.23211669921875,489.5921630859375,524.3642578125,589.57470703125,40.0,23.311445
20,9,2,car,0.4124445915222168,136.08511352539062,497.47320556640625,254.2686309814453,604.6455688476562,49.0,19.189026
20,10,0,person,0.349582314491272,450.81243896484375,489.1665344238281,488.1236572265625,590.3435668945312,29.0,23.036232
20,11,7,truck,0.3244166672229767,0.1705913543701172,440.34393310546875,64.14289093017578,745.2207641601562,112.0,
21,0,0,person,0.8647246360778809,563.2921142578125,447.6266784667969,671.534912109375,755.113037109375,99.0,7.5799704
21,1,2,car,0.6548627614974976,35.164329528808594,499.5142822265625,150.0329132080078,676.9641723632812,83.0,11.589375
21,2,2,car,0.5748689770698547,0.06975173950195312,433.3277893066406,61.76734924316406,741.8523559570312,113.0,6.6657033
21,3,2,car,0.4941542148590088,164.19058227539062,517.8519897460938,257.67437744140625,602.6748046875,48.0,24.245049
21,4,2,car,0.4778399169445038,107.40282440185547,501.9656066894531,198.236083984375,640.1821899414062,63.0,14.879063
21,5,2,car,0.47552740573883057,150.53173828125,496.4934997558594,255.53114318847656,601.0752563476562,48.0,19.664358
21,6,0,person,0.4610925018787384,360.5307312011719,483.2137145996094,410.6170349121094,597.0093383789062,43.0,20.481785
21,7,0,person,0.4471814036369324,493.0985412597656,488.9801330566406,529.4879760742188,587.228271484375,40.0,23.72297
21,8,2,car,0.44135478138923645,237.22613525390625,506.2185363769531,305.11517333984375,572.7399291992188,38.0,30.915365
21,9,9,traffic light,0.3481474816799164,326.5411376953125,372.55169677734375,361.639892578125,444.6602783203125,20.0,
21,10,0,person,0.34020888805389404,456.89666748046875,484.72357177734375,490.41796875,588.50830078125,29.0,22.457422
21,11,7,truck,0.3206121623516083,0.17337799072265625,438.05877685546875,65.64865112304688,742.0576171875,112.0,
21,12,16,dog,0.31992849707603455,433.41064453125,632.0585327148438,506.69970703125,745.9913330078125,104.0,
21,13,0,person,0.2838709056377411,433.3034362792969,632.3026123046875,506.1481018066406,746.0166015625,104.0,20.496489
22,0,0,person,0.8577315807342529,572.7606811523438,440.02056884765625,673.830322265625,756.0450439453125,98.0,7.3751807
22,1,0,person,0.6562591791152954,362.07904052734375,481.5649108886719,412.2668151855469,595.0135498046875,44.0,20.54443
22,2,2,car,0.6292846202850342,32.03481674194336,497.9169616699219,152.90895080566406,674.3406982421875,84.0,11.656783
22,3,2,car,0.563565731048584,158.80560302734375,495.4151916503906,257.8964538574219,600.088623046875,50.0,19.647137
22,4,2,car,0.5356684923171997,116.08570861816406,502.2073059082031,202.982666015625,638.0208129882812,64.0,15.142332
22,5,2,car,0.4695056676864624,243.32350158691406,506.3983459472656,309.13214111328125,571.4485473632812,39.0,31.614555
22,6,2,car,0.46314939856529236,0.07763671875,430.9292907714844,60.72343063354492,740.271240234375,114.0,6.6480904
22,7,0,person,0.4449942409992218,494.56768798828125,484.56109619140625,532.8624267578125,584.2032470703125,38.0,23.39108
22,8,2,car,0.4190540015697479,170.53097534179688,516.6615600585938,258.47735595703125,600.0476684570312,50.0,24.662779
22,9,16,dog,0.39837390184402466,438.4305725097656,626.9566040039062,509.9850769042969,747.1534423828125,105.0,
22,10,2,car,0.3807997703552246,34.8770637512207,499.6739501953125,199.02685546875,666.1510620117188,82.0,12.353249
22,11,9,traffic light,0.37105345726013184,333.37554931640625,371.78460693359375,361.6051025390625,442.1151428222656,21.0,
22,12,7,truck,0.3400121033191681,0.14214134216308594,436.0573425292969,67.13602447509766,741.1690673828125,113.0,
22,13,0,person,0.2629471719264984,459.739013671875,485.05224609375,490.3116760253906,586.8101806640625,30.0,22.904726
23,0,0,person,0.8516783714294434,576.4169311523438,435.0202331542969,684.1900634765625,754.3989868164062,98.0,7.297723
23,1,2,car,0.6544009447097778,33.912506103515625,492.0138244628906,155.32998657226562,676.0331420898438,85.0,11.175637
23,2,2,car,0.6343569159507751,116.70442199707031,499.97369384765625,204.61541748046875,636.860107421875,64.0,15.023647
23,3,0,person,0.5171865820884705,368.9171447753906,481.349609375,414.1058349609375,590.990966796875,46.0,21.257832
23,4,2,car,0.49612075090408325,174.38108825683594,522.7190551757812,265.162109375,596.1781005859375,49.0,27.995644
23,5,2,car,0.4399303197860718,0.1483325958251953,430.1831359863281,60.91098403930664,742.8704833984375,114.0,6.5769634
23,6,16,dog,0.4301473796367645,443.3689270019531,625.861083984375,513.0042114257812,746.037109375,105.0,
23,7,0,person,0.3539867401123047,500.36572265625,476.0107727050781,540.6923217773438,582.4183959960938,39.0,21.903858
23,8,7,truck,0.3403297960758209,0.10885047912597656,434.75408935546875,68.68373107910156,744.5328979492188,113.0,
23,9,0,person,0.3225941061973572,466.4088134765625,471.02105712890625,504.7364501953125,586.2191162109375,37.0,20.232437
23,10,2,car,0.2982832193374634,164.03001403808594,495.32391357421875,263.6358947753906,597.5595703125,48.0,20.115616
23,11,2,car,0.27084505558013916,247.2926483154297,500.97674560546875,312.1690979003906,570.6082763671875,38.0,29.534512
24,0,0,person,0.8200868964195251,578.001953125,435.8863220214844,686.4168701171875,751.9281616210938,98.0,7.3747754
24,1,2,car,0.6621251702308655,118.31803894042969,497.8453674316406,207.96475219726562,637.0221557617188,64.0,14.776409
24,2,2,car,0.6521145105361938,32.49781036376953,490.181396484375,157.0569610595703,675.7137451171875,84.0,11.084499
24,3,2,car,0.5273475646972656,172.3324737548828,515.0291748046875,267.0195007324219,596.684326171875,48.0,25.18559
24,4,0,person,0.5046201944351196,502.2157287597656,479.486328125,540.5469970703125,582.96240234375,37.0,22.52441
24,5,0,person,0.4597644805908203,371.86151123046875,479.6133728027344,417.3069152832031,589.9611206054688,44.0,21.12175
24,6,0,person,0.4371238052845001,470.0393371582031,471.0713195800781,501.8433837890625,582.7646484375,38.0,20.867294
24,7,2,car,0.4172956347465515,0.16895484924316406,427.14111328125,55.160400390625,740.707763671875,115.0,6.5585203
24,8,2,car,0.36631837487220764,164.93934631347656,489.0925598144531,265.107421875,597.5059204101562,47.0,18.96937
24,9,0,person,0.3105781674385071,444.7773742675781,623.0978393554688,512.1694946289062,743.1365356445312,104.0,19.416552
24,10,7,truck,0.2792574167251587,0.05511474609375,432.8829345703125,67.51337432861328,745.72998046875,113.0,
24,11,2,car,0.2525864243507385,246.1072998046875,498.65570068359375,315.755126953125,568.238037109375,37.0,29.555391
25,0,0,person,0.7963473200798035,584.128662109375,438.5826416015625,693.3734130859375,750.2169799804688,99.0,7.4790783
25,1,2,car,0.7173438668251038,25.617908477783203,490.13104248046875,161.50218200683594,676.2599487304688,87.0,11.048973
25,2,2,car,0.5576415061950684,120.0904312133789,496.1276550292969,212.15159606933594,635.3888549804688,66.0,14.767453
25,3,2,car,0.523723840713501,0.12962722778320312,441.0596008300781,53.5428352355957,736.7853393554688,115.0,6.9541907
25,4,16,dog,0.4663289189338684,451.3847351074219,617.05322265625,521.4928588867188,743.2219848632812,108.0,
25,5,0,person,0.43991872668266296,448.45697021484375,619.0853271484375,519.2259521484375,742.2114868164062,107.0,18.92967
25,6,0,person,0.4044935703277588,374.2608947753906,478.4386901855469,421.40460205078125,587.8274536132812,45.0,21.30692
25,7,2,car,0.3624260425567627,165.2595672607422,508.7372131347656,268.4783630371094,594.7028198242188,51.0,23.922745
25,8,2,car,0.3328110873699188,144.36923217773438,492.28399658203125,266.3337097167969,595.9383544921875,50.0,19.840296
25,9,0,person,0.3052298426628113,471.8251647949219,466.62542724609375,502.5870666503906,577.2116088867188,41.0,21.07621
25,10,2,car,0.30206534266471863,250.07679748535156,494.17218017578125,314.8085021972656,564.4473266601562,39.0,29.264019
25,11,0,person,0.2855226695537567,505.5682067871094,489.18951416015625,537.8857421875,579.81884765625,41.0,25.717253
26,0,0,person,0.7955435514450073,589.3300170898438,434.057373046875,698.5497436523438,751.9698486328125,98.0,7.3313813
26,1,2,car,0.6945011019706726,17.09282684326172,488.7955627441406,164.53509521484375,677.7488403320312,86.0,10.883819
26,2,16,dog,0.5237988829612732,452.038330078125,615.1117553710938,521.8956298828125,741.3482666015625,104.0,
26,3,2,car,0.5185412168502808,121.27766418457031,493.6181945800781,217.33364868164062,635.0576171875,65.0,14.540029
26,4,2,car,0.5067470669746399,191.29824829101562,516.95263671875,271.244384765625,593.7915649414062,48.0,26.76421
26,5,2,car,0.4980353116989136,0.1283740997314453,437.82806396484375,51.36741256713867,736.6171875,113.0,6.8828917
26,6,0,person,0.4181351959705353,476.90509033203125,467.97509765625,506.95086669921875,575.1577758789062,37.0,21.745468
26,7,0,person,0.4039188325405121,448.9228820800781,617.1326293945312,521.787109375,739.6469116210938,104.0,19.024212
26,8,0,person,0.39839181303977966,507.91094970703125,472.01678466796875,544.9762573242188,577.948974609375,40.0,22.002165
26,9,2,car,0.3935306668281555,253.89353942871094,495.9122314453125,317.77215576171875,563.1088256835938,37.0,30.604723
26,10,2,car,0.2812715768814087,265.7262268066406,512.6613159179688,319.4035949707031,562.8219604492188,37.0,40.99894
26,11,0,person,0.25777748227119446,376.775146484375,476.54608154296875,427.99981689453125,586.2533569335938,42.0,21.24506
27,0,0,person,0.8315417170524597,589.4300537109375,434.7585754394531,701.8172607421875,747.0122680664062,97.0,7.4642434
27,1,2,car,0.7361667156219482,14.842185974121094,486.7815856933594,166.45693969726562,676.8170166015625,86.0,10.821841
27,2,0,person,0.6352525353431702,385.8313293457031,473.0596618652344,429.7629089355469,582.5336303710938,42.0,21.290337
27,3,2,car,0.6323487162590027,193.33786010742188,512.6202392578125,275.2711486816406,592.5643920898438,48.0,25.724623
27,4,2,car,0.6305620670318604,255.23419189453125,491.4932556152344,322.4925231933594,561.8394165039062,37.0,29.234476
27,5,16,dog,0.5992607474327087,454.7059326171875,616.3704223632812,537.4080810546875,740.718017578125,104.0,
27,6,2,car,0.5466649532318115,120.28644561767578,492.4120178222656,218.83888244628906,634.500732421875,67.0,14.473586
27,7,0,person,0.47146403789520264,508.5567932128906,466.9544677734375,543.224609375,575.2709350585938,41.0,21.51785
27,8,0,person,0.43905308842658997,477.91461181640625,467.9768371582031,507.9814453125,572.6657104492188,37.0,22.26347
27,9,2,car,0.4088176488876343,0.05928182601928711,436.9190368652344,48.029640197753906,733.8953857421875,113.0,6.924906
28,0,0,person,0.819657564163208,589.6007080078125,434.514404296875,704.7423706054688,744.9862060546875,98.0,7.507083
28,1,2,car,0.7507177591323853,14.710086822509766,486.8344421386719,169.8903350830078,675.3579711914062,86.0,10.908628
28,2,0,person,0.720011293888092,387.2894287109375,471.83074951171875,431.9156188964844,580.4776611328125,43.0,21.452406
28,3,2,car,0.7039336562156677,253.19467163085938,486.5393371582031,324.2666931152344,558.0136108398438,38.0,28.773054
28,4,2,car,0.6006850600242615,122.3855209350586,489.0150146484375,222.31307983398438,632.1652221679688,68.0,14.366261
28,5,2,car,0.5618318319320679,193.75653076171875,503.0563659667969,276.0164794921875,591.4656982421875,48.0,23.261494
28,6,16,dog,0.4988442063331604,457.24029541015625,616.1735229492188,543.4205322265625,739.7261352539062,104.0,
28,7,0,person,0.4895838499069214,479.7521057128906,467.4597473144531,511.650634765625,571.54541015625,38.0,22.392494
28,8,2,car,0.4883686602115631,138.44097900390625,487.978271484375,277.26123046875,589.3035278320312,53.0,20.296352
28,9,2,car,0.414011687040329,0.12936687469482422,438.02764892578125,41.55137634277344,733.0706787109375,115.0,6.970282
28,10,0,person,0.35055920481681824,511.8983459472656,465.1919860839844,545.77685546875,573.1865844726562,41.0,21.581984
28,11,0,person,0.2795078754425049,456.0726013183594,617.2930908203125,543.390380859375,738.544921875,104.0,19.222288
29,0,0,person,0.8423585891723633,587.0088500976562,433.1026611328125,708.9990234375,744.8822021484375,98.0,7.475595
29,1,2,car,0.7713334560394287,13.162765502929688,482.6869812011719,169.6944122314453,675.4019775390625,86.0,10.6713705
29,2,0,person,0.6851738691329956,387.7705383300781,470.7023620605469,433.8429870605469,578.8262939453125,43.0,21.556168
29,3,2,car,0.6582753658294678,122.51287078857422,486.6680603027344,222.43313598632812,626.7001342773438,69.0,14.686158
29,4,2,car,0.6553529500961304,255.02252197265625,486.4862365722656,327.3453369140625,556.2803344726562,38.0,29.465717
29,5,2,car,0.6224756836891174,194.89576721191406,498.185302734375,280.94342041015625,590.2866821289062,48.0,22.329016
29,6,0,person,0.5413144826889038,480.2784118652344,463.75140380859375,514.8898315429688,571.6183471679688,36.0,21.607523
29,7,16,dog,0.3837448060512543,459.0,615.5702514648438,543.1435546875,736.9515991210938,103.0,
29,8,2,car,0.3535699248313904,0.14058494567871094,447.3271179199219,37.14170837402344,733.263427734375,118.0,7.1922774
29,9,0,person,0.35052719712257385,514.5667724609375,464.2544860839844,547.5389404296875,570.8954467773438,40.0,21.855932
29,10,2,car,0.32300877571105957,152.63681030273438,473.782470703125,284.92510986328125,584.8919677734375,48.0,18.509068
30,0,0,person,0.8476018905639648,594.00830078125,430.63018798828125,712.3880004882812,742.0336303710938,96.0,7.4846234
30,1,2,car,0.8174200654029846,9.002986907958984,479.5008544921875,169.03273010253906,672.4850463867188,86.0,10.656486
30,2,2,car,0.7101788520812988,122.81426239013672,483.4453125,229.33013916015625,627.5023193359375,67.0,14.275829
30,3,2,car,0.6255717873573303,197.84532165527344,502.91455078125,278.681396484375,586.0585327148438,47.0,24.7346
30,4,2,car,0.601795494556427,256.8033447265625,484.4940490722656,329.5609436035156,555.9952392578125,37.0,28.762224
30,5,0,person,0.5878589749336243,390.8760681152344,468.54119873046875,435.0728759765625,575.7667236328125,41.0,21.736778
30,6,16,dog,0.5631929636001587,461.4537048339844,613.2907104492188,537.156982421875,733.302978515625,102.0,
30,7,0,person,0.5317889451980591,480.27606201171875,460.9073486328125,515.3116455078125,569.6076049804688,34.0,21.441877
30,8,2,car,0.5117802619934082,176.7242431640625,490.18011474609375,280.7135009765625,587.3272705078125,47.0,21.169258
30,9,0,person,0.43064960837364197,515.8134155273438,466.1496276855469,548.3692016601562,568.1092529296875,39.0,22.859417
30,10,2,car,0.33105647563934326,0.10287952423095703,447.8500671386719,33.734901428222656,738.9999389648438,118.0,7.0634866
31,0,0,person,0.8419039249420166,591.8056640625,426.89959716796875,710.9337158203125,740.5160522460938,74.0,7.431809
31,1,2,car,0.8338144421577454,4.9944305419921875,477.6735534667969,170.26881408691406,672.4795532226562,67.0,10.556827
31,2,2,car,0.7357924580574036,120.56181335449219,485.82330322265625,229.97030639648438,626.5076293945312,53.0,14.618069
31,3,2,car,0.6119076013565063,197.59597778320312,497.2965087890625,278.76507568359375,590.9236450195312,37.0,21.965141
31,4,0,person,0.5989019274711609,391.6050109863281,466.67010498046875,435.7295837402344,574.7499389648438,32.0,21.564962
31,5,2,car,0.5945221781730652,254.7587127685547,481.3735656738281,327.54833984375,553.9598388671875,29.0,28.33226
31,6,0,person,0.5944904088973999,479.0592956542969,458.162841796875,515.489013671875,568.9376220703125,27.0,21.040327
31,7,0,person,0.42110738158226013,516.1944580078125,464.09417724609375,547.0673217773438,566.236083984375,31.0,22.818623
31,8,16,dog,0.390607625246048,463.1897277832031,612.7113647460938,536.1513061523438,732.5249633789062,79.0,
31,9,2,car,0.3367703855037689,160.7012176513672,470.15826416015625,282.2958068847656,588.5299072265625,39.0,17.37353
32,0,0,person,0.8489832878112793,600.8143310546875,425.3204040527344,713.4990844726562,739.5465087890625,62.0,7.41739
32,1,2,car,0.8430567979812622,1.6813888549804688,478.0827331542969,170.87637329101562,674.2886352539062,57.0,10.481505
32,2,2,car,0.7207363843917847,118.86863708496094,481.0235595703125,228.6568603515625,625.63916015625,45.0,14.220687
32,3,0,person,0.5574967861175537,392.4163513183594,465.2877502441406,440.6011962890625,574.8310546875,28.0,21.27686
32,4,2,car,0.5476586222648621,254.3360595703125,479.5110168457031,328.29345703125,555.0139770507812,25.0,27.237782
32,5,0,person,0.5250943303108215,479.5357360839844,460.5587158203125,514.5795288085938,567.8755493164062,24.0,21.718285
32,6,2,car,0.5048919320106506,193.9230194091797,491.4505920410156,279.39398193359375,591.1773071289062,32.0,20.621689
32,7,0,person,0.47750014066696167,516.1652221679688,465.0169372558594,548.0980224609375,565.80322265625,27.0,23.125544
32,8,2,car,0.46255403757095337,158.76251220703125,476.72845458984375,280.07537841796875,589.9246215820312,35.0,18.16787
32,9,16,dog,0.4545522928237915,467.75372314453125,611.6070556640625,535.89794921875,732.7586059570312,66.0,
32,10,2,car,0.3490435481071472,158.9302978515625,466.05413818359375,331.9412841796875,563.5149536132812,29.0,21.10113
32,11,2,car,0.3450503647327423,226.1254119873047,473.2650451660156,329.5623779296875,556.22509765625,25.0,24.78944
32,12,2,car,0.323575496673584,201.2647705078125,510.54217529296875,279.241455078125,586.5935668945312,31.0,27.041363
32,13,7,truck,0.30718961358070374,10.46319580078125,421.78326416015625,103.65253448486328,481.09405517578125,18.0,
32,14,16,dog,0.2510523498058319,467.35455322265625,609.4180908203125,608.5433349609375,734.4454345703125,53.0,
33,0,2,car,0.8765771985054016,0.15978240966796875,476.9679870605469,170.16468811035156,673.921630859375,59.0,10.441711
33,1,0,person,0.8397536277770996,609.0074462890625,422.7587585449219,718.416259765625,739.3564453125,63.0,7.3618274
33,2,2,car,0.7189725041389465,122.13908386230469,477.91070556640625,234.1662139892578,624.0909423828125,47.0,14.068477
33,3,2,car,0.5994551777839661,263.77288818359375,487.5621643066406,332.0854187011719,555.0418090820312,26.0,30.476349
33,4,0,person,0.5325925946235657,398.5250244140625,463.3944396972656,444.75787353515625,574.246826171875,29.0,21.025597
33,5,16,dog,0.44809848070144653,471.6678771972656,608.3347778320312,614.9453125,732.0670166015625,54.0,
33,6,2,car,0.43991339206695557,196.66700744628906,491.1023254394531,281.578369140625,589.67822265625,33.0,20.862434
33,7,0,person,0.4013187289237976,518.0502319335938,464.0882263183594,550.7656860351562,566.0830078125,27.0,22.851538
33,8,16,dog,0.391994833946228,472.60858154296875,609.2298583984375,537.6189575195312,731.2804565429688,68.0,
33,9,2,car,0.371101438999176,164.21124267578125,479.8786926269531,281.8415832519531,590.1383666992188,39.0,18.651726
33,10,2,car,0.3654019236564636,242.43370056152344,478.7247619628906,332.9474792480469,557.8841552734375,27.0,25.979649
33,11,0,person,0.3410007357597351,481.1678466796875,459.9171142578125,516.1176147460938,567.4898071289062,26.0,21.666628
33,12,2,car,0.28230786323547363,206.79295349121094,507.900146484375,280.7372131347656,585.9324340820312,33.0,26.3549
33,13,7,truck,0.26041102409362793,15.530465126037598,420.9014587402344,105.15115356445312,477.365966796875,19.0,
34,0,2,car,0.8815059661865234,0.0,474.74176025390625,171.72035217285156,675.2138671875,55.0,10.2584505
34,1,0,person,0.834557831287384,611.2489013671875,421.0080871582031,719.3984375,737.26171875,59.0,7.3698363
34,2,2,car,0.7365197539329529,120.89339447021484,477.8990478515625,239.20111083984375,623.2388305664062,43.0,14.14983
34,3,2,car,0.5830175876617432,264.3960876464844,490.8849182128906,332.53521728515625,554.2890014648438,24.0,32.435345
34,4,16,dog,0.5187187790870667,473.9542236328125,608.4811401367188,540.8851318359375,730.3854370117188,63.0,
34,5,0,person,0.4900652766227722,396.39239501953125,461.319580078125,447.9847412109375,572.8385009765625,26.0,20.89993
34,6,16,dog,0.4430478513240814,474.3153991699219,607.944580078125,580.4370727539062,730.7373046875,62.0,
34,7,2,car,0.32112517952919006,212.24945068359375,505.1251220703125,282.0436706542969,585.6983642578125,31.0,25.523773
34,8,0,person,0.2926674485206604,521.512939453125,462.7181396484375,550.4954223632812,565.7407836914062,23.0,22.623547
35,0,2,car,0.8920188546180725,0.0,473.7226257324219,172.2803192138672,678.355224609375,54.0,10.049881
35,1,0,person,0.836206316947937,610.9321899414062,420.38543701171875,724.3343505859375,738.5687255859375,58.0,7.3251414
35,2,2,car,0.7670435905456543,121.45417785644531,477.2236633300781,241.121337890625,621.5338134765625,43.0,14.250787
35,3,16,dog,0.6511552929878235,479.4877624511719,608.9857788085938,547.0657348632812,729.7218627929688,61.0,
35,4,2,car,0.5605303645133972,266.5391540527344,494.8435363769531,333.9283752441406,554.0400390625,24.0,34.740788
35,5,0,person,0.4576631784439087,398.4593811035156,460.1470642089844,448.2008972167969,572.7960815429688,25.0,20.69026
35,6,2,car,0.3302214741706848,213.70436096191406,500.9477233886719,284.8674621582031,584.8670654296875,31.0,24.50607
35,7,0,person,0.2809675633907318,498.8971252441406,456.2601013183594,532.54638671875,566.539306640625,19.0,21.134878
35,8,2,car,0.27714061737060547,255.41455078125,482.2766418457031,333.475341796875,556.5548095703125,24.0,27.686913
35,9,0,person,0.2675784230232239,493.41998291015625,454.8772888183594,522.857177734375,558.518798828125,23.0,22.488457
36,0,2,car,0.8959986567497253,0.0,475.0433654785156,170.6730194091797,679.7813720703125,39.0,10.044706
36,1,0,person,0.8237232565879822,613.0311279296875,423.7266540527344,726.529541015625,740.215087890625,40.0,7.364369
36,2,2,car,0.750052809715271,120.39244079589844,478.8825988769531,239.40780639648438,622.7161254882812,30.0,14.29801
36,3,16,dog,0.6822726726531982,481.2329406738281,611.41552734375,553.1807250976562,730.4078979492188,43.0,
36,4,2,car,0.5750015377998352,265.3239440917969,492.93804931640625,334.9873962402344,554.438232421875,16.0,33.439465
36,5,0,person,0.4798179268836975,403.5399475097656,465.5299072265625,453.9327697753906,573.6439819335938,17.0,21.558132
36,6,2,car,0.355216383934021,211.48361206054688,498.3607177734375,286.6146240234375,588.1206665039062,21.0,22.91148
36,7,2,car,0.2923348844051361,180.52862548828125,494.5606384277344,285.598876953125,588.006591796875,23.0,22.007729
36,8,2,car,0.2706257700920105,163.70504760742188,476.88079833984375,288.4380798339844,594.4052734375,24.0,17.498766
36,9,0,person,0.26147758960723877,487.1230773925781,460.3462829589844,526.1165771484375,570.0513305664062,16.0,21.245491
36,10,0,person,0.2586882412433624,480.61614990234375,462.1435546875,518.39501953125,567.5473022460938,16.0,22.112473
36,11,16,dog,0.2579149603843689,481.2338562011719,609.5333862304688,613.7503662109375,733.2653198242188,34.0,
37,0,2,car,0.876269519329071,0.0,476.2856140136719,170.95101928710938,684.4973754882812,47.0,9.877123
37,1,0,person,0.8246505856513977,615.33447265625,423.3102722167969,727.4886474609375,742.407958984375,49.0,7.3041506
37,2,2,car,0.7438849806785583,113.60176849365234,474.6999206542969,234.26016235351562,626.4536743164062,36.0,13.551778
37,3,16,dog,0.6935243606567383,483.3968811035156,613.8718872070312,555.0855712890625,732.4667358398438,53.0,
37,4,2,car,0.5896791815757751,266.6368103027344,488.78704833984375,335.3945617675781,554.718017578125,19.0,31.192219
37,5,0,person,0.5172224044799805,406.0121154785156,466.8871154785156,453.4831237792969,574.3860473632812,20.0,21.681496
37,6,2,car,0.4728623330593109,162.9304656982422,473.132080078125,286.64837646484375,593.748046875,31.0,17.050257
37,7,2,car,0.38765421509742737,194.966552734375,485.9165954589844,285.3100891113281,589.4654541015625,27.0,19.86051
37,8,0,person,0.3453373610973358,1808.8055419921875,692.2919311523438,1919.0841064453125,1067.5958251953125,225.0,6.2102675
37,9,0,person,0.3321171700954437,486.2048034667969,463.171142578125,534.1000366210938,570.1749267578125,19.0,21.781824
37,10,0,person,0.30722373723983765,480.23284912109375,466.23394775390625,519.3305053710938,568.6349487304688,20.0,22.760887
37,11,2,car,0.26519775390625,255.0548858642578,475.256103515625,334.6932067871094,557.3232421875,19.0,25.059156
38,0,2,car,0.8831207156181335,0.0,476.302001953125,168.983642578125,685.4384765625,52.0,9.83345
38,1,0,person,0.8291803002357483,619.248046875,426.1358642578125,726.4107666015625,742.673583984375,54.0,7.363222
38,2,2,car,0.7445825934410095,117.45625305175781,478.0450744628906,231.34173583984375,631.910400390625,41.0,13.3658
38,3,2,car,0.6113245487213135,266.8193664550781,490.7494812011719,335.8578186035156,554.72998046875,22.0,32.143124
38,4,0,person,0.5869176387786865,1792.2322998046875,638.259033203125,1919.5718994140625,1068.6851806640625,231.0,5.414953
38,5,16,dog,0.5456825494766235,490.48663330078125,615.3399047851562,552.9404296875,734.4408569335938,59.0,
38,6,2,car,0.4621887803077698,160.52249145507812,472.6255187988281,286.7796630859375,592.986572265625,34.0,17.086367
38,7,0,person,0.45241478085517883,409.05157470703125,465.31201171875,459.2750244140625,575.1574096679688,23.0,21.218346
38,8,2,car,0.37386709451675415,204.07708740234375,499.4396667480469,286.0725402832031,588.5285034179688,30.0,23.084072
38,9,0,person,0.3171021640300751,487.9120788574219,459.2121276855469,536.3568115234375,569.4009399414062,20.0,21.152216
38,10,0,person,0.30071350932121277,481.47161865234375,463.3653564453125,521.1646728515625,568.0921630859375,22.0,22.255405
38,11,9,traffic light,0.253320574760437,379.2190246582031,352.41009521484375,408.14447021484375,420.98785400390625,15.0,
39,0,2,car,0.8695433139801025,0.00597381591796875,476.691650390625,167.60887145996094,686.2379150390625,63.0,9.81422
39,1,0,person,0.8372372984886169,619.6112670898438,426.1158142089844,729.1656494140625,743.2821044921875,64.0,7.3486295
39,2,0,person,0.7532745003700256,1781.0694580078125,571.6051635742188,1919.4700927734375,1073.3414306640625,237.0,4.645344
39,3,2,car,0.7469019293785095,118.09952545166016,479.1136169433594,231.47232055664062,632.9722900390625,49.0,13.366378
39,4,16,dog,0.6342765688896179,492.10235595703125,615.4274291992188,554.4596557617188,737.2178344726562,70.0,
39,5,2,car,0.5730226039886475,264.908203125,485.50341796875,333.12725830078125,554.2128295898438,26.0,29.930882
39,6,0,person,0.537299394607544,410.5958251953125,465.0804748535156,457.8144226074219,575.5792846679688,28.0,21.092875
39,7,2,car,0.4609138071537018,159.274169921875,471.8908996582031,286.66204833984375,593.7396850585938,40.0,16.877748
39,8,0,person,0.353115439414978,487.6383361816406,459.45477294921875,530.77294921875,570.2350463867188,25.0,21.039284
39,9,0,person,0.3477707803249359,481.974609375,462.4289245605469,520.639404296875,567.60595703125,26.0,22.160137
39,10,2,car,0.3448948860168457,191.16192626953125,488.8812561035156,286.20697021484375,589.5938110351562,39.0,20.41983
39,11,9,traffic light,0.3172008693218231,380.25018310546875,351.9524230957031,410.10205078125,421.5178527832031,20.0,
40,0,2,car,0.8578736782073975,0.0,475.0867614746094,165.8382568359375,686.9126586914062,63.0,9.708601
40,1,0,person,0.8353196978569031,620.934814453125,426.4794616699219,730.6616821289062,742.8843383789062,63.0,7.3663135
40,2,0,person,0.7810139060020447,1764.862060546875,542.6372680664062,1919.42578125,1070.1541748046875,245.0,4.4183183
40,3,2,car,0.7517055869102478,116.02935791015625,478.4966125488281,230.98495483398438,633.6941528320312,48.0,13.251068
40,4,16,dog,0.6731900572776794,491.9034118652344,614.7857666015625,552.3798217773438,737.2201538085938,68.0,
40,5,2,car,0.5860318541526794,264.56939697265625,482.2845153808594,333.2431945800781,554.2307739257812,27.0,28.584297
40,6,0,person,0.5497859716415405,411.38836669921875,465.3478088378906,460.204833984375,574.5299072265625,28.0,21.34725
40,7,2,car,0.47497299313545227,160.0088348388672,471.61907958984375,286.4853210449219,594.7994384765625,40.0,16.695301
40,8,0,person,0.30221736431121826,481.8841552734375,462.5126953125,518.7346801757812,566.160888671875,27.0,22.487005
40,9,0,person,0.29591163992881775,487.0491027832031,458.51422119140625,528.185546875,569.712890625,25.0,20.960121
40,10,0,person,0.28348639607429504,1772.4246826171875,339.17999267578125,1919.6239013671875,1070.7447509765625,238.0,3.185962
40,11,9,traffic light,0.2712833881378174,381.9416198730469,351.7294006347656,409.7934265136719,419.9191589355469,21.0,
41,0,2,car,0.8641740083694458,0.0,474.75,161.07086181640625,688.2476806640625,57.0,9.632579
41,1,0,person,0.863094687461853,1734.9814453125,310.7212829589844,1919.4298095703125,1069.942626953125,230.0,3.0699053
41,2,0,person,0.8385415077209473,621.0087890625,427.9607849121094,731.1454467773438,740.9658203125,56.0,7.4463263
41,3,2,car,0.7586380243301392,111.28864288330078,477.8742370605469,230.82687377929688,633.83349609375,43.0,13.186349
41,4,16,dog,0.6157671809196472,491.66015625,614.3595581054688,549.83642578125,737.7769775390625,62.0,
41,5,2,car,0.6111899018287659,266.67095947265625,492.0755310058594,334.6972961425781,554.3002319335938,24.0,33.05011
41,6,0,person,0.5466998815536499,406.9908447265625,463.1305236816406,457.6750793457031,574.8020629882812,24.0,20.871367
41,7,2,car,0.41089287400245667,162.2632598876953,473.2769470214844,283.90478515625,596.617431640625,36.0,16.673626
41,8,0,person,0.3144533038139343,497.1549987792969,458.99542236328125,536.1131591796875,567.4931030273438,18.0,21.48191
41,9,0,person,0.314191609621048,486.6612854003906,457.5736083984375,529.9871215820312,569.5733642578125,23.0,20.810202
41,10,9,traffic light,0.303763747215271,380.9722595214844,351.7046203613281,409.83306884765625,419.7283935546875,18.0,
41,11,2,car,0.30067068338394165,260.3782653808594,473.95819091796875,333.5602111816406,554.9794311523438,24.0,25.382643
41,12,0,person,0.2923692464828491,479.5353088378906,461.85845947265625,516.5796508789062,566.3530883789062,24.0,22.304855
42,0,0,person,0.8946288228034973,1695.9580078125,277.1700439453125,1918.7783203125,1069.378173828125,227.0,2.9420774
42,1,2,car,0.8811397552490234,0.17324066162109375,472.5105285644531,158.2181854248047,687.7236938476562,55.0,9.555797
42,2,0,person,0.8315986394882202,625.4725341796875,426.4007263183594,733.1401977539062,743.0083618164062,54.0,7.361596
42,3,2,car,0.7726032137870789,100.3161392211914,474.22998046875,232.12692260742188,632.8273315429688,41.0,12.967009
42,4,0,person,0.5424057841300964,409.7171630859375,460.06695556640625,456.03277587890625,572.3596801757812,22.0,20.755909
42,5,2,car,0.5407350063323975,266.81488037109375,485.9213562011719,333.4875183105469,553.6615600585938,22.0,30.359123
42,6,16,dog,0.41206344962120056,491.2640075683594,613.7515869140625,552.0993041992188,732.7716064453125,59.0,
42,7,2,car,0.37249690294265747,212.2720184326172,491.59930419921875,284.10198974609375,588.4682006835938,30.0,21.230068
42,8,10,fire hydrant,0.37185385823249817,492.68695068359375,613.9330444335938,550.8880004882812,732.9627685546875,59.0,
42,9,9,traffic light,0.34647756814956665,381.0910949707031,349.1174011230469,408.8075866699219,417.3410339355469,18.0,
42,10,0,person,0.33492976427078247,504.61907958984375,458.58819580078125,540.17822265625,567.2010498046875,17.0,21.459131
42,11,0,person,0.3261556625366211,479.0039978027344,465.35943603515625,511.49102783203125,563.3698120117188,23.0,23.780518
42,12,0,person,0.29639163613319397,491.4162902832031,611.5303344726562,551.6509399414062,733.94970703125,59.0,19.03896
42,13,2,car,0.2961950898170471,165.0762481689453,481.40679931640625,284.44683837890625,585.4599609375,34.0,19.764256
42,14,0,person,0.2913578450679779,492.03204345703125,457.69097900390625,530.3695678710938,567.131103515625,22.0,21.296919
43,0,0,person,0.893040120601654,1644.1494140625,282.7144775390625,1918.762939453125,1068.2572021484375,225.0,2.967041
43,1,2,car,0.8610475659370422,0.03270721435546875,470.03741455078125,152.4838409423828,686.9102783203125,54.0,9.482667
43,2,0,person,0.8345710039138794,626.2171020507812,421.71221923828125,732.723876953125,742.9191284179688,53.0,7.2561874
43,3,2,car,0.6915918588638306,93.93340301513672,471.6416931152344,233.2415008544922,631.6119384765625,40.0,12.855723
43,4,2,car,0.5697261691093445,258.7420349121094,481.6885070800781,328.8051452636719,550.5419921875,22.0,29.868252
43,5,0,person,0.4625437259674072,403.4542236328125,457.1747131347656,452.97967529296875,570.9256591796875,21.0,20.48983
43,6,10,fire hydrant,0.4425290524959564,489.65386962890625,614.3082275390625,552.9552612304688,733.3770141601562,57.0,
43,7,16,dog,0.4198681116104126,488.8640441894531,614.886474609375,554.3624877929688,733.430419921875,57.0,
43,8,2,car,0.4077329635620117,153.3035430908203,468.9169921875,277.5908203125,593.0367431640625,35.0,16.568945
43,9,0,person,0.35258281230926514,483.2208557128906,457.03985595703125,525.450439453125,564.2554321289062,21.0,21.738796
43,10,0,person,0.32711976766586304,476.45416259765625,462.80377197265625,509.26739501953125,561.3316040039062,20.0,23.655626
43,11,0,person,0.30298128724098206,496.338623046875,457.9488830566406,532.118896484375,564.9136962890625,20.0,21.789759
43,12,2,car,0.30070316791534424,157.45916748046875,464.340087890625,309.0551452636719,573.0546264648438,29.0,18.916819
43,13,2,car,0.2903810441493988,208.78587341308594,473.3628234863281,278.6233825683594,588.6908569335938,29.0,17.832031
43,14,0,person,0.2735752463340759,505.5609130859375,458.1484680175781,538.2152099609375,564.9873657226562,20.0,21.81544
44,0,0,person,0.9114523530006409,1583.8377685546875,288.75897216796875,1918.8248291015625,1069.8780517578125,224.0,2.983844
44,1,2,car,0.8697965741157532,0.035991668701171875,463.4744567871094,146.07020568847656,687.8209228515625,54.0,9.166774
44,2,0,person,0.822187066078186,617.588623046875,419.46533203125,729.6046142578125,738.6141967773438,53.0,7.3029795
44,3,2,car,0.668828010559082,85.70166778564453,469.7469177246094,220.4811553955078,630.0244140625,42.0,12.831079
44,4,16,dog,0.6289151906967163,483.0003662109375,613.6302490234375,553.5741577148438,730.8318481445312,57.0,
44,5,2,car,0.5701299905776978,255.28170776367188,476.84527587890625,326.400146484375,549.605224609375,25.0,28.264633
44,6,0,person,0.5350167751312256,399.66259765625,455.08953857421875,448.152587890625,570.0665893554688,25.0,20.271328
44,7,0,person,0.4839872419834137,470.2572326660156,456.03765869140625,507.046142578125,562.757080078125,24.0,21.839863
44,8,0,person,0.37578916549682617,506.1029052734375,456.269287109375,536.1226806640625,561.1845703125,23.0,22.215424
44,9,0,person,0.3318388760089874,473.0373229980469,456.1427307128906,519.7615966796875,562.4491577148438,24.0,21.92471
44,10,2,car,0.3116144835948944,132.36593627929688,470.9499206542969,270.04046630859375,598.8893432617188,39.0,16.074272
44,11,7,truck,0.2895489037036896,19.87841033935547,411.8163757324219,109.4989013671875,468.8735046386719,22.0,
45,0,0,person,0.9263077974319458,1519.6922607421875,296.55908203125,1918.8570556640625,1069.463134765625,226.0,3.0155587
45,1,2,car,0.858221709728241,0.00020599365234375,463.6866760253906,137.6566925048828,684.2426147460938,50.0,9.324316
45,2,0,person,0.8172892928123474,617.9606323242188,416.268310546875,726.97265625,738.7520141601562,48.0,7.2274585
45,3,16,dog,0.7344846129417419,479.3280944824219,615.60302734375,547.64599609375,730.7862548828125,53.0,
45,4,2,car,0.7294253706932068,75.59523010253906,473.033935546875,215.9962921142578,631.090576171875,37.0,13.011369
45,5,0,person,0.5781577229499817,398.3727722167969,453.80181884765625,437.0790710449219,566.0194702148438,20.0,20.769794
45,6,2,car,0.5425267219543457,242.4680938720703,473.71929931640625,315.0704040527344,549.40869140625,20.0,27.170692
45,7,0,person,0.4390639662742615,462.6471862792969,454.7198486328125,494.6390075683594,559.4834594726562,18.0,22.247587
45,8,0,person,0.4021705985069275,465.2877502441406,449.8177185058594,502.5958557128906,563.4315185546875,18.0,20.514565
45,9,2,car,0.36060214042663574,137.89454650878906,465.98101806640625,272.2840576171875,589.9149169921875,31.0,16.59379
45,10,0,person,0.33655381202697754,481.229736328125,454.12091064453125,520.5444946289062,563.3616943359375,18.0,21.335781
45,11,0,person,0.331256628036499,501.29736328125,457.7303466796875,526.6659545898438,562.6924438476562,19.0,22.205517
45,12,2,car,0.30044490098953247,211.1546173095703,501.9590148925781,270.8926696777344,584.94091796875,26.0,24.782911
45,13,7,truck,0.26818403601646423,14.157840728759766,412.0998229980469,101.22863006591797,468.1826477050781,17.0,
46,0,0,person,0.9341617226600647,1472.6492919921875,304.5511779785156,1919.0970458984375,1070.2144775390625,232.0,3.0440762
46,1,2,car,0.8787269592285156,0.0,471.54034423828125,124.84453582763672,685.1766357421875,53.0,9.626328
46,2,0,person,0.8528227210044861,608.9647216796875,414.8561096191406,725.638427734375,737.5201416015625,50.0,7.223419
46,3,2,car,0.691737949848175,65.78368377685547,470.2788391113281,222.88844299316406,621.430908203125,39.0,13.605723
46,4,0,person,0.6270151734352112,391.17132568359375,454.24365234375,429.3394775390625,563.84912109375,21.0,21.264793
46,5,16,dog,0.624665379524231,469.4059753417969,614.5123291015625,540.263916015625,730.6030883789062,56.0,
46,6,0,person,0.46771755814552307,454.88043212890625,455.9335632324219,486.3023376464844,558.005859375,19.0,22.834183
46,7,0,person,0.4498843252658844,485.8467712402344,455.5848083496094,516.1017456054688,560.8986206054688,18.0,22.131357
46,8,2,car,0.3985665440559387,236.0774688720703,471.8785400390625,306.7392272949219,549.1276245117188,20.0,26.622105
46,9,0,person,0.27038440108299255,470.3514709472656,454.7676086425781,513.306640625,558.9803466796875,19.0,22.365189
46,10,7,truck,0.26841989159584045,7.245735168457031,407.77935791015625,94.25125885009766,467.90643310546875,16.0,
46,11,0,person,0.26014432311058044,491.57464599609375,456.2749328613281,520.9301147460938,558.8959350585938,18.0,22.712091
47,0,0,person,0.9395022392272949,1416.31884765625,281.7293701171875,1919.0789794921875,1070.2303466796875,234.0,2.9559095
47,1,2,car,0.8797258138656616,0.0,464.361328125,115.92469787597656,693.3499145507812,56.0,8.980942
47,2,0,person,0.8574070334434509,604.9552612304688,406.0821533203125,719.7448120117188,737.9103393554688,52.0,7.0239286
47,3,2,car,0.7548946142196655,48.801109313964844,466.9468078613281,192.5978546142578,630.1082153320312,42.0,12.604287
47,4,10,fire hydrant,0.5789459347724915,466.8391418457031,612.23583984375,527.783935546875,726.2334594726562,58.0,
47,5,0,person,0.5475857257843018,477.02874755859375,452.2277526855469,511.82373046875,557.839111328125,18.0,22.069004
47,6,2,car,0.5399764776229858,118.89754486083984,464.2039489746094,252.29042053222656,591.2824096679688,35.0,16.183176
47,7,2,car,0.48813775181770325,228.31768798828125,467.2513732910156,299.1394958496094,547.4703979492188,21.0,25.636477
47,8,0,person,0.45541003346443176,380.70452880859375,450.8500671386719,426.4624328613281,563.3231201171875,21.0,20.722631
47,9,0,person,0.43656209111213684,465.51007080078125,611.6195068359375,531.21435546875,729.0814819335938,58.0,19.842485
47,10,26,handbag,0.4215191900730133,1533.9066162109375,815.4305419921875,1694.0009765625,1080.0,237.0,
47,11,0,person,0.3635903596878052,452.0362243652344,454.0198059082031,483.3523864746094,558.8599243164062,19.0,22.231352
47,12,7,truck,0.2514263391494751,2.295135498046875,409.54376220703125,84.81390380859375,468.0552978515625,17.0,
48,0,0,person,0.9402223229408264,1382.6654052734375,252.96487426757812,1918.9417724609375,1069.4234619140625,231.0,2.8546915
48,1,0,person,0.8722739219665527,598.9030151367188,403.9336853027344,713.0372314453125,739.3505859375,51.0,6.9487777
48,2,2,car,0.8485847115516663,0.0,459.6495666503906,106.81736755371094,694.7891845703125,57.0,8.746009
48,3,2,car,0.7770058512687683,46.0426025390625,465.4853210449219,185.6358642578125,628.5700073242188,42.0,12.610216
48,4,0,person,0.5307873487472534,466.33392333984375,444.39385986328125,504.6757507324219,558.4502563476562,19.0,20.434958
48,5,0,person,0.4639618396759033,375.3694152832031,451.8783264160156,414.8544616699219,558.7341918945312,21.0,21.811975
48,6,2,car,0.4527173340320587,220.78024291992188,466.99273681640625,291.1187438964844,547.4989013671875,22.0,25.54504
48,7,16,dog,0.39926809072494507,460.1450500488281,608.388671875,529.810791015625,727.2363891601562,58.0,
48,8,10,fire hydrant,0.3691833019256592,460.6064758300781,607.536865234375,525.7416381835938,726.3464965820312,58.0,
48,9,0,person,0.36913174390792847,448.62249755859375,446.75262451171875,495.07525634765625,558.47900390625,20.0,20.861122
48,10,2,car,0.3574967682361603,126.1109390258789,470.7230529785156,245.9044647216797,590.3890380859375,36.0,17.185612
48,11,0,person,0.32673224806785583,444.3489074707031,447.3160400390625,483.8716735839844,558.2228393554688,20.0,21.015282
48,12,7,truck,0.26351699233055115,215.77757263183594,461.46826171875,291.30242919921875,549.9230346679688,22.0,
49,0,0,person,0.9394241571426392,1357.62255859375,237.65020751953125,1919.2628173828125,1069.84033203125,236.0,2.8007271
49,1,0,person,0.8462918400764465,594.9542236328125,400.0264892578125,712.48779296875,738.3826904296875,53.0,6.888414
49,2,2,car,0.7686693072319031,0.14452743530273438,457.36041259765625,98.94163513183594,695.1728515625,58.0,8.647711
49,3,2,car,0.7500268816947937,41.82572937011719,464.8988342285156,180.89991760253906,628.1241455078125,41.0,12.599352
49,4,0,person,0.597760021686554,370.4504089355469,448.9419250488281,409.17144775390625,558.4409790039062,22.0,21.285458
49,5,2,car,0.5929353833198547,213.0344696044922,466.3166198730469,285.7676086425781,545.2273559570312,21.0,26.061514
49,6,10,fire hydrant,0.5022676587104797,455.2394104003906,603.23193359375,518.22119140625,725.5171508789062,59.0,
49,7,0,person,0.47052308917045593,451.53424072265625,445.12335205078125,491.8715515136719,556.5652465820312,20.0,20.914375
49,8,2,car,0.37074363231658936,120.61296844482422,474.0655517578125,238.69049072265625,579.78662109375,34.0,19.452444
49,9,0,person,0.36227214336395264,464.16973876953125,443.5670471191406,498.83380126953125,556.1380615234375,19.0,20.704597
49,10,0,person,0.34713029861450195,438.7037658691406,445.5645446777344,486.48358154296875,557.530517578125,20.0,20.81648
49,11,7,truck,0.27058637142181396,0.0,406.62872314453125,76.47651672363281,463.1810302734375,18.0,
49,12,0,person,0.2698218524456024,454.70709228515625,603.31494140625,520.0775756835938,727.118408203125,59.0,18.826109
50,0,0,person,0.9366844892501831,1342.4901123046875,231.71768188476562,1918.8819580078125,1069.2003173828125,242.0,2.783028
50,1,0,person,0.8524438738822937,592.8239135742188,400.5288391113281,713.3139038085938,733.72119140625,58.0,6.995171
50,2,2,car,0.788184642791748,0.23788833618164062,467.9442443847656,91.24048614501953,695.8804931640625,65.0,9.022406
50,3,2,car,0.7393021583557129,29.868896484375,466.02264404296875,170.97825622558594,629.1504516601562,47.0,12.606883
50,4,0,person,0.6509628295898438,453.025634765625,445.7606506347656,491.1807861328125,554.5320434570312,25.0,21.427855
50,5,0,person,0.6489155292510986,367.0881042480469,445.7798767089844,405.6148681640625,557.5822143554688,27.0,20.846949
50,6,2,car,0.5673468708992004,125.34615325927734,466.9930419921875,226.47779846191406,595.102294921875,38.0,16.052963
50,7,2,car,0.45875778794288635,210.57208251953125,462.9464111328125,280.3468322753906,544.0350952148438,26.0,25.361532
50,8,0,person,0.37573033571243286,428.1900329589844,448.8137512207031,461.0915222167969,553.5899658203125,25.0,22.244911
50,9,0,person,0.3308856189250946,436.8014221191406,446.4605712890625,488.8800048828125,557.475830078125,25.0,20.99475
50,10,16,dog,0.3027850091457367,454.71771240234375,604.2495727539062,514.445068359375,722.6136474609375,65.0,
50,11,9,traffic light,0.2904082238674164,336.0398254394531,337.010009765625,365.24468994140625,401.2544860839844,16.0,
50,12,7,truck,0.27455243468284607,0.0,404.5287780761719,74.37991333007812,460.0688781738281,22.0,
50,13,10,fire hydrant,0.2671356499195099,454.93450927734375,602.8731079101562,514.919677734375,723.5830078125,65.0,
51,0,0,person,0.939751386642456,1321.998779296875,233.64019775390625,1918.866943359375,1069.3828125,241.0,2.7888222
51,1,0,person,0.872506856918335,590.886474609375,400.1351623535156,707.773681640625,731.1292114257812,57.0,7.04163
51,2,2,car,0.7568235993385315,0.3962574005126953,465.0116271972656,84.58428955078125,697.16455078125,64.0,8.858528
51,3,2,car,0.7408992648124695,22.647794723510742,460.8006591796875,172.4442596435547,629.23779296875,45.0,12.2095
51,4,0,person,0.6850091218948364,365.419677734375,442.7778625488281,405.3464660644531,556.9677124023438,25.0,20.411076
51,5,0,person,0.5979692935943604,452.675537109375,440.80645751953125,488.533447265625,551.4468994140625,23.0,21.065874
51,6,2,car,0.5572043657302856,206.3719940185547,462.4888916015625,276.8236389160156,539.97607421875,24.0,26.540302
51,7,2,car,0.4524098038673401,122.54196166992188,465.6936950683594,220.45565795898438,590.8242797851562,36.0,16.435097
51,8,0,person,0.3426740765571594,426.8716125488281,442.1464538574219,460.7813720703125,549.3433227539062,24.0,21.74259
51,9,0,person,0.33679163455963135,435.6693420410156,439.8790283203125,485.8158874511719,552.3417358398438,23.0,20.724537
51,10,9,traffic light,0.3253607451915741,335.0104064941406,335.7104187011719,363.0765380859375,400.7243957519531,14.0,
51,11,16,dog,0.31125882267951965,452.1643981933594,602.719482421875,514.262939453125,721.445556640625,63.0,
51,12,7,truck,0.28582459688186646,261.3825378417969,332.5925598144531,363.06719970703125,542.0872192382812,13.0,
51,13,2,car,0.2549457252025604,111.97511291503906,451.4725341796875,280.67449951171875,546.5167846679688,30.0,21.63764
52,0,0,person,0.9371439814567566,1310.4139404296875,252.91561889648438,1919.16064453125,1069.725830078125,243.0,2.853463
52,1,0,person,0.8737511038780212,588.7044067382812,400.4162292480469,705.0154418945312,731.3383178710938,58.0,7.043161
52,2,2,car,0.7568696141242981,0.38019561767578125,453.70037841796875,79.57083129882812,695.44775390625,65.0,8.506951
52,3,2,car,0.7066642642021179,13.018821716308594,458.5101318359375,172.91294860839844,629.545654296875,45.0,12.024013
52,4,2,car,0.6526126861572266,204.1337127685547,459.8934631347656,275.6788635253906,538.5692138671875,23.0,26.139353
52,5,0,person,0.6067683696746826,450.1994323730469,442.2679138183594,487.9116516113281,550.0260009765625,22.0,21.62935
52,6,0,person,0.6062286496162415,361.9219055175781,442.212158203125,410.3534851074219,555.0743408203125,25.0,20.651182
52,7,9,traffic light,0.5068357586860657,332.9971008300781,331.83453369140625,362.731201171875,403.1195068359375,12.0,
52,8,2,car,0.49549853801727295,121.85918426513672,466.4698791503906,208.44580078125,589.1891479492188,37.0,16.75803
52,9,2,car,0.35203930735588074,109.38088989257812,450.62677001953125,280.89306640625,549.94775390625,31.0,20.705929
52,10,2,car,0.31122079491615295,107.34940338134766,451.49578857421875,259.4192199707031,575.4255981445312,34.0,16.59434
52,11,2,car,0.2970665991306305,178.71826171875,479.82086181640625,226.048828125,573.4155883789062,33.0,21.972746
52,12,16,dog,0.2913435697555542,451.2679138183594,601.8338012695312,512.6527099609375,719.7367553710938,64.0,
52,13,0,person,0.28220945596694946,425.38568115234375,443.85882568359375,458.57958984375,546.5612182617188,22.0,22.694092
53,0,0,person,0.9474947452545166,1292.5572509765625,279.58575439453125,1919.6715087890625,1070.188232421875,243.0,2.9480524
53,1,0,person,0.8618890047073364,585.9332885742188,399.830322265625,703.3591918945312,730.17822265625,56.0,7.0554028
53,2,2,car,0.7876964211463928,0.33530616760253906,453.5257873535156,72.05874633789062,695.1427001953125,64.0,8.511545
53,3,2,car,0.7468773126602173,7.66461181640625,455.64495849609375,163.59140014648438,629.7777099609375,45.0,11.810146
53,4,2,car,0.666023850440979,198.5192413330078,456.00274658203125,271.2987060546875,537.5789794921875,24.0,25.209955
53,5,0,person,0.6164693832397461,451.8047790527344,439.5369873046875,488.3082275390625,546.9788818359375,22.0,21.693005
53,6,0,person,0.49866223335266113,359.71319580078125,442.7461853027344,401.5627746582031,551.0563354492188,24.0,21.519106
53,7,2,car,0.4480642080307007,105.99266052246094,455.6294250488281,221.50682067871094,582.9810180664062,36.0,16.148468
53,8,0,person,0.39123064279556274,420.8993225097656,440.8308410644531,457.7861022949219,546.750732421875,21.0,22.00472
53,9,2,car,0.31201449036598206,107.99844360351562,450.5716552734375,274.41192626953125,541.2872314453125,30.0,22.670122
53,10,0,person,0.29162266850471497,443.57208251953125,439.9963073730469,482.6375427246094,546.84814453125,22.0,21.812798
53,11,0,person,0.2856515049934387,414.8586730957031,443.95147705078125,450.0826721191406,544.720458984375,21.0,23.129513
53,12,16,dog,0.28543320298194885,452.1587219238281,598.5814208984375,518.1336059570312,718.7794189453125,63.0,
53,13,9,traffic light,0.25189492106437683,331.2978820800781,331.7210998535156,362.2016906738281,396.0605163574219,11.0,
54,0,0,person,0.9453070163726807,1276.8177490234375,300.473876953125,1919.853515625,1070.5616455078125,238.0,3.026587
54,1,0,person,0.8598966002464294,589.4749145507812,401.38751220703125,702.1586303710938,732.4960327148438,54.0,7.0391955
54,2,2,car,0.8216493129730225,7.883983612060547,453.14666748046875,160.1986541748047,629.9031372070312,43.0,11.63484
54,3,2,car,0.790357232093811,0.10586929321289062,443.5350036621094,67.89018249511719,697.2217407226562,62.0,8.1065855
54,4,2,car,0.6910046935081482,196.96234130859375,454.8037109375,271.8382873535156,536.0919189453125,23.0,25.29928
54,5,0,person,0.638268768787384,451.3653259277344,437.2365417480469,487.6960144042969,545.6572265625,21.0,21.497168
54,6,2,car,0.5145418047904968,105.57618713378906,456.1043701171875,218.11001586914062,584.7662353515625,36.0,15.984015
54,7,0,person,0.4775125980377197,361.067138671875,437.69488525390625,408.45867919921875,550.7444458007812,23.0,20.616953
54,8,9,traffic light,0.4708417057991028,331.8144836425781,330.1165771484375,360.60955810546875,394.43621826171875,11.0,
54,9,2,car,0.44563421607017517,117.16797637939453,469.17041015625,202.2589111328125,587.95751953125,36.0,17.312763
54,10,2,car,0.3923356235027313,106.40267944335938,447.30999755859375,274.1676940917969,539.4977416992188,27.0,22.308098
54,11,0,person,0.38854920864105225,416.81085205078125,437.1795959472656,452.8010559082031,526.0405883789062,20.0,26.229029
54,12,0,person,0.3170974552631378,411.534423828125,435.2518615722656,450.9356994628906,543.455810546875,20.0,21.540226
54,13,2,car,0.28931939601898193,104.3470230102539,447.7872009277344,251.52197265625,573.1109619140625,34.0,16.409763
55,0,0,person,0.944663941860199,1265.4140625,314.70941162109375,1920.0,1070.9228515625,243.0,3.0821161
55,1,0,person,0.8571088314056396,589.5367431640625,399.57550048828125,703.4503173828125,732.3162231445312,57.0,7.004666
55,2,2,car,0.8207538723945618,2.868541717529297,448.9415588378906,154.2939910888672,627.2018432617188,46.0,11.536688
55,3,2,car,0.785348653793335,0.17960357666015625,456.8473205566406,62.43438720703125,699.98876953125,68.0,8.458177
55,4,2,car,0.5591471195220947,193.3838348388672,454.311767578125,269.2757873535156,533.683837890625,24.0,25.910036
55,5,0,person,0.5524306297302246,448.4242248535156,444.93621826171875,484.6163024902344,542.93505859375,23.0,23.783318
55,6,10,fire hydrant,0.4224337637424469,455.1455383300781,591.8203125,521.2572021484375,719.519775390625,64.0,
55,7,2,car,0.41266167163848877,98.46691131591797,457.19586181640625,208.73606872558594,588.2774047851562,40.0,15.688961
55,8,0,person,0.39221784472465515,358.6058654785156,439.00140380859375,401.4461364746094,548.5198974609375,25.0,21.281681
55,9,9,traffic light,0.3513731360435486,329.7608642578125,328.34381103515625,358.8750305175781,391.45733642578125,12.0,
56,0,0,person,0.9346480369567871,1260.0194091796875,304.3439025878906,1886.801513671875,1071.0489501953125,243.0,3.03994
56,1,2,car,0.8610777258872986,1.4467735290527344,448.1419372558594,152.8879852294922,626.8125610351562,46.0,11.510192
56,2,0,person,0.8496560454368591,586.554443359375,395.92620849609375,704.7390747070312,729.8384399414062,57.0,6.98009
56,3,2,car,0.7654477953910828,0.21706581115722656,468.04718017578125,58.370479583740234,697.5171508789062,67.0,8.962102
56,4,0,person,0.5403111577033997,447.6534118652344,443.2033996582031,484.4964294433594,542.8995361328125,21.0,23.378414
56,5,2,car,0.5082088112831116,190.92333984375,455.3408203125,266.9576110839844,531.710693359375,23.0,26.928593
56,6,0,person,0.47725021839141846,357.9782409667969,438.11370849609375,399.96746826171875,547.1969604492188,24.0,21.366594
56,7,2,car,0.42425742745399475,92.57352447509766,453.6788635253906,209.0122833251953,587.7379760742188,39.0,15.340495
56,8,2,car,0.33752867579460144,91.16033935546875,445.59716796875,266.0630798339844,533.1673583984375,29.0,23.484398
56,9,10,fire hydrant,0.30760934948921204,454.9947509765625,589.3306884765625,523.1076049804688,720.21630859375,64.0,
56,10,2,car,0.3004525303840637,90.45195007324219,440.23480224609375,267.02996826171875,569.1141357421875,35.0,15.957044
56,11,16,dog,0.2651478052139282,456.3252258300781,590.0458984375,539.7188720703125,722.726318359375,64.0,
56,12,0,person,0.2533385455608368,410.3815612792969,435.251708984375,438.4514465332031,508.8508605957031,21.0,31.667995
57,0,0,person,0.9265637397766113,1254.24169921875,284.34356689453125,1847.2423095703125,1070.3455810546875,242.0,2.9653072
57,1,2,car,0.8998557329177856,0.5368537902832031,448.1587829589844,151.88023376464844,628.5678100585938,47.0,11.3992815
57,2,0,person,0.850035548210144,587.0968017578125,394.3443603515625,705.8972778320312,727.0977172851562,59.0,7.0044
57,3,2,car,0.7488350868225098,0.2259521484375,465.6830749511719,55.63055419921875,704.5942993164062,69.0,8.607939
57,4,2,car,0.5424437522888184,188.78375244140625,453.5438537597656,265.75286865234375,530.8212890625,23.0,26.612337
57,5,0,person,0.530746579170227,446.7264404296875,441.25469970703125,483.16314697265625,541.7449951171875,22.0,23.193659
57,6,16,dog,0.5107372999191284,455.1522216796875,589.6893310546875,527.3690795898438,719.3589477539062,67.0,
57,7,2,car,0.44138506054878235,91.66504669189453,452.7622375488281,206.97007751464844,587.8958740234375,40.0,15.218514
57,8,0,person,0.3772071301937103,362.5461120605469,433.834716796875,399.82025146484375,546.0232543945312,24.0,20.775185
57,9,0,person,0.3214458227157593,407.4134216308594,432.05914306640625,437.7633361816406,513.9970092773438,22.0,28.445183
58,0,0,person,0.9300786256790161,1234.107421875,259.52508544921875,1814.098388671875,1069.6375732421875,245.0,2.8770542
58,1,2,car,0.892393171787262,0.3969268798828125,447.80401611328125,151.46539306640625,629.1392211914062,49.0,11.341059
58,2,0,person,0.8576794862747192,588.2415771484375,391.74920654296875,703.8909301757812,726.7311401367188,61.0,6.957801
58,3,2,car,0.7241713404655457,0.1713581085205078,470.46954345703125,50.86903381347656,712.5970458984375,71.0,8.493596
58,4,2,car,0.5615247488021851,189.58021545410156,454.7782287597656,264.6050109863281,530.59228515625,25.0,27.126015
58,5,0,person,0.5299129486083984,447.3689880371094,436.76092529296875,480.600341796875,536.920166015625,22.0,23.270319
58,6,2,car,0.491384357213974,91.5826644897461,452.1345520019531,208.00071716308594,588.1441650390625,41.0,15.120499
58,7,16,dog,0.4312286972999573,455.0552673339844,591.313720703125,525.6865234375,717.757568359375,68.0,
58,8,0,person,0.4094979465007782,356.1872863769531,435.3316955566406,397.92242431640625,545.519775390625,24.0,21.152357
58,9,0,person,0.3014662265777588,405.4122619628906,430.5542907714844,438.0515441894531,532.3759155273438,23.0,22.890398
59,0,0,person,0.9145519733428955,1212.8109130859375,245.90899658203125,1773.988037109375,1069.7156982421875,244.0,2.8292286
59,1,2,car,0.8930567502975464,0.0,450.013916015625,147.1679229736328,630.7447509765625,52.0,11.3789835
59,2,0,person,0.8524529933929443,588.7271728515625,384.04937744140625,702.9302368164062,723.1323852539062,64.0,6.873649
59,3,2,car,0.6916821599006653,0.2649707794189453,484.9610595703125,45.542911529541016,720.7450561523438,73.0,8.722107
59,4,0,person,0.5787122249603271,447.9413757324219,436.61419677734375,482.391845703125,535.738037109375,23.0,23.51339
59,5,2,car,0.5444067716598511,90.4544448852539,450.4611511230469,203.3701171875,588.4171752929688,43.0,14.907165
59,6,0,person,0.46521231532096863,356.3324279785156,432.8594055175781,397.7657775878906,545.588623046875,25.0,20.67554
59,7,2,car,0.45816853642463684,184.68704223632812,457.7423400878906,261.971923828125,529.6411743164062,26.0,28.603151
59,8,0,person,0.3684803545475006,405.3600769042969,430.0198974609375,440.42083740234375,539.1670532226562,24.0,21.354084
59,9,2,car,0.25398898124694824,88.21395874023438,441.1600341796875,263.8487243652344,558.6655883789062,37.0,17.501583
60,0,0,person,0.9057438373565674,1179.0931396484375,243.20114135742188,1751.3446044921875,1070.1602783203125,247.0,2.8184435
60,1,2,car,0.855553388595581,0.0,449.67901611328125,145.00363159179688,628.8139038085938,53.0,11.480361
60,2,0,person,0.8351228833198547,587.792724609375,382.4594421386719,705.5381469726562,723.0625,66.0,6.842973
60,3,2,car,0.6549229025840759,0.1468963623046875,501.2546081542969,41.395957946777344,715.5177612304688,75.0,9.5981655
60,4,0,person,0.6377031207084656,445.1700439453125,435.13458251953125,483.3486328125,536.3016967773438,24.0,23.03849
60,5,2,car,0.5709980726242065,87.01554107666016,449.511474609375,202.39202880859375,588.6029663085938,44.0,14.785471
60,6,2,car,0.5189159512519836,182.74337768554688,454.9140930175781,262.1261901855469,530.1912231445312,27.0,27.319496
60,7,0,person,0.5031111836433411,356.04339599609375,431.7379150390625,400.9924011230469,544.5472412109375,26.0,20.660858
60,8,0,person,0.500514030456543,402.8262634277344,425.78009033203125,444.4789123535156,539.97216796875,25.0,20.410677
61,0,0,person,0.9282332062721252,1152.3699951171875,245.15496826171875,1722.3905029296875,1070.8382568359375,246.0,2.8227985
61,1,0,person,0.8542967438697815,587.7222900390625,378.6340026855469,704.9920043945312,722.6810913085938,68.0,6.7744727
61,2,2,car,0.8337138891220093,0.4704322814941406,445.22186279296875,144.54458618164062,624.0655517578125,54.0,11.499054
61,3,0,person,0.6121875643730164,445.8518371582031,432.11737060546875,483.2165222167969,534.2026977539062,24.0,22.831268
61,4,2,car,0.6030775904655457,0.4821338653564453,501.3507385253906,40.26533889770508,713.0191650390625,77.0,9.715824
61,5,2,car,0.5380460619926453,87.04666900634766,448.2232360839844,204.0237579345703,587.896240234375,43.0,14.723913
61,6,2,car,0.5323339700698853,183.94607543945312,451.16943359375,263.07867431640625,528.7662353515625,27.0,26.50281
61,7,0,person,0.47309136390686035,356.722900390625,429.8057861328125,401.96356201171875,541.2368774414062,26.0,20.916403
61,8,0,person,0.4390566647052765,404.07421875,425.1145935058594,443.4832763671875,538.1695556640625,25.0,20.615969
61,9,10,fire hydrant,0.37628811597824097,456.3851623535156,597.8300170898438,517.9056396484375,714.5718383789062,73.0,
62,0,0,person,0.9214417934417725,1117.64111328125,264.15179443359375,1691.9056396484375,1070.584716796875,238.0,2.8901815
62,1,0,person,0.8541660308837891,586.2975463867188,379.2257080078125,707.4468994140625,727.0358276367188,64.0,6.701178
62,2,2,car,0.8198925852775574,0.2393646240234375,447.8741455078125,143.7805633544922,626.734130859375,52.0,11.498006
62,3,2,car,0.5985859036445618,86.28096771240234,449.7433776855469,203.86248779296875,590.2899780273438,42.0,14.632394
62,4,0,person,0.5504817366600037,444.3166809082031,432.30889892578125,482.0845642089844,536.5404052734375,22.0,22.361162
62,5,2,car,0.48477497696876526,179.80581665039062,455.2291259765625,260.9355773925781,530.2027587890625,26.0,27.430086
62,6,10,fire hydrant,0.4002269208431244,455.5075378417969,598.3577880859375,516.0513305664062,714.124755859375,69.0,
62,7,2,car,0.3682691156864166,0.4496955871582031,506.5238342285156,36.49668884277344,714.4293823242188,70.0,9.89167
62,8,0,person,0.34952881932258606,354.89483642578125,433.5033874511719,399.7039489746094,540.92822265625,25.0,21.69645
62,9,0,person,0.30497604608535767,403.08270263671875,429.3416748046875,437.03338623046875,512.49609375,23.0,28.029028
62,10,2,car,0.29121115803718567,84.27044677734375,435.8851623535156,261.72296142578125,532.31103515625,32.0,21.327608
62,11,9,traffic light,0.2887309789657593,326.9884033203125,319.3742980957031,356.2383117675781,381.33892822265625,15.0,
62,12,0,person,0.28052565455436707,400.8680725097656,429.27117919921875,438.4711608886719,537.1329345703125,24.0,21.608562
62,13,0,person,0.2664033770561218,437.66912841796875,434.6670227050781,474.19921875,537.3908081054688,23.0,22.689365
63,0,0,person,0.9239348769187927,1083.9251708984375,289.7991943359375,1670.4200439453125,1069.9215087890625,242.0,2.9876566
63,1,0,person,0.8654037117958069,588.6953735351562,378.0281982421875,710.1734008789062,724.0552368164062,67.0,6.735709
63,2,2,car,0.8332269191741943,0.4622039794921875,447.254150390625,142.06211853027344,630.0855102539062,56.0,11.248252
63,3,2,car,0.5869415402412415,84.90261840820312,448.7128601074219,204.08441162109375,591.4237670898438,46.0,14.410483
63,4,0,person,0.5070401430130005,440.3536682128906,432.4452209472656,479.5169982910156,538.0806884765625,27.0,22.063969
63,5,10,fire hydrant,0.4611301124095917,457.8450622558594,595.7210693359375,524.7442626953125,717.0731201171875,72.0,
63,6,0,person,0.4550657868385315,355.7958984375,431.1821594238281,402.1944580078125,541.2841186523438,29.0,21.168901
63,7,2,car,0.45403945446014404,178.49993896484375,456.32403564453125,261.2572021484375,530.5897827148438,30.0,27.691544
63,8,9,traffic light,0.33366695046424866,327.6101989746094,319.4587097167969,356.403076171875,381.8908996582031,19.0,
63,9,2,car,0.31736767292022705,84.2391128540039,435.3426208496094,262.7168884277344,532.1846313476562,35.0,21.235962
63,10,0,person,0.31613853573799133,404.212646484375,428.5794982910156,437.4591064453125,502.9500732421875,27.0,31.339512
63,11,2,car,0.29241132736206055,0.08240604400634766,521.9365234375,27.375160217285156,719.1055908203125,75.0,10.430304
63,12,16,dog,0.2722647488117218,457.22711181640625,596.1187744140625,528.1704711914062,717.8153686523438,72.0,
63,13,0,person,0.2680266499519348,401.9164123535156,428.197998046875,438.1685485839844,529.2410888671875,28.0,23.066769
64,0,0,person,0.9397413730621338,1052.9967041015625,305.5243835449219,1648.0352783203125,1070.646728515625,241.0,3.0462286
64,1,0,person,0.8831992745399475,590.1509399414062,381.20928955078125,713.1947021484375,723.9215698242188,64.0,6.800858
64,2,2,car,0.8358733654022217,0.4794960021972656,446.224853515625,139.89895629882812,630.0394897460938,52.0,11.188082
64,3,2,car,0.556259274482727,83.00889587402344,445.7154235839844,203.3682861328125,592.6528930664062,43.0,13.9959755
64,4,0,person,0.5416769981384277,440.24066162109375,432.1607971191406,479.2795715332031,537.8583374023438,23.0,22.05101
64,5,16,dog,0.46767908334732056,457.1230773925781,594.6295776367188,521.5311279296875,718.0653686523438,69.0,
64,6,2,car,0.46491360664367676,179.40306091308594,454.32550048828125,261.7654724121094,530.2936401367188,26.0,27.070995
64,7,0,person,0.4168131351470947,358.1955871582031,431.906982421875,401.5611877441406,540.9768676757812,25.0,21.369213
64,8,2,car,0.31585898995399475,82.70777893066406,433.31231689453125,262.96636962890625,531.9091186523438,29.0,20.858011
64,9,2,car,0.31171107292175293,0.07636785507202148,524.62158203125,23.761474609375,719.8746337890625,72.0,10.532656
64,10,10,fire hydrant,0.3061131238937378,457.4088134765625,593.915283203125,523.0215454101562,718.5604858398438,69.0,
64,11,0,person,0.2711293399333954,403.341064453125,428.0726013183594,436.5941162109375,501.4090881347656,23.0,31.781418
64,12,16,dog,0.25543156266212463,458.0871276855469,592.786865234375,546.1860961914062,720.4363403320312,69.0,
65,0,0,person,0.9408023953437805,1025.8785400390625,310.7683410644531,1644.1083984375,1070.1356201171875,240.0,3.0693152
65,1,0,person,0.887481689453125,591.13916015625,385.7106628417969,714.9202880859375,726.5242919921875,62.0,6.838745
65,2,2,car,0.8418566584587097,0.5145492553710938,445.036376953125,139.4828338623047,633.6575317382812,52.0,10.902983
65,3,2,car,0.5596787333488464,81.27310180664062,447.01593017578125,204.88339233398438,593.129150390625,42.0,14.074929
65,4,0,person,0.5324046611785889,441.0222473144531,433.81549072265625,480.0321350097656,537.9519653320312,23.0,22.381567
65,5,2,car,0.5253379344940186,181.17984008789062,454.28424072265625,262.1991882324219,530.5388793945312,25.0,26.969286
65,6,0,person,0.40326356887817383,365.1829833984375,434.8290710449219,402.78546142578125,540.8958129882812,25.0,21.974255
65,7,0,person,0.28765273094177246,357.5587463378906,438.0266418457031,397.4242858886719,543.855712890625,23.0,22.023603
65,8,16,dog,0.26640766859054565,458.8410949707031,594.5245971679688,521.4456787109375,718.8180541992188,68.0,
65,9,0,person,0.2592523396015167,405.19024658203125,426.6213073730469,436.7509460449219,504.5834045410156,23.0,29.895779
66,0,0,person,0.9425497651100159,998.3593139648438,305.82879638671875,1627.8050537109375,1070.79833984375,241.0,3.046837
66,1,0,person,0.901842474937439,592.9969482421875,389.8519592285156,716.373291015625,728.2388916015625,62.0,6.8877883
66,2,2,car,0.8285112977027893,0.1600341796875,447.15582275390625,139.88778686523438,635.1976928710938,53.0,10.936571
66,3,2,car,0.6475052833557129,80.65276336669922,452.278564453125,201.94752502441406,597.2442626953125,43.0,14.186343
66,4,2,car,0.63340163230896,179.2195587158203,454.6527099609375,262.4759216308594,532.01513671875,25.0,26.583101
66,5,0,person,0.5123371481895447,441.67987060546875,435.755126953125,483.075439453125,537.0582275390625,22.0,23.007565
66,6,0,person,0.4851721525192261,362.85382080078125,434.4468688964844,402.85009765625,541.0999145507812,25.0,21.853455
66,7,0,person,0.3044816255569458,404.59661865234375,427.51483154296875,439.0118408203125,521.8392333984375,22.0,24.709805
66,8,9,traffic light,0.30114972591400146,332.53399658203125,320.2356262207031,362.8177185058594,389.6342468261719,15.0,
66,9,2,car,0.2564987540245056,79.54410552978516,435.4743347167969,263.1685791015625,533.2727661132812,35.0,21.028284
66,10,10,fire hydrant,0.2502234876155853,465.8487854003906,594.8518676757812,525.5565185546875,718.2362060546875,70.0,
67,0,0,person,0.9376550316810608,989.23974609375,281.1979064941406,1614.23876953125,1071.28271484375,242.0,2.9499838
67,1,0,person,0.9126767516136169,594.289306640625,394.8812255859375,718.9033203125,729.0889892578125,64.0,6.973918
67,2,2,car,0.8383171558380127,0.09464263916015625,447.7147521972656,139.449462890625,637.5681762695312,54.0,10.832215
67,3,2,car,0.695590078830719,183.99771118164062,455.2246398925781,263.30865478515625,534.1349487304688,27.0,26.061655
67,4,2,car,0.636367678642273,81.25739288330078,452.2099914550781,203.03173828125,597.2539672851562,44.0,14.178687
67,5,0,person,0.5427699089050293,364.85247802734375,436.537841796875,405.43359375,543.2919921875,26.0,21.832758
67,6,0,person,0.48229971528053284,442.3958435058594,437.8595886230469,483.78582763671875,538.6803588867188,23.0,23.117632
67,7,0,person,0.46250036358833313,405.3820495605469,428.720703125,440.5090026855469,540.4302368164062,23.0,20.864267
67,8,16,dog,0.4067756235599518,466.9737854003906,599.8170776367188,528.0562744140625,720.13623046875,72.0,
67,9,7,truck,0.3032505214214325,0.0,392.13134765625,68.5250244140625,446.3224182128906,24.0,
68,0,0,person,0.931901752948761,987.2933349609375,272.29962158203125,1593.5841064453125,1070.950927734375,243.0,2.9183419
68,1,0,person,0.910903811454773,596.8443603515625,396.8656311035156,721.1356201171875,736.7283935546875,76.0,6.8578787
68,2,2,car,0.812629759311676,0.050079345703125,453.002685546875,141.54750061035156,642.0369873046875,66.0,10.879153
68,3,2,car,0.6608681678771973,189.96450805664062,457.7522277832031,266.2573547363281,537.2571411132812,39.0,25.866743
68,4,2,car,0.6025857329368591,82.76582336425781,452.6702575683594,207.02267456054688,600.8477783203125,55.0,13.878847
68,5,2,car,0.503405749797821,548.4276733398438,478.75543212890625,607.932373046875,527.0923461914062,33.0,42.54581
68,6,0,person,0.49122074246406555,445.9736328125,440.8552551269531,481.0658874511719,543.5321655273438,35.0,22.699724
68,7,0,person,0.4817817211151123,368.4803466796875,438.6295166015625,405.9126892089844,545.0784912109375,37.0,21.89535
68,8,16,dog,0.47500139474868774,470.1727294921875,602.4635620117188,531.0081176757812,724.4253540039062,82.0,
68,9,10,fire hydrant,0.4696008563041687,470.35546875,602.2039184570312,531.0866088867188,724.3997192382812,82.0,
68,10,0,person,0.3964732587337494,406.32843017578125,433.6214904785156,438.96441650390625,539.596435546875,35.0,21.993288
68,11,7,truck,0.29224643111228943,0.0,395.0901794433594,73.36637115478516,452.1733093261719,34.0,
69,0,0,person,0.9251928329467773,980.2005615234375,269.0690002441406,1574.750244140625,1071.89453125,242.0,2.9031682
69,1,0,person,0.8921549320220947,598.385009765625,401.9905700683594,722.7977294921875,740.1982421875,67.0,6.891439
69,2,2,car,0.8499078750610352,0.12621688842773438,458.1015930175781,138.76712036132812,646.9428100585938,59.0,10.890277
69,3,2,car,0.6190592646598816,87.14405822753906,469.11602783203125,201.176025390625,606.0007934570312,47.0,15.0238285
69,4,2,car,0.6144471168518066,187.31997680664062,457.89495849609375,267.31109619140625,544.569091796875,30.0,23.727184
69,5,0,person,0.5886664986610413,449.1779479980469,441.14520263671875,485.5653991699219,546.1072998046875,27.0,22.205517
69,6,2,car,0.5844485759735107,552.6763916015625,482.8766784667969,608.0458374023438,530.5164794921875,23.0,43.168385
69,7,16,dog,0.48318424820899963,472.0902099609375,606.3900146484375,534.5771484375,731.0283203125,74.0,
69,8,0,person,0.4605337679386139,368.69366455078125,441.4757995605469,408.93292236328125,550.9984130859375,28.0,21.28088
69,9,0,person,0.3857085108757019,407.6499938964844,439.5209045410156,440.5727233886719,548.2435302734375,27.0,21.437466
69,10,7,truck,0.3274487555027008,0.049518585205078125,398.0303649902344,73.72407531738281,456.9780578613281,24.0,
69,11,2,car,0.3022451102733612,86.36402893066406,448.19091796875,263.3470764160156,565.3863525390625,43.0,17.547895
69,12,0,person,0.29441893100738525,365.33880615234375,448.11767578125,400.92572021484375,551.037841796875,26.0,22.646072
69,13,2,car,0.2863902747631073,245.9699249267578,433.1920166015625,292.83282470703125,476.6414794921875,16.0,47.331615
69,14,9,traffic light,0.2799634337425232,337.0421142578125,332.344970703125,363.53582763671875,394.54827880859375,19.0,
70,0,0,person,0.9330894947052002,972.8622436523438,273.9085693359375,1554.3094482421875,1071.38134765625,241.0,2.9226546
70,1,0,person,0.8803289532661438,601.7725219726562,406.42401123046875,728.7444458007812,742.9136352539062,69.0,6.9266253
70,2,2,car,0.8322493433952332,0.07244110107421875,461.5672607421875,137.44775390625,650.7976684570312,60.0,10.867879
70,3,16,dog,0.7466707825660706,476.7997741699219,610.6829833984375,537.6863403320312,738.3319702148438,76.0,
70,4,2,car,0.6990848183631897,86.78709411621094,471.123046875,203.72305297851562,611.684326171875,48.0,14.630866
70,5,0,person,0.6830043196678162,448.7637634277344,446.9403076171875,486.5298156738281,552.2334594726562,28.0,22.1357
70,6,2,car,0.5499993562698364,184.4217071533203,463.1202392578125,271.7035217285156,549.2202758789062,31.0,23.885393
70,7,0,person,0.5367995500564575,368.7539978027344,446.57061767578125,406.03271484375,556.08251953125,29.0,21.28296
70,8,2,car,0.525867760181427,553.7283325195312,485.4430847167969,610.4528198242188,534.6612548828125,23.0,41.784023
70,9,0,person,0.46664565801620483,407.25823974609375,443.0306396484375,439.856689453125,555.312744140625,29.0,20.757872
70,10,2,car,0.2577407956123352,80.68379974365234,442.0624084472656,270.0087890625,557.5610961914062,43.0,17.805685
71,0,0,person,0.9389340877532959,964.6190185546875,300.6301574707031,1542.2259521484375,1070.6988525390625,241.0,3.0266616
71,1,0,person,0.854612410068512,605.9844970703125,410.8133239746094,731.729248046875,747.464599609375,67.0,6.9232993
71,2,2,car,0.8209654092788696,0.0848236083984375,467.8024597167969,137.34727478027344,659.8026123046875,57.0,10.711102
71,3,2,car,0.6843359470367432,84.12432861328125,473.6680603027344,207.8353271484375,615.0808715820312,44.0,14.542765
71,4,16,dog,0.6527145504951477,479.1961669921875,611.6571044921875,543.9450073242188,739.6443481445312,73.0,
71,5,2,car,0.5964450240135193,189.46762084960938,466.86138916015625,271.99822998046875,552.1552734375,26.0,24.111145
71,6,2,car,0.5813379287719727,554.2137451171875,491.0841979980469,617.396484375,539.6962890625,21.0,42.304974
71,7,0,person,0.5736156105995178,451.4923095703125,449.9440612792969,488.16156005859375,554.0294189453125,25.0,22.39256
71,8,2,car,0.48882246017456055,91.55538940429688,453.83349609375,272.51092529296875,552.2078247070312,34.0,20.905182
71,9,0,person,0.4351685345172882,373.3958435058594,451.265380859375,409.80352783203125,558.9003295898438,27.0,21.654097
71,10,0,person,0.3629927933216095,409.1808776855469,442.9232482910156,441.36065673828125,550.3517456054688,25.0,21.695711
71,11,7,truck,0.2802632749080658,0.0,406.6026306152344,78.99783325195312,463.8386535644531,24.0,
71,12,10,fire hydrant,0.2693012058734894,480.6058044433594,613.2815551757812,542.81640625,739.59521484375,73.0,
71,13,2,car,0.26562467217445374,146.94190979003906,464.8934326171875,274.5559387207031,551.50927734375,30.0,23.743153
71,14,0,person,0.2580612003803253,411.3302307128906,440.8002624511719,448.5984191894531,535.8605346679688,25.0,24.518524
72,0,0,person,0.9237410426139832,962.7947387695312,327.36822509765625,1531.1826171875,1070.6798095703125,243.0,3.1356132
72,1,0,person,0.8421250581741333,607.9354248046875,413.65704345703125,734.6349487304688,754.2313842773438,69.0,6.84355
72,2,2,car,0.8187726140022278,0.09207916259765625,468.600341796875,138.58389282226562,663.9700927734375,59.0,10.526364
72,3,2,car,0.721599817276001,86.77429962158203,475.26397705078125,208.5486602783203,619.3547973632812,47.0,14.272479
72,4,2,car,0.6662553548812866,190.3182373046875,473.7452087402344,272.841796875,556.2967529296875,29.0,24.912111
72,5,0,person,0.582638144493103,450.51885986328125,452.9375915527344,488.32720947265625,559.7979125976562,27.0,21.811066
72,6,16,dog,0.5275254845619202,481.6225280761719,616.0908203125,547.6690063476562,744.6397705078125,76.0,
72,7,2,car,0.5189683437347412,556.175048828125,494.7052307128906,617.8209228515625,543.4322509765625,23.0,42.205193
72,8,10,fire hydrant,0.4788147211074829,482.4978332519531,615.935546875,546.6942138671875,744.7301025390625,76.0,
72,9,2,car,0.40755900740623474,157.68280029296875,463.2886962890625,274.19146728515625,556.2317504882812,29.0,22.126808
72,10,0,person,0.3523644506931305,410.4725646972656,450.80035400390625,443.5630187988281,555.7933959960938,27.0,22.19897
72,11,0,person,0.31228283047676086,373.2134704589844,453.6217346191406,412.10882568359375,561.703369140625,28.0,21.564604
73,0,0,person,0.9425252676010132,948.1865844726562,346.4442443847656,1517.4423828125,1070.16943359375,245.0,3.220473
73,1,0,person,0.8515357971191406,608.6663818359375,414.8443908691406,736.267822265625,759.082275390625,70.0,6.7707176
73,2,2,car,0.8499128818511963,0.08109283447265625,471.31146240234375,139.66078186035156,672.2913208007812,61.0,10.232533
73,3,2,car,0.6931396722793579,191.49473571777344,476.71319580078125,274.7970886230469,561.4886474609375,29.0,24.258593
73,4,2,car,0.667121410369873,88.28807830810547,476.303466796875,206.91883850097656,624.7443237304688,49.0,13.854226
73,5,16,dog,0.5789737105369568,483.4891662597656,623.6422119140625,549.1165161132812,751.5628051757812,77.0,
73,6,0,person,0.5503004789352417,451.4512023925781,461.7102355957031,486.9787902832031,564.8578491210938,27.0,22.596136
73,7,0,person,0.4943678677082062,374.56982421875,458.5541687011719,414.0624694824219,565.7859497070312,28.0,21.735512
73,8,0,person,0.3632234036922455,416.61749267578125,450.17962646484375,450.9400634765625,535.2608642578125,27.0,27.39426
73,9,0,person,0.32946184277534485,408.4584045410156,451.7781677246094,444.8938293457031,567.21826171875,27.0,20.190018
74,0,0,person,0.9363401532173157,944.9639892578125,361.2763366699219,1498.46337890625,1070.6978759765625,244.0,3.2854059
74,1,0,person,0.8472970128059387,611.8408813476562,416.649169921875,739.2337646484375,760.8805541992188,72.0,6.7708454
74,2,2,car,0.8472827672958374,0.0205535888671875,480.31182861328125,138.25831604003906,675.3695068359375,63.0,10.543205
74,3,2,car,0.6505664587020874,84.24687194824219,469.56695556640625,212.00193786621094,630.4398193359375,51.0,12.783593
74,4,2,car,0.6343314051628113,192.12965393066406,477.2483215332031,274.71923828125,563.1220092773438,31.0,23.94835
74,5,16,dog,0.6284612417221069,485.7784423828125,625.5509033203125,548.3672485351562,752.6123657226562,78.0,
74,6,0,person,0.550319254398346,452.3315734863281,467.05792236328125,486.41217041015625,567.0048217773438,27.0,23.31976
74,7,2,car,0.5256561040878296,85.42062377929688,464.7197570800781,276.27410888671875,564.8611450195312,46.0,20.536297
74,8,0,person,0.3492433428764343,375.063720703125,465.9023742675781,415.7361145019531,571.1217041015625,29.0,22.15123
74,9,0,person,0.33112168312072754,418.07696533203125,455.5115661621094,450.2799072265625,533.4320678710938,27.0,29.911737
74,10,0,person,0.3302117586135864,411.739013671875,454.228271484375,446.27252197265625,569.5464477539062,28.0,20.211363
74,11,2,car,0.2641836404800415,558.8758544921875,498.24078369140625,624.6193237304688,550.0157470703125,25.0,39.72061
75,0,0,person,0.9318498969078064,946.0398559570312,364.9346923828125,1464.2344970703125,1071.03125,242.0,3.3008766
75,1,2,car,0.8761091828346252,0.04222869873046875,479.41864013671875,137.1548309326172,682.3702392578125,64.0,10.1331215
75,2,0,person,0.8394981622695923,613.62451171875,423.132568359375,738.4833984375,764.0592651367188,72.0,6.8364773
75,3,2,car,0.6703767776489258,193.74563598632812,479.4128112792969,274.49871826171875,568.2828369140625,32.0,23.14091
75,4,2,car,0.6379324793815613,84.94503021240234,479.0583801269531,209.86309814453125,632.6983032226562,50.0,13.385409
75,5,16,dog,0.6288250684738159,485.0072326660156,634.3861694335938,551.149658203125,756.769287109375,77.0,
75,6,0,person,0.535734236240387,453.2305603027344,470.27435302734375,485.59307861328125,568.1867065429688,27.0,23.804325
75,7,2,car,0.49113693833351135,89.10140228271484,467.88592529296875,274.37744140625,569.4043579101562,43.0,20.257732
75,8,2,car,0.4816451966762543,562.54833984375,502.8976135253906,625.6298217773438,549.8319091796875,25.0,43.81728
75,9,10,fire hydrant,0.4449511170387268,485.6247253417969,634.9424438476562,547.1818237304688,755.3709106445312,77.0,
75,10,0,person,0.3048211634159088,376.1566162109375,474.7680358886719,413.7812194824219,573.1033325195312,29.0,23.701942
75,11,0,person,0.2880645990371704,420.55126953125,460.3940734863281,451.3734130859375,532.9683837890625,27.0,32.11519
75,12,7,truck,0.273198664188385,0.35334205627441406,422.12054443359375,80.76546478271484,475.58917236328125,27.0,
76,0,0,person,0.9352967143058777,950.7650756835938,339.0758056640625,1439.9290771484375,1072.1630859375,245.0,3.1793451
76,1,0,person,0.8720973134040833,618.1666870117188,428.7974853515625,743.2989501953125,766.5741577148438,77.0,6.9002323
76,2,2,car,0.8668431043624878,0.11190032958984375,481.57086181640625,138.481689453125,684.5451049804688,69.0,10.131991
76,3,2,car,0.6603963971138,197.14315795898438,480.7751770019531,279.2644958496094,569.7125854492188,35.0,23.123377
76,4,16,dog,0.6416776180267334,487.8540344238281,639.195068359375,562.1517944335938,758.8883666992188,84.0,
76,5,2,car,0.5956922173500061,87.0289535522461,489.6931457519531,215.10118103027344,637.4763793945312,54.0,13.915876
76,6,2,car,0.5826870203018188,567.2596435546875,506.810302734375,627.276123046875,551.3265991210938,28.0,46.19731
76,7,0,person,0.5364306569099426,457.2505187988281,468.44854736328125,494.1532287597656,569.26953125,30.0,23.117584
76,8,2,car,0.4597961902618408,87.97023010253906,465.9239501953125,279.441650390625,571.9443969726562,45.0,19.397514
76,9,0,person,0.42400994896888733,421.79901123046875,463.30810546875,453.8734130859375,548.2862548828125,28.0,27.427492
76,10,10,fire hydrant,0.406246155500412,489.2454833984375,639.48876953125,553.4137573242188,757.6531372070312,84.0,
76,11,7,truck,0.3242211937904358,1.5230369567871094,423.0205078125,86.53988647460938,482.4132385253906,27.0,
76,12,0,person,0.2956828474998474,379.0845947265625,476.6827087402344,419.7225036621094,575.2633056640625,32.0,23.642965
76,13,9,traffic light,0.2879023849964142,350.6475830078125,355.6463928222656,380.4475402832031,424.1551208496094,24.0,
76,14,0,person,0.28623485565185547,467.8341064453125,466.6641845703125,501.84759521484375,565.7899780273438,28.0,23.512926
76,15,0,person,0.2711733281612396,414.8255310058594,465.89923095703125,448.2501525878906,574.7486572265625,28.0,21.412493
77,0,0,person,0.9362778663635254,947.9917602539062,324.1181945800781,1419.8272705078125,1071.0289306640625,243.0,3.1205034
77,1,0,person,0.8875197172164917,623.6323852539062,438.6138610839844,746.296142578125,771.8231201171875,73.0,6.9948163
77,2,2,car,0.8650138974189758,0.08206558227539062,488.3802795410156,137.6239776611328,688.245361328125,65.0,10.289607
77,3,2,car,0.7313162684440613,88.64520263671875,492.84881591796875,219.4631805419922,644.3475952148438,51.0,13.574586
77,4,2,car,0.7141420841217041,201.8642578125,487.58990478515625,279.9919738769531,571.5682983398438,32.0,24.488836
77,5,10,fire hydrant,0.6916946172714233,491.93365478515625,640.6639404296875,551.6683349609375,759.5731811523438,81.0,
77,6,0,person,0.5023022890090942,461.3050231933594,470.97711181640625,496.1856994628906,570.4545288085938,27.0,23.429815
77,7,2,car,0.4864886701107025,569.318115234375,508.8731689453125,628.5786743164062,552.6846313476562,26.0,46.94053
77,8,0,person,0.4211848974227905,389.20953369140625,469.1282043457031,427.6614990234375,577.7395629882812,30.0,21.459427
77,9,0,person,0.398346871137619,393.59344482421875,471.2800598144531,437.86175537109375,579.7644653320312,30.0,21.48454
77,10,0,person,0.37644532322883606,425.70867919921875,466.0650329589844,459.050537109375,554.8217163085938,25.0,26.259853
77,11,7,truck,0.37256690859794617,4.811748504638672,424.6086730957031,86.45796203613281,485.0320129394531,24.0,
77,12,2,car,0.3223942816257477,90.14714813232422,466.7460021972656,279.9591064453125,573.5592651367188,38.0,19.253538
77,13,9,traffic light,0.25346270203590393,352.8741149902344,356.7811279296875,381.6183776855469,429.12664794921875,22.0,
78,0,0,person,0.9260929226875305,940.5042114257812,316.07647705078125,1395.232666015625,1071.3570556640625,243.0,3.0859227
78,1,2,car,0.8700698614120483,0.057186126708984375,487.7237548828125,137.32925415039062,692.2820434570312,66.0,10.053532
78,2,0,person,0.8585650324821472,626.5288696289062,443.9424133300781,746.6781005859375,777.3973999023438,75.0,6.9896617
78,3,2,car,0.642015814781189,82.90924072265625,494.10662841796875,217.0806884765625,646.8649291992188,52.0,13.462661
78,4,2,car,0.6029812097549438,199.38340759277344,490.382080078125,280.373291015625,576.90234375,32.0,23.769382
78,5,0,person,0.40658506751060486,465.01702880859375,477.2017822265625,499.79425048828125,575.2651977539062,27.0,23.767656
78,6,2,car,0.40025484561920166,86.89370727539062,474.04351806640625,281.6304931640625,577.4385986328125,43.0,19.890049
78,7,0,person,0.4001825451850891,388.7989196777344,473.6461486816406,427.3664245605469,580.8820190429688,29.0,21.734682
78,8,0,person,0.38436782360076904,424.2420349121094,469.0787658691406,458.685546875,569.8779296875,25.0,23.122587
78,9,0,person,0.37919914722442627,393.5479431152344,474.4910888671875,439.8133850097656,582.6340942382812,29.0,21.552364
78,10,2,car,0.3424118161201477,570.7369995117188,512.5822143554688,631.100830078125,559.8023681640625,25.0,43.55202
78,11,10,fire hydrant,0.2876621186733246,492.4386291503906,645.3199462890625,556.7619018554688,766.1795654296875,84.0,
79,0,0,person,0.929408609867096,925.815673828125,319.3041687011719,1381.5501708984375,1070.749267578125,245.0,3.1016738
79,1,2,car,0.870905876159668,0.1164093017578125,490.4687194824219,137.71649169921875,699.6026000976562,69.0,9.833572
79,2,0,person,0.8544101119041443,635.3771362304688,453.5871276855469,750.8348388671875,780.7538452148438,77.0,7.124006
79,3,2,car,0.6807822585105896,199.3864288330078,498.4749755859375,281.24444580078125,582.460693359375,33.0,24.486702
79,4,2,car,0.5994579195976257,85.28164672851562,497.10052490234375,218.72882080078125,650.136962890625,55.0,13.438193
79,5,0,person,0.5386741161346436,465.6530456542969,479.6715087890625,505.9818420410156,582.5947265625,29.0,22.645401
79,6,0,person,0.4263848662376404,389.1949768066406,480.22552490234375,431.4901428222656,586.3727416992188,30.0,21.957594
79,7,0,person,0.36241912841796875,428.7330322265625,475.6963806152344,459.6208190917969,545.7213134765625,27.0,33.284397
79,8,16,dog,0.35488322377204895,497.115234375,647.8672485351562,558.3358764648438,769.4990844726562,86.0,
79,9,10,fire hydrant,0.32872581481933594,496.7967224121094,647.6724853515625,557.2916259765625,768.9765625,86.0,
79,10,2,car,0.3016209006309509,572.7063598632812,514.6746826171875,634.8009033203125,564.6844482421875,27.0,41.12263
80,0,0,person,0.9382746815681458,906.2618408203125,327.50537109375,1362.955810546875,1070.2109375,245.0,3.1381717
80,1,0,person,0.8790990710258484,635.3746337890625,455.1565246582031,752.8793334960938,788.0048217773438,77.0,7.002402
80,2,2,car,0.8444328904151917,0.12902069091796875,497.9369201660156,139.34364318847656,707.1810302734375,70.0,9.828392
80,3,2,car,0.7211596965789795,197.52195739746094,500.9271240234375,281.4477844238281,585.9046020507812,33.0,24.20092
80,4,2,car,0.6395593881607056,80.07213592529297,501.63446044921875,216.03041076660156,655.099609375,56.0,13.400653
80,5,0,person,0.5688644051551819,467.3766174316406,486.1512451171875,506.6179504394531,587.6211547851562,29.0,22.969742
80,6,0,person,0.3706759810447693,391.41082763671875,481.2395324707031,436.648681640625,591.0095825195312,30.0,21.23291
80,7,7,truck,0.3588869869709015,8.872169494628906,435.3423156738281,96.16287231445312,497.5749206542969,24.0,
80,8,0,person,0.34897661209106445,500.0548095703125,649.3411254882812,573.4290771484375,778.7316284179688,84.0,18.013205
80,9,2,car,0.32519662380218506,283.9394836425781,490.393798828125,374.7848815917969,580.9832153320312,21.0,22.701694
80,10,0,person,0.32216718792915344,431.0108642578125,479.4620361328125,461.43365478515625,563.8148803710938,28.0,27.630812
80,11,2,car,0.32066646218299866,85.08782958984375,492.8118896484375,281.9090270996094,587.3101196289062,49.0,21.762663
80,12,2,car,0.3204876184463501,574.2244873046875,521.8522338867188,630.74072265625,571.1973266601562,27.0,41.676548
80,13,2,car,0.28551995754241943,88.44550323486328,475.3734130859375,209.5814666748047,544.9376220703125,49.0,29.563093
80,14,16,dog,0.26874086260795593,499.7890319824219,648.1031494140625,628.904296875,777.8450927734375,68.0,
81,0,0,person,0.9286375641822815,882.509765625,354.9765930175781,1344.3123779296875,1072.503662109375,246.0,3.248292
81,1,0,person,0.8823489546775818,637.971435546875,465.09136962890625,756.5346069335938,793.7852783203125,77.0,7.0909057
81,2,2,car,0.846230685710907,0.2063140869140625,495.5917053222656,139.5811767578125,717.31640625,70.0,9.275165
81,3,2,car,0.6391085386276245,88.3509750366211,511.2499694824219,222.655029296875,660.9366455078125,55.0,13.738919
81,4,0,person,0.6165136098861694,471.92572021484375,489.53411865234375,507.7438049316406,589.4324340820312,28.0,23.3311
81,5,2,car,0.5691205263137817,199.80848693847656,505.171142578125,285.2684631347656,593.8240966796875,33.0,23.19757
81,6,2,car,0.3628484010696411,576.1732177734375,526.5236206054688,635.0670776367188,573.770751953125,27.0,43.527153
81,7,16,dog,0.330568790435791,503.3101806640625,649.9645385742188,641.3389892578125,784.4317626953125,67.0,
81,8,7,truck,0.33052024245262146,11.562114715576172,441.1112365722656,98.75887298583984,502.7751159667969,25.0,
81,9,0,person,0.31332576274871826,432.00067138671875,483.2454528808594,461.9107666015625,575.777587890625,28.0,25.188412
81,10,0,person,0.2965238690376282,428.06158447265625,481.083251953125,460.2470397949219,592.5990600585938,27.0,20.900513
81,11,2,car,0.28673169016838074,88.4644546508789,484.2737121582031,289.2644348144531,599.1657104492188,49.0,17.899708
81,12,0,person,0.2829628586769104,502.31048583984375,650.1968994140625,583.8568725585938,783.7734375,84.0,17.448704
81,13,0,person,0.2770289480686188,400.997314453125,486.7369079589844,442.43280029296875,595.3268432617188,29.0,21.463661
82,0,0,person,0.9260926842689514,855.1023559570312,368.2369079589844,1326.198974609375,1074.189208984375,242.0,3.301551
82,1,0,person,0.8760477900505066,637.24462890625,472.6102294921875,756.345703125,802.9812622070312,78.0,7.0549088
82,2,2,car,0.8274370431900024,0.20559310913085938,501.38287353515625,141.40098571777344,723.4502563476562,71.0,9.260852
82,3,2,car,0.7107128500938416,82.53767395019531,516.0340576171875,224.54873657226562,670.2451782226562,55.0,13.33583
82,4,2,car,0.6850340962409973,201.4512176513672,511.16400146484375,287.1749572753906,598.2777099609375,34.0,23.607458
82,5,0,person,0.6610312461853027,472.6351623535156,495.0141906738281,509.0834045410156,597.5061645507812,30.0,22.740685
82,6,2,car,0.4215124249458313,577.6763305664062,530.7159423828125,642.0551147460938,581.3380126953125,27.0,40.62523
82,7,0,person,0.3860408067703247,431.1744079589844,491.464599609375,461.6514892578125,599.4864501953125,28.0,21.576538
82,8,7,truck,0.3354601562023163,13.916390419006348,445.6782531738281,104.09432220458984,508.1543884277344,24.0,
82,9,2,car,0.28709232807159424,91.35983276367188,483.15228271484375,289.5731506347656,602.8405151367188,45.0,17.182417
83,0,0,person,0.93296217918396,824.0963745117188,385.87225341796875,1307.54638671875,1074.0103759765625,243.0,3.3870199
83,1,0,person,0.8843571543693542,639.391357421875,473.3916320800781,758.7288818359375,804.222900390625,75.0,7.0450945
83,2,2,car,0.8459786176681519,0.15946197509765625,503.16558837890625,137.40695190429688,732.4812622070312,70.0,8.968132
83,3,2,car,0.7386951446533203,87.55268096923828,512.8038940429688,223.75579833984375,675.6036376953125,52.0,12.632288
83,4,2,car,0.6905155181884766,201.5955047607422,519.7077026367188,289.8459167480469,602.0452880859375,32.0,24.976847
83,5,0,person,0.6284765005111694,476.2467041015625,502.9770812988281,509.0657958984375,602.5098876953125,29.0,23.416777
83,6,0,person,0.36566171050071716,434.8115234375,492.3544921875,462.6729431152344,604.0169677734375,28.0,20.87306
83,7,2,car,0.31795868277549744,581.3338623046875,535.0889892578125,644.6976928710938,585.8253173828125,26.0,40.53374
83,8,16,dog,0.3108159899711609,507.6358337402344,659.2088623046875,586.636474609375,792.1732177734375,82.0,
84,0,0,person,0.940184473991394,801.6589965820312,396.34918212890625,1306.9249267578125,1073.990234375,241.0,3.439487
84,1,0,person,0.8865815997123718,640.1098022460938,473.9615478515625,759.8234252929688,806.590576171875,72.0,7.007018
84,2,2,car,0.8212625980377197,0.036037445068359375,510.9547119140625,140.13287353515625,734.8602905273438,68.0,9.184823
84,3,2,car,0.6887053847312927,87.13153839111328,515.8445434570312,225.58447265625,680.4120483398438,52.0,12.496593
84,4,2,car,0.650327205657959,201.13926696777344,524.5829467773438,290.06475830078125,606.4561767578125,32.0,25.118505
84,5,0,person,0.6227373480796814,477.2253112792969,510.0367126464844,507.4377136230469,607.25048828125,28.0,23.975384
84,6,16,dog,0.5234273076057434,511.4150390625,663.62548828125,591.2534790039062,795.5344848632812,80.0,
84,7,7,truck,0.40118345618247986,15.436875343322754,455.66949462890625,105.60494232177734,515.4927978515625,20.0,
84,8,2,car,0.37454935908317566,583.6005249023438,537.6183471679688,648.8589477539062,591.2250366210938,26.0,38.36337
84,9,0,person,0.33425095677375793,482.1961669921875,509.25201416015625,516.3754272460938,607.4117431640625,28.0,23.744335
84,10,0,person,0.29949724674224854,433.4947814941406,501.30908203125,461.3602294921875,607.0160522460938,27.0,22.049044
85,0,0,person,0.9361612796783447,783.7853393554688,390.26861572265625,1301.9945068359375,1072.7874755859375,242.0,3.4149058
85,1,2,car,0.8673495650291443,0.11144256591796875,513.7691040039062,139.9962615966797,740.71435546875,75.0,9.061803
85,2,0,person,0.8665784597396851,643.6278686523438,473.8978271484375,762.8207397460938,810.3680419921875,77.0,6.927025
85,3,2,car,0.7182261347770691,211.5735626220703,527.1521606445312,290.6737365722656,611.4977416992188,36.0,24.382229
85,4,2,car,0.7103510499000549,85.27136993408203,515.6680908203125,226.58935546875,688.03515625,58.0,11.931127
85,5,16,dog,0.5678471922874451,517.7855834960938,669.4520874023438,597.13330078125,804.5584716796875,86.0,
85,6,0,person,0.5334751605987549,477.2127685546875,509.2254638671875,511.98944091796875,612.005859375,32.0,22.676868
85,7,2,car,0.39964759349823,587.240478515625,543.2476806640625,649.3081665039062,595.0446166992188,27.0,39.703762
85,8,2,car,0.36516237258911133,294.6653137207031,513.8426513671875,410.56451416015625,613.451904296875,21.0,20.646006
85,9,7,truck,0.3355763852596283,18.580570220947266,461.3714904785156,107.6359634399414,518.41796875,21.0,
85,10,0,person,0.31798720359802246,496.6374206542969,507.0919189453125,525.7908935546875,610.4082641601562,22.0,22.559233
85,11,0,person,0.31571999192237854,434.05810546875,501.7239990234375,464.335693359375,615.7154541015625,30.0,20.446598
85,12,9,traffic light,0.27828454971313477,373.1631774902344,391.24365234375,403.5284729003906,457.7591857910156,22.0,
85,13,2,car,0.25583407282829285,85.7079849243164,502.3912658691406,245.4381866455078,624.3211669921875,53.0,16.86652
85,14,0,person,0.2540411949157715,502.49652099609375,505.9571228027344,530.7031860351562,610.1036376953125,21.0,22.37941
86,0,0,person,0.9385161995887756,767.30078125,378.093017578125,1292.950439453125,1072.6209716796875,240.0,3.3558586
86,1,2,car,0.8625935912132263,0.09378433227539062,513.4213256835938,139.36477661132812,745.386474609375,78.0,8.865699
86,2,0,person,0.8587400913238525,646.2411499023438,472.5119934082031,762.6400146484375,813.4876708984375,81.0,6.835495
86,3,2,car,0.6914026141166687,85.7578353881836,521.2935791015625,227.59132385253906,691.849609375,62.0,12.057816
86,4,2,car,0.6834609508514404,211.11570739746094,528.14013671875,292.37908935546875,616.7489013671875,38.0,23.209139
86,5,16,dog,0.6746445894241333,521.3084106445312,668.4507446289062,602.033447265625,806.6554565429688,89.0,
86,6,0,person,0.52302086353302,482.57684326171875,513.5949096679688,515.60693359375,612.1298217773438,34.0,23.653927
86,7,0,person,0.45397576689720154,436.5834045410156,503.58856201171875,467.6602478027344,617.4993896484375,33.0,20.461071
86,8,7,truck,0.3884303569793701,23.377979278564453,462.6751403808594,110.6720199584961,521.3131103515625,25.0,
86,9,0,person,0.3459353744983673,443.6093444824219,503.2835998535156,472.8917541503906,595.5855712890625,33.0,25.251223
86,10,0,person,0.3050761818885803,490.2410888671875,511.83050537109375,522.5079345703125,612.072509765625,33.0,23.251106
86,11,2,car,0.25418931245803833,91.13372039794922,503.67626953125,260.2063903808594,615.5286254882812,56.0,18.38614
87,0,0,person,0.9242778420448303,765.1751098632812,369.64434814453125,1282.332275390625,1074.93603515625,241.0,3.3046434
87,1,0,person,0.8694855570793152,643.9680786132812,471.05364990234375,763.6090087890625,815.5574340820312,83.0,6.765492
87,2,2,car,0.8492832183837891,0.040065765380859375,518.5958862304688,138.57708740234375,747.6469116210938,81.0,8.978494
87,3,2,car,0.6514319777488708,213.90367126464844,528.4547119140625,293.8744201660156,618.2058715820312,38.0,22.913723
87,4,2,car,0.6247435212135315,85.1532211303711,522.4669799804688,228.1420440673828,693.4461059570312,63.0,12.027978
87,5,16,dog,0.5874346494674683,523.2678833007812,669.02734375,607.9554443359375,806.5712280273438,92.0,
87,6,0,person,0.38014352321624756,486.22393798828125,515.7118530273438,518.6953125,613.6884765625,33.0,23.788712
87,7,0,person,0.3772512376308441,493.776611328125,512.8531494140625,523.5648193359375,612.8571166992188,33.0,23.306452
87,8,9,traffic light,0.34744471311569214,379.8643798828125,397.2159118652344,408.0641784667969,463.97515869140625,28.0,
87,9,0,person,0.3448713421821594,438.3511047363281,508.2192077636719,470.3156433105469,621.0066528320312,31.0,20.664867
87,10,0,person,0.33890944719314575,444.71575927734375,504.32904052734375,475.03289794921875,598.496337890625,32.0,24.75103
87,11,0,person,0.3111504912376404,522.935302734375,670.8807983398438,609.1380615234375,808.65380859375,91.0,16.917229
87,12,7,truck,0.2803676426410675,26.066679000854492,465.14886474609375,110.95919799804688,522.5208129882812,25.0,
88,0,0,person,0.9330756068229675,761.5790405273438,364.9492492675781,1267.40234375,1073.0511474609375,239.0,3.2915282
88,1,0,person,0.8605679273605347,645.372314453125,470.130615234375,764.8707885742188,817.881591796875,79.0,6.7023177
88,2,2,car,0.8526718020439148,0.025920867919921875,519.548583984375,136.8248748779297,750.9378662109375,78.0,8.887763
88,3,2,car,0.6720716953277588,83.95930480957031,525.0595092773438,229.64071655273438,693.8973999023438,59.0,12.180519
88,4,2,car,0.6505805850028992,214.9091033935547,528.288818359375,294.4143981933594,618.0802612304688,35.0,22.903442
88,5,0,person,0.5369501113891602,491.35650634765625,516.3436889648438,526.46630859375,614.0079956054688,29.0,23.864784
88,6,16,dog,0.5270716547966003,525.7799072265625,666.1959838867188,614.8486328125,811.5498657226562,87.0,
88,7,0,person,0.3802359700202942,446.54937744140625,505.3336486816406,478.02667236328125,597.3917236328125,29.0,25.318121
88,8,0,person,0.3696479797363281,407.3045654296875,516.723876953125,446.6824951171875,619.0333251953125,30.0,22.781254
88,9,0,person,0.351039320230484,526.0098266601562,670.1137084960938,612.7818603515625,810.6387329101562,87.0,16.585926
88,10,0,person,0.34487563371658325,426.1762390136719,506.6932373046875,465.1861267089844,619.9821166992188,31.0,20.5734
88,11,0,person,0.3395059406757355,417.6806945800781,508.2190246582031,450.0874328613281,618.4973754882812,31.0,21.135042
88,12,9,traffic light,0.2721331715583801,381.72564697265625,397.623046875,409.67816162109375,463.5457763671875,22.0,
88,13,0,person,0.2642447352409363,439.36834716796875,509.3838806152344,471.3251037597656,621.268798828125,28.0,20.831562
89,0,0,person,0.9391145706176758,752.8035278320312,375.22320556640625,1256.396240234375,1070.662353515625,240.0,3.3514614
89,1,0,person,0.8552005887031555,648.55078125,469.1553039550781,766.953369140625,817.9921875,80.0,6.6814537
89,2,2,car,0.8487945795059204,0.0808868408203125,523.059326171875,137.7779083251953,756.2586059570312,80.0,8.81878
89,3,16,dog,0.6742935180664062,528.4443969726562,668.310791015625,616.7589111328125,809.7482299804688,88.0,
89,4,2,car,0.6713215708732605,84.69877624511719,528.2677001953125,230.974609375,695.0337524414062,61.0,12.331845
89,5,2,car,0.6496797800064087,212.11473083496094,526.9567260742188,297.2747802734375,618.5634765625,36.0,22.449581
89,6,0,person,0.6109371185302734,490.6094055175781,517.31103515625,529.7398681640625,614.1199951171875,30.0,24.075638
89,7,0,person,0.5296696424484253,419.2659606933594,506.4169006347656,464.2421569824219,620.5979614257812,31.0,20.412645
89,8,0,person,0.4579998552799225,449.2544860839844,504.866943359375,481.6072082519531,612.1755981445312,30.0,21.71994
89,9,0,person,0.3713180124759674,433.5101623535156,508.0345458984375,472.68548583984375,621.6284790039062,30.0,20.518152
89,10,2,car,0.3470625877380371,603.967041015625,551.1921997070312,653.6411743164062,597.8798217773438,27.0,44.04879
89,11,7,truck,0.3126247823238373,33.079444885253906,465.7756652832031,115.51547241210938,524.6834106445312,21.0,
89,12,0,person,0.3090023100376129,413.50469970703125,514.6173095703125,447.860595703125,618.8779296875,31.0,22.354918
90,0,0,person,0.9338657855987549,751.0812377929688,385.3201904296875,1242.8607177734375,1071.5438232421875,241.0,3.3964694
90,1,2,car,0.8557388782501221,0.04644012451171875,523.282470703125,138.4812469482422,755.570068359375,79.0,8.853393
90,2,0,person,0.846511721611023,650.7926025390625,470.6224365234375,768.2679443359375,820.2481079101562,79.0,6.66638
90,3,2,car,0.7234113812446594,83.65491485595703,530.56201171875,230.05615234375,696.2896728515625,59.0,12.409113
90,4,16,dog,0.6756794452667236,530.7649536132812,670.0934448242188,617.6565551757812,808.7369384765625,86.0,
90,5,2,car,0.6591778993606567,208.42808532714844,528.2560424804688,298.21136474609375,619.5872192382812,35.0,22.517319
90,6,0,person,0.6003592610359192,491.59124755859375,513.6630859375,532.0653076171875,615.8662719726562,29.0,22.804941
90,7,2,car,0.5513882040977478,597.5248413085938,550.3616333007812,656.5822143554688,597.8910522460938,26.0,43.26864
90,8,0,person,0.4634213149547577,421.40093994140625,507.3648376464844,463.24127197265625,620.1802978515625,30.0,20.659735
90,9,0,person,0.3112409710884094,443.75244140625,506.68194580078125,478.4217224121094,617.6163940429688,28.0,21.010044
90,10,7,truck,0.30439648032188416,33.745304107666016,464.6188049316406,117.12295532226562,524.6513061523438,20.0,
90,11,0,person,0.2651887536048889,437.4300842285156,508.59210205078125,472.9021911621094,622.2515258789062,28.0,20.506329
91,0,0,person,0.9390007257461548,741.40185546875,397.2763366699219,1225.4715576171875,1073.7255859375,238.0,3.4455469
91,1,0,person,0.8626797199249268,651.019287109375,470.9122009277344,769.9666137695312,821.5662841796875,81.0,6.6468287
91,2,2,car,0.8445641398429871,0.03952789306640625,523.6696166992188,133.5025177001953,746.4757690429688,80.0,9.230145
91,3,2,car,0.7291855216026306,81.72765350341797,534.589111328125,230.72328186035156,697.0639038085938,61.0,12.657553
91,4,2,car,0.623618483543396,209.79345703125,527.531494140625,298.445068359375,619.4544067382812,36.0,22.372368
91,5,16,dog,0.6140406131744385,531.777099609375,672.2923583984375,624.4690551757812,808.9125366210938,87.0,
91,6,0,person,0.6020352840423584,494.7792053222656,515.9700317382812,532.05322265625,615.8509521484375,30.0,23.335163
91,7,2,car,0.5334278345108032,600.3272094726562,549.4918212890625,656.5887451171875,597.7893676757812,27.0,42.58049
91,8,0,person,0.5214508771896362,424.6417236328125,505.8656005859375,468.73992919921875,620.5841674804688,32.0,20.317003
91,9,0,person,0.3972526490688324,422.69256591796875,507.53997802734375,456.60699462890625,620.9324340820312,32.0,20.55461
91,10,0,person,0.38501858711242676,442.53106689453125,503.7884216308594,478.77569580078125,618.3712158203125,28.0,20.341078
91,11,2,car,0.35894840955734253,164.60208129882812,520.2374877929688,300.31988525390625,620.6145629882812,47.0,20.488077
92,0,0,person,0.9454968571662903,728.5140380859375,415.440673828125,1214.02197265625,1074.000732421875,240.0,3.539142
92,1,0,person,0.8748050332069397,650.6417236328125,470.1524963378906,773.8392333984375,820.1281127929688,79.0,6.659714
92,2,2,car,0.8185240030288696,0.026641845703125,525.5889282226562,133.6919403076172,754.2786865234375,81.0,8.992678
92,3,2,car,0.7355157136917114,79.78958129882812,533.3157348632812,236.347412109375,698.534912109375,61.0,12.447303
92,4,0,person,0.664167046546936,496.68585205078125,515.21435546875,532.951904296875,614.359375,31.0,23.508368
92,5,2,car,0.6262397766113281,212.46487426757812,527.12939453125,299.6005554199219,619.242431640625,37.0,22.32619
92,6,16,dog,0.6072133183479309,535.0537719726562,674.4198608398438,632.14013671875,808.0682373046875,87.0,
92,7,2,car,0.6001917123794556,601.885009765625,549.7322998046875,659.0275268554688,597.7222290039062,28.0,42.85343
92,8,2,car,0.4266541600227356,84.66455841064453,515.2776489257812,302.14453125,621.1858520507812,57.0,19.418074
92,9,0,person,0.3819655478000641,422.15899658203125,507.6913146972656,470.39813232421875,619.8571166992188,33.0,20.779396
92,10,2,car,0.37714722752571106,178.8555145263672,520.6357421875,301.92352294921875,621.4116821289062,37.0,20.406986
92,11,0,person,0.3351256549358368,443.2273864746094,505.8485412597656,479.3180236816406,617.2376098632812,27.0,20.924294
92,12,0,person,0.3091506361961365,425.7410888671875,507.9841003417969,457.220947265625,619.1611328125,33.0,20.964201
92,13,0,person,0.30203258991241455,451.39581298828125,505.55487060546875,481.974609375,608.3614501953125,28.0,22.671093
93,0,0,person,0.9474151730537415,721.6224975585938,420.64215087890625,1203.0750732421875,1074.7738037109375,238.0,3.5631015
93,1,0,person,0.866409957408905,651.0415649414062,471.18475341796875,774.7251586914062,822.2041625976562,77.0,6.6399107
93,2,2,car,0.8207838535308838,0.005779266357421875,524.178955078125,130.7288818359375,761.0048217773438,82.0,8.683736
93,3,16,dog,0.7597168684005737,531.78076171875,674.1785888671875,634.7250366210938,811.6798095703125,87.0,
93,4,2,car,0.7160118222236633,78.1720199584961,529.7609252929688,233.77528381347656,699.2162475585938,61.0,12.136138
93,5,2,car,0.6986147165298462,216.30963134765625,527.8314208984375,299.190673828125,619.3462524414062,36.0,22.47213
93,6,0,person,0.6775555610656738,496.72222900390625,513.4583129882812,532.6224365234375,614.3504028320312,31.0,23.101292
93,7,2,car,0.5815178751945496,601.7642211914062,549.8926391601562,660.0435791015625,597.88916015625,27.0,42.847546
93,8,0,person,0.3936171531677246,422.307861328125,505.477294921875,470.473388671875,619.3185424804688,32.0,20.473577
93,9,0,person,0.3715008795261383,443.4481201171875,503.58526611328125,479.5784912109375,617.2977905273438,27.0,20.496754
93,10,2,car,0.3527683913707733,112.86703491210938,519.0099487304688,301.4580078125,620.8447265625,46.0,20.194801
93,11,0,person,0.32263442873954773,426.6109313964844,506.63140869140625,458.0538024902344,618.8490600585938,32.0,20.769794
93,12,0,person,0.3080200254917145,451.3910827636719,504.741943359375,482.0449523925781,608.4525146484375,27.0,22.47348
93,13,7,truck,0.2658155560493469,34.47239685058594,461.410400390625,123.63510131835938,522.3217163085938,20.0,
94,0,0,person,0.9425190687179565,723.9445190429688,421.9106140136719,1183.3319091796875,1073.7076416015625,240.0,3.5758643
94,1,0,person,0.8539915680885315,651.5968017578125,471.403564453125,776.0563354492188,824.3366088867188,78.0,6.6039085
94,2,2,car,0.8375694155693054,0.013675689697265625,522.1399536132812,130.41050720214844,772.6472778320312,85.0,8.209474
94,3,16,dog,0.7323207855224609,536.8165283203125,672.7089233398438,624.6526489257812,810.61669921875,88.0,
94,4,2,car,0.678097128868103,75.91522979736328,526.6441040039062,235.015380859375,701.5330200195312,63.0,11.759083
94,5,2,car,0.6705368161201477,219.02069091796875,527.27734375,301.0914306640625,619.3021240234375,37.0,22.347603
94,6,0,person,0.6697174310684204,498.61883544921875,513.2510375976562,533.5238647460938,614.3218994140625,31.0,23.06043
94,7,2,car,0.5202757716178894,602.4828491210938,549.2262573242188,663.2835693359375,597.449462890625,28.0,42.646133
94,8,0,person,0.35583099722862244,452.9588928222656,506.0841369628906,481.9331359863281,600.8455200195312,29.0,24.595858
94,9,2,car,0.3143724203109741,83.14457702636719,514.1900634765625,303.8761901855469,621.6581420898438,58.0,19.136225
94,10,0,person,0.31092387437820435,418.982421875,514.7337036132812,455.91754150390625,618.79345703125,31.0,22.39807
94,11,7,truck,0.261926531791687,34.15470886230469,461.4999694824219,126.64283752441406,520.322509765625,21.0,
95,0,0,person,0.9392102360725403,721.7411499023438,402.17828369140625,1167.5904541015625,1072.0777587890625,241.0,3.4792347
95,1,0,person,0.8502421379089355,651.7815551757812,469.7937927246094,778.0639038085938,821.9916381835938,87.0,6.617694
95,2,2,car,0.8327892422676086,0.024158477783203125,521.1242065429688,130.50531005859375,774.1425170898438,91.0,8.128001
95,3,2,car,0.7302788496017456,219.4091033935547,526.8243408203125,302.17449951171875,618.7775268554688,41.0,22.365002
95,4,2,car,0.7263182401657104,67.5073013305664,521.6947631835938,242.76531982421875,703.5573120117188,68.0,11.308173
95,5,0,person,0.6949649453163147,499.1380920410156,511.809814453125,533.95556640625,612.5872192382812,35.0,23.12758
95,6,16,dog,0.5734661221504211,540.1929931640625,671.6317749023438,637.4790649414062,812.4466552734375,95.0,
95,7,2,car,0.4694327712059021,605.8759155273438,548.819091796875,669.5929565429688,596.3922119140625,31.0,43.22889
95,8,0,person,0.45458707213401794,450.2265930175781,501.9919738769531,482.8578186035156,614.786376953125,34.0,20.663591
95,9,0,person,0.3374527394771576,419.0224304199219,512.3126220703125,461.0052185058594,618.09619140625,34.0,22.033077
95,10,0,person,0.3199678659439087,434.0614318847656,501.90289306640625,481.5091857910156,618.1885986328125,35.0,20.0432
95,11,24,backpack,0.3006603717803955,779.8363037109375,638.4515991210938,1100.2283935546875,1071.3447265625,243.0,
95,12,0,person,0.26822954416275024,432.19842529296875,506.8730163574219,461.5928955078125,613.5949096679688,35.0,21.839357
96,0,0,person,0.9398427605628967,722.4964599609375,388.61956787109375,1151.0787353515625,1072.6929931640625,241.0,3.4071453
96,1,0,person,0.8380712270736694,654.1343994140625,471.1842956542969,780.6428833007812,824.1077270507812,83.0,6.6040883
96,2,2,car,0.8282768130302429,0.003238677978515625,523.5709228515625,129.1760711669922,778.4375610351562,89.0,8.0690565
96,3,16,dog,0.8013255596160889,543.2337036132812,666.5501098632812,639.260986328125,810.8560791015625,93.0,
96,4,2,car,0.7496285438537598,64.67001342773438,528.7225341796875,238.8690643310547,705.1259765625,66.0,11.658124
96,5,2,car,0.6851220726966858,221.017822265625,526.7863159179688,304.45770263671875,619.441162109375,39.0,22.195635
96,6,0,person,0.624870240688324,502.81512451171875,510.73736572265625,536.9908447265625,610.5206909179688,32.0,23.357986
96,7,0,person,0.4432763159275055,452.0058288574219,505.2406311035156,484.8412170410156,616.5256958007812,32.0,20.94385
96,8,2,car,0.37576887011528015,78.72269439697266,505.2188415527344,307.39178466796875,622.040283203125,62.0,17.604073
96,9,2,car,0.3671904504299164,608.5556030273438,548.8224487304688,672.1439208984375,596.2247924804688,28.0,43.384632
96,10,7,truck,0.3063252568244934,39.52246856689453,461.3837585449219,131.54270935058594,520.2437133789062,22.0,
96,11,0,person,0.2703942060470581,437.8004150390625,504.2450866699219,484.3033447265625,617.9105224609375,33.0,20.505245
96,12,2,car,0.2603084146976471,315.5321350097656,513.2501831054688,408.16241455078125,595.558837890625,23.0,24.985624
96,13,0,person,0.25048258900642395,421.0888671875,516.306884765625,462.5896301269531,617.8287963867188,32.0,22.957975
97,0,0,person,0.9345760345458984,717.1842041015625,372.4010925292969,1141.4652099609375,1072.3028564453125,244.0,3.3300927
97,1,2,car,0.8408108353614807,0.02062225341796875,520.8406372070312,128.62826538085938,778.2741088867188,92.0,7.9886007
97,2,0,person,0.8389941453933716,660.0755004882812,466.2307434082031,783.5291748046875,820.4769287109375,78.0,6.5794287
97,3,16,dog,0.8108161091804504,545.3408813476562,661.5327758789062,644.8975219726562,811.1852416992188,96.0,
97,4,2,car,0.757553219795227,224.72369384765625,524.7214965820312,306.583740234375,618.2528686523438,41.0,21.98763
97,5,2,car,0.7370577454566956,64.68042755126953,521.3098754882812,240.10647583007812,706.0464477539062,69.0,11.132247
97,6,0,person,0.6494361162185669,503.9502868652344,509.0875244140625,539.892578125,609.3436889648438,34.0,23.247824
97,7,0,person,0.5438504219055176,446.66070556640625,504.2109680175781,484.29510498046875,616.9782104492188,35.0,20.66857
97,8,2,car,0.49507275223731995,608.928955078125,544.962890625,677.0520629882812,597.4406127929688,29.0,39.18869
97,9,0,person,0.4270704388618469,507.6910400390625,508.8829650878906,551.202392578125,612.9046020507812,34.0,22.406277
97,10,0,person,0.3882759213447571,429.6475524902344,507.3790283203125,477.2615661621094,614.4814453125,35.0,21.761765
97,11,2,car,0.36398845911026,316.0230407714844,514.4952392578125,432.3290710449219,613.3860473632812,26.0,20.796
97,12,2,car,0.3260413110256195,321.51123046875,513.9224853515625,418.11822509765625,593.0149536132812,23.0,26.00163
97,13,7,truck,0.31680426001548767,40.6116943359375,461.1112060546875,132.2482452392578,516.9371948242188,22.0,
97,14,2,car,0.30224642157554626,334.05426025390625,514.9749755859375,410.3987121582031,573.7088012695312,22.0,35.01446
97,15,0,person,0.3003813624382019,522.0364379882812,509.45489501953125,550.0233764648438,610.8841552734375,25.0,22.978947
97,16,16,dog,0.26699039340019226,550.6118774414062,664.07666015625,643.0977172851562,775.1189575195312,96.0,
98,0,0,person,0.9253180027008057,710.6233520507812,366.40777587890625,1128.6690673828125,1072.1573486328125,247.0,3.3024993
98,1,2,car,0.8411197066307068,0.003421783447265625,520.6334838867188,127.32695007324219,782.1156616210938,95.0,7.8649077
98,2,0,person,0.8285267353057861,663.0778198242188,463.7428894042969,788.0015258789062,816.4223022460938,82.0,6.608658
98,3,2,car,0.7500682473182678,228.81765747070312,527.337646484375,308.54315185546875,619.1962280273438,39.0,22.388035
98,4,2,car,0.7129091620445251,63.945926666259766,524.5164794921875,232.53176879882812,710.6641845703125,69.0,11.047857
98,5,0,person,0.5779420137405396,506.7823791503906,507.5505065917969,551.6256103515625,614.8671264648438,33.0,21.718328
98,6,0,person,0.5171613693237305,450.0483703613281,504.7473449707031,489.1041259765625,617.5633544921875,34.0,20.659636
98,7,2,car,0.41144639253616333,619.3115844726562,549.322509765625,673.8907470703125,595.2684326171875,28.0,44.75986
98,8,16,dog,0.37009963393211365,549.5111083984375,665.2537231445312,654.48876953125,811.0904541015625,95.0,
98,9,0,person,0.2887621223926544,431.8737487792969,508.00323486328125,478.0534973144531,614.3179931640625,34.0,21.92299
98,10,2,car,0.2774713635444641,317.12896728515625,512.6705932617188,428.7283630371094,608.2337036132812,23.0,21.520157
98,11,2,car,0.2749433219432831,84.98808288574219,501.1219482421875,253.00778198242188,648.0071411132812,66.0,14.000957
98,12,7,truck,0.2645776867866516,45.86378860473633,461.6327209472656,135.8624267578125,518.7553100585938,21.0,
99,0,0,person,0.9226180911064148,703.2489624023438,372.0984191894531,1120.1676025390625,1071.6090087890625,246.0,3.3319545
99,1,2,car,0.8593561053276062,0.0,523.9575805664062,129.56446838378906,787.2086791992188,97.0,7.8120594
99,2,0,person,0.8087451457977295,669.774169921875,455.8590087890625,792.6416015625,814.2357788085938,80.0,6.5035954
99,3,16,dog,0.7580720782279968,556.1204223632812,663.5396118164062,662.4859619140625,814.3075561523438,96.0,
99,4,2,car,0.7579389810562134,232.96176147460938,526.0885009765625,312.4744873046875,619.9983520507812,40.0,21.899015
99,5,2,car,0.7316811084747314,62.93650817871094,526.0198974609375,238.6492919921875,710.647705078125,71.0,11.138805
99,6,0,person,0.6670522093772888,512.5398559570312,508.3038024902344,554.918701171875,612.67333984375,34.0,22.331589
99,7,0,person,0.5717741250991821,441.154541015625,503.80426025390625,482.24139404296875,615.3460693359375,34.0,20.895641
99,8,2,car,0.3967672288417816,619.4404907226562,547.4573364257812,678.9713745117188,594.9554443359375,29.0,43.29716
99,9,2,car,0.3372962176799774,87.0589370727539,498.91937255859375,260.2131042480469,644.9302368164062,67.0,14.084796
99,10,2,car,0.2536659836769104,327.77215576171875,513.16259765625,421.32733154296875,602.6434936523438,22.0,22.982931
100,0,0,person,0.9113120436668396,689.26025390625,382.64007568359375,1097.7381591796875,1073.2470703125,244.0,3.3749115
100,1,2,car,0.8549485206604004,0.0,521.4360961914062,128.81625366210938,789.7379760742188,96.0,7.6649976
100,2,2,car,0.7894442081451416,233.45901489257812,526.302490234375,314.3443908691406,619.5465087890625,38.0,22.05539
100,3,0,person,0.7752781510353088,665.9694213867188,454.0147705078125,792.0457763671875,813.834228515625,75.0,6.4775195
100,4,2,car,0.7152348756790161,64.67642211914062,526.3841552734375,233.12832641601562,710.9991455078125,70.0,11.139579
100,5,0,person,0.6331132650375366,516.0672607421875,506.94964599609375,556.5028076171875,612.7573852539062,32.0,22.028044
100,6,16,dog,0.5969129800796509,559.734375,667.2850341796875,663.78076171875,812.6312255859375,93.0,
100,7,0,person,0.5081490278244019,445.9933166503906,504.158203125,491.43048095703125,616.8015747070312,33.0,20.691298
100,8,2,car,0.5060532093048096,622.3941650390625,548.3408813476562,681.3773803710938,595.6644897460938,27.0,43.456814
100,9,2,car,0.392353355884552,83.13697052001953,498.4075012207031,258.72747802734375,649.558837890625,66.0,13.605789
101,0,0,person,0.9319139122962952,663.0503540039062,394.365234375,1092.790771484375,1073.6243896484375,239.0,3.4312935
101,1,2,car,0.8585749864578247,0.03710174560546875,519.7145385742188,129.1096649169922,791.2899169921875,98.0,7.5726056
101,2,2,car,0.7967000007629395,234.867919921875,524.9866943359375,317.1929016113281,619.6822509765625,38.0,21.717314
101,3,0,person,0.7232915163040161,669.0485229492188,456.22723388671875,795.2481079101562,711.8933715820312,64.0,9.116333
101,4,2,car,0.7225340604782104,64.90672302246094,528.9014282226562,234.3529815673828,712.2568359375,71.0,11.216104
101,5,0,person,0.7003148794174194,517.1653442382812,506.7382507324219,558.186279296875,612.7611694335938,32.0,21.983337
101,6,0,person,0.5884255170822144,450.8002014160156,502.70745849609375,497.4100646972656,616.9158325195312,33.0,20.407764
101,7,2,car,0.45348572731018066,624.3483276367188,545.2322387695312,683.3075561523438,594.5233154296875,28.0,41.72222
101,8,2,car,0.43212583661079407,79.00538635253906,498.7987060546875,257.2306823730469,646.998046875,66.0,13.876804
101,9,16,dog,0.4125191271305084,570.0674438476562,667.32177734375,665.7120361328125,811.8151245117188,95.0,
101,10,0,person,0.3277374804019928,462.2684326171875,502.4347229003906,500.00885009765625,614.6043701171875,31.0,20.778683
102,0,0,person,0.9306643009185791,647.1161499023438,405.9727478027344,1082.0904541015625,1073.0008544921875,240.0,3.4942122
102,1,2,car,0.8534201383590698,0.03472137451171875,519.0277099609375,130.61001586914062,792.4453125,97.0,7.521583
102,2,2,car,0.8108395338058472,236.82899475097656,524.6159057617188,319.765380859375,619.8510131835938,37.0,21.594276
102,3,2,car,0.7807980179786682,66.48689270019531,524.3881225585938,238.37472534179688,712.0560302734375,69.0,10.958364
102,4,0,person,0.6974695324897766,519.6765747070312,506.0202941894531,558.73388671875,614.1526489257812,31.0,21.554487
102,5,0,person,0.688162088394165,673.4419555664062,452.91119384765625,801.1588134765625,697.5516967773438,66.0,9.527194
102,6,16,dog,0.5658465027809143,573.7855224609375,664.8373413085938,669.6828002929688,812.9932861328125,94.0,
102,7,0,person,0.47882816195487976,446.2069091796875,502.746826171875,499.03228759765625,614.5228271484375,32.0,20.85186
102,8,0,person,0.4077652096748352,448.3111572265625,502.27783203125,484.46405029296875,614.3146362304688,31.0,20.80332
102,9,0,person,0.3576182723045349,468.5796203613281,500.8852844238281,504.5682678222656,614.4208984375,29.0,20.52869
102,10,2,car,0.3526456654071808,628.148681640625,544.606201171875,687.1160888671875,592.6966552734375,27.0,42.763855
102,11,2,car,0.333906352519989,68.5213851928711,497.2884826660156,264.379638671875,662.6033325195312,65.0,12.4401
103,0,0,person,0.9281591773033142,633.1561889648438,410.6986389160156,1077.781494140625,1072.149169921875,240.0,3.5236762
103,1,2,car,0.8512250185012817,0.008480072021484375,517.7711791992188,130.92872619628906,792.6582641601562,100.0,7.4813743
103,2,2,car,0.8144016861915588,66.07424926757812,520.9590454101562,235.56907653808594,714.0701293945312,71.0,10.649483
103,3,2,car,0.7780238389968872,238.58372497558594,523.6988525390625,322.8186340332031,619.3564453125,38.0,21.498901
103,4,0,person,0.691805362701416,677.8858032226562,454.6797180175781,808.8984375,676.9234008789062,64.0,10.487307
103,5,0,person,0.5718134641647339,525.3753662109375,507.1596984863281,558.5842895507812,612.1383666992188,32.0,22.202011
103,6,0,person,0.48193541169166565,527.1749877929688,504.6199951171875,569.869140625,612.4944458007812,32.0,21.60602
103,7,0,person,0.4087144732475281,472.6822814941406,501.306640625,508.2997741699219,615.560302734375,30.0,20.399675
103,8,0,person,0.3642333149909973,546.2384033203125,504.0376281738281,576.1906127929688,612.83740234375,22.0,21.422264
103,9,2,car,0.3576323688030243,78.3508071899414,496.8929443359375,265.2769775390625,665.2637939453125,66.0,12.214307
103,10,0,person,0.3388558626174927,451.5154724121094,504.6690979003906,492.31475830078125,613.5547485351562,33.0,21.405369
103,11,9,traffic light,0.3270984888076782,419.582275390625,390.9320068359375,450.55419921875,450.65496826171875,25.0,
103,12,0,person,0.2941685616970062,580.6893310546875,658.8381958007812,680.0326538085938,812.6350708007812,96.0,15.154648
103,13,16,dog,0.29393836855888367,579.9140625,661.7291870117188,677.302001953125,810.6708984375,96.0,
103,14,0,person,0.29359787702560425,691.7479858398438,465.5709228515625,808.3616333007812,635.5450439453125,65.0,13.712308
103,15,2,car,0.2869994342327118,633.9615478515625,542.0596313476562,695.2611694335938,591.6348876953125,26.0,41.48306
104,0,0,person,0.9286715984344482,621.9310913085938,409.8732604980469,1076.885498046875,1072.8973388671875,243.0,3.5153139
104,1,2,car,0.8626394271850586,0.007656097412109375,517.3436889648438,130.91098022460938,795.0311279296875,104.0,7.405928
104,2,2,car,0.8112618923187256,66.08903503417969,522.0278930664062,235.5765380859375,714.558837890625,75.0,10.681572
104,3,2,car,0.7566589117050171,242.6019287109375,525.3414306640625,328.4039611816406,618.109130859375,43.0,22.168634
104,4,0,person,0.7009353041648865,684.2334594726562,457.06768798828125,810.5923461914062,659.0753173828125,65.0,11.5378685
104,5,0,person,0.6183000802993774,532.7346801757812,498.20196533203125,575.4354248046875,612.6311645507812,37.0,20.368382
104,6,2,car,0.561903178691864,643.4798583984375,543.4391479492188,698.5779418945312,589.9475708007812,32.0,44.21851
104,7,0,person,0.527234673500061,473.12274169921875,499.0943298339844,514.9960327148438,613.96826171875,36.0,20.289526
104,8,2,car,0.4232918322086334,76.97799682617188,496.82427978515625,266.78466796875,651.930419921875,70.0,13.258877
104,9,0,person,0.2813159227371216,457.2933044433594,506.191162109375,498.1640930175781,611.9248657226562,36.0,22.043468
105,0,0,person,0.9261899590492249,621.7089233398438,385.4676818847656,1072.6845703125,1074.13671875,242.0,3.3844087
105,1,2,car,0.8653420209884644,0.036838531494140625,518.1234741210938,131.4530029296875,804.9393920898438,110.0,7.17022
105,2,2,car,0.8155640363693237,66.7335205078125,521.2420043945312,239.80783081054688,716.41259765625,79.0,10.537106
105,3,2,car,0.7401522994041443,245.93307495117188,525.5650634765625,332.2555847167969,618.20068359375,46.0,22.200243
105,4,0,person,0.6910112500190735,538.2478637695312,502.63458251953125,579.1491088867188,609.8120727539062,39.0,21.746521
105,5,0,person,0.6649133563041687,689.2056884765625,460.1162109375,802.1297607421875,630.5054321289062,65.0,13.678903
105,6,2,car,0.5597744584083557,644.7061767578125,544.4263305664062,701.640625,590.340576171875,35.0,44.790745
105,7,0,person,0.503275454044342,469.3724060058594,500.72735595703125,508.9717102050781,612.4085083007812,37.0,20.86957
105,8,2,car,0.44610583782196045,97.62858581542969,495.7033996582031,270.52972412109375,666.7535400390625,74.0,12.0229845
105,9,2,car,0.27366918325424194,349.8009948730469,510.0154724121094,460.42401123046875,609.0830078125,26.0,20.758902
105,10,0,person,0.25216126441955566,460.23175048828125,510.52984619140625,494.143798828125,612.3385009765625,36.0,22.893314
106,0,0,person,0.9247568249702454,631.469482421875,369.5717468261719,1065.070556640625,1072.24609375,243.0,3.3169527
106,1,2,car,0.8378737568855286,0.031482696533203125,517.5765991210938,132.79397583007812,811.2222290039062,113.0,7.0034523
106,2,2,car,0.7653676867485046,67.34623718261719,522.1614990234375,240.12689208984375,717.1353149414062,80.0,10.54774
106,3,2,car,0.7495623230934143,250.15347290039062,526.7324829101562,333.94097900390625,617.9611206054688,46.0,22.542627
106,4,0,person,0.6677610278129578,541.77978515625,500.8184509277344,582.5452880859375,611.23095703125,37.0,21.109362
106,5,0,person,0.5821260213851929,700.76806640625,465.0974426269531,805.0506591796875,583.3252563476562,61.0,19.713953
106,6,0,person,0.423776775598526,465.8642883300781,502.37567138671875,511.9338073730469,613.2015380859375,36.0,21.030628
106,7,2,car,0.37942731380462646,650.8699951171875,542.4086303710938,704.9074096679688,590.1244506835938,34.0,43.09961
106,8,2,car,0.33507758378982544,94.03103637695312,496.2234191894531,277.80340576171875,668.537109375,76.0,11.934822
106,9,0,person,0.2667812705039978,494.6898193359375,499.1928405761719,525.635986328125,602.20166015625,35.0,22.626583
106,10,0,person,0.26350700855255127,475.06951904296875,499.250244140625,521.80517578125,611.578857421875,36.0,20.749277
107,0,0,person,0.9163919687271118,632.8367309570312,364.8168640136719,1056.0106201171875,1074.293701171875,241.0,3.2851498
107,1,2,car,0.8563887476921082,0.10177230834960938,515.9004516601562,134.07467651367188,814.6395263671875,114.0,6.884045
107,2,2,car,0.826919436454773,71.18060302734375,519.005859375,246.38259887695312,717.2882080078125,80.0,10.371741
107,3,2,car,0.7624562978744507,254.17347717285156,525.2510986328125,338.0679626464844,618.2238159179688,43.0,22.11975
107,4,0,person,0.6382554173469543,546.4572143554688,498.9086608886719,585.6040649414062,609.3402709960938,37.0,21.105711
107,5,0,person,0.5287073254585266,707.4498291015625,460.7353820800781,790.86279296875,581.8345336914062,63.0,19.246523
107,6,2,car,0.4863288104534149,88.3564224243164,512.8621826171875,279.62359619140625,666.3971557617188,77.0,13.394559
107,7,0,person,0.46942517161369324,498.328857421875,497.3310546875,532.2136840820312,607.1278686523438,34.0,21.227734
107,8,2,car,0.4119727909564972,655.4833374023438,541.8961181640625,709.991455078125,588.5808715820312,33.0,44.051495
107,9,0,person,0.36594823002815247,469.5047607421875,503.0856628417969,508.8936767578125,610.3528442382812,36.0,21.728338
107,10,0,person,0.3174940049648285,553.8626098632812,499.41192626953125,595.541259765625,609.8323974609375,30.0,21.10784
107,11,0,person,0.25745975971221924,485.6654052734375,497.25543212890625,528.1471557617188,609.7130126953125,34.0,20.725481
108,0,0,person,0.9104013442993164,631.4644775390625,366.9795227050781,1046.142822265625,1073.3028564453125,238.0,3.2998166
108,1,2,car,0.8537312746047974,0.13276290893554688,514.3390502929688,136.6896514892578,816.4025268554688,119.0,6.8082814
108,2,2,car,0.7881953120231628,72.28948974609375,517.6387329101562,248.9350128173828,720.2361450195312,84.0,10.150837
108,3,2,car,0.7513628005981445,256.77069091796875,522.19873046875,341.96630859375,618.3406372070312,46.0,21.390602
108,4,0,person,0.6558191776275635,551.0145874023438,499.7148132324219,592.83203125,606.9674682617188,40.0,21.731281
108,5,2,car,0.5397576689720154,91.42625427246094,507.7577819824219,282.36285400390625,667.8551025390625,80.0,12.845519
108,6,0,person,0.47689902782440186,500.7125244140625,496.4290771484375,536.4391479492188,609.72802734375,38.0,20.571573
108,7,0,person,0.4182686507701874,711.2623901367188,461.2130126953125,807.65771484375,582.5641479492188,70.0,19.206558
108,8,0,person,0.38569313287734985,483.38397216796875,497.4479675292969,531.7188720703125,610.431640625,40.0,20.628977
108,9,0,person,0.34406566619873047,473.9227294921875,502.8364562988281,507.70074462890625,608.6881713867188,39.0,22.018892
108,10,2,car,0.337682843208313,374.4290771484375,512.9515380859375,446.46661376953125,573.414794921875,23.0,34.01294
108,11,2,car,0.28029391169548035,361.03936767578125,512.0545043945312,449.9480895996094,585.3611450195312,24.0,28.053846
109,0,0,person,0.9274941682815552,639.3973388671875,370.9219665527344,1043.006103515625,1073.19580078125,240.0,3.3188446
109,1,2,car,0.8341578841209412,0.13942337036132812,515.6299438476562,138.51638793945312,821.0399780273438,117.0,6.7336793
109,2,2,car,0.8150973916053772,67.49638366699219,521.1140747070312,254.7307891845703,722.2928466796875,80.0,10.222417
109,3,2,car,0.7344918847084045,260.98638916015625,523.5748901367188,348.3244934082031,614.4630126953125,42.0,22.627085
109,4,0,person,0.6372896432876587,561.11572265625,499.3612060546875,603.2770385742188,609.3751831054688,37.0,21.185831
109,5,2,car,0.5295596122741699,92.79499053955078,502.3359680175781,288.2178649902344,665.7304077148438,75.0,12.58631
109,6,0,person,0.4614925980567932,507.7103576660156,500.1971740722656,541.0208740234375,611.0087280273438,35.0,21.033344
109,7,0,person,0.4386526942253113,714.6670532226562,455.11102294921875,815.15869140625,579.0516357421875,66.0,18.805277
109,8,0,person,0.2915578782558441,491.3475036621094,499.4907531738281,539.4725341796875,611.0487670898438,35.0,20.892605
110,0,0,person,0.9376475214958191,639.80517578125,386.1208190917969,1042.2161865234375,1071.9788818359375,240.0,3.39828
110,1,2,car,0.8554722666740417,68.13166809082031,514.9727783203125,257.035888671875,720.1651611328125,80.0,10.022464
110,2,2,car,0.8079192638397217,0.11153411865234375,511.4938659667969,140.45974731445312,818.4651489257812,115.0,6.699432
110,3,2,car,0.7048342823982239,265.1188049316406,524.1390380859375,350.3219909667969,615.3609008789062,43.0,22.544302
110,4,0,person,0.6659913063049316,567.399169921875,498.1776123046875,603.0494384765625,605.47802734375,38.0,21.721607
110,5,0,person,0.6178349256515503,715.2564697265625,449.0049133300781,828.4671020507812,579.6488037109375,61.0,17.840387
110,6,2,car,0.4978277087211609,125.07301330566406,493.475830078125,294.55078125,658.91455078125,73.0,12.430785
110,7,0,person,0.42545393109321594,504.4263000488281,498.52276611328125,543.5346069335938,608.278564453125,36.0,21.235666
110,8,0,person,0.37405240535736084,493.2175598144531,497.8158874511719,530.91162109375,608.6856689453125,36.0,21.022297
110,9,0,person,0.35025644302368164,512.8121948242188,498.3350830078125,549.3234252929688,607.6300659179688,37.0,21.325201
110,10,2,car,0.3367729187011719,668.1497802734375,541.35400390625,722.4594116210938,584.4876098632812,37.0,47.67821
110,11,2,car,0.32607388496398926,122.55477905273438,487.2556457519531,276.1384582519531,572.9010009765625,71.0,24.012197
110,12,2,car,0.3066421151161194,106.02774810791016,456.1381530761719,189.51145935058594,503.1316223144531,26.0,43.762108
110,13,2,car,0.278889924287796,362.2746276855469,490.91546630859375,419.75848388671875,519.843017578125,17.0,71.092545
111,0,0,person,0.9389505982398987,636.2415771484375,397.9501037597656,1047.4764404296875,1072.341064453125,241.0,3.4560628
111,1,2,car,0.8434977531433105,68.5593032836914,515.1075439453125,259.1337890625,720.3198852539062,81.0,10.021489
111,2,2,car,0.8303899765014648,0.118560791015625,510.2899475097656,140.8104248046875,807.7168579101562,116.0,6.9144154
111,3,2,car,0.6987608075141907,267.2022399902344,517.7051391601562,355.8385925292969,613.1997680664062,45.0,21.535591
111,4,0,person,0.6761042475700378,572.0322875976562,500.5188903808594,609.9148559570312,605.1200561523438,37.0,22.282137
111,5,0,person,0.6071818470954895,720.2938232421875,446.9876403808594,826.6126098632812,590.2747802734375,70.0,16.266201
111,6,2,car,0.5273312330245972,129.28970336914062,488.3894348144531,296.34954833984375,659.3427124023438,73.0,12.029797
111,7,0,person,0.4917180836200714,524.0220947265625,493.279541015625,558.5109252929688,605.017822265625,36.0,20.8589
111,8,0,person,0.3963714838027954,492.8294677734375,498.2802429199219,532.5034790039062,606.0656127929688,36.0,21.623877
111,9,2,car,0.2725866734981537,680.946533203125,541.7134399414062,724.9498901367188,585.6080932617188,35.0,46.851566
111,10,2,car,0.26368165016174316,108.52965545654297,454.0462646484375,195.83209228515625,504.5687255859375,24.0,40.705326
112,0,0,person,0.94425368309021,639.9616088867188,408.69854736328125,1046.682861328125,1072.6678466796875,242.0,3.5103092
112,1,2,car,0.8571231961250305,0.17535781860351562,505.0697937011719,142.35202026367188,828.86279296875,117.0,6.3513827
112,2,2,car,0.8095553517341614,71.04437255859375,514.9264526367188,263.06915283203125,722.6647338867188,80.0,9.899635
112,3,2,car,0.754310667514801,271.8553466796875,519.5262451171875,362.2053527832031,614.0181884765625,45.0,21.764112
112,4,0,person,0.6417026519775391,577.8468627929688,496.2393493652344,614.822998046875,602.07666015625,35.0,22.021889
112,5,0,person,0.550653874874115,524.31640625,492.9590148925781,564.5509033203125,607.5618896484375,34.0,20.337513
112,6,2,car,0.4500158131122589,116.85763549804688,494.01708984375,301.061767578125,664.7706909179688,73.0,12.043864
112,7,0,person,0.4312385618686676,494.51019287109375,495.5645446777344,529.2361450195312,605.5046997070312,35.0,21.200056
112,8,0,person,0.4155975580215454,722.2525634765625,438.5261535644531,828.5813598632812,597.5928955078125,64.0,14.652576
112,9,2,car,0.2747708857059479,384.2493896484375,501.72540283203125,466.49322509765625,590.9335327148438,23.0,23.053204
112,10,24,backpack,0.25284242630004883,706.8986206054688,610.8255004882812,997.6935424804688,1014.4639892578125,243.0,
113,0,0,person,0.9514036774635315,649.3177490234375,409.87261962890625,1035.587158203125,1071.481689453125,244.0,3.522832
113,1,2,car,0.8631131649017334,0.15269851684570312,509.00628662109375,142.78163146972656,834.90234375,123.0,6.310396
113,2,2,car,0.8366162180900574,67.2333755493164,512.7039184570312,266.54901123046875,726.7727661132812,84.0,9.606877
113,3,2,car,0.7633769512176514,276.8097839355469,517.748291015625,366.1352233886719,612.3407592773438,47.0,21.740982
113,4,0,person,0.6545643210411072,586.992919921875,493.59063720703125,623.4299926757812,604.03662109375,36.0,21.102962
113,5,2,car,0.544516384601593,125.79805755615234,487.7967529296875,304.8407287597656,662.7710571289062,76.0,11.753345
113,6,0,person,0.5164137482643127,533.1565551757812,493.5391845703125,567.6671752929688,606.1886596679688,36.0,20.690176
113,7,9,traffic light,0.4524241089820862,473.5622863769531,384.94903564453125,500.1069030761719,444.91497802734375,20.0,
113,8,0,person,0.4360445737838745,730.9686279296875,442.1170349121094,827.4020385742188,582.9378662109375,73.0,16.551085
113,9,0,person,0.3496359884738922,500.2017517089844,507.2615661621094,533.1724243164062,605.08544921875,36.0,23.825853
113,10,2,car,0.3158257305622101,393.6797790527344,507.4017333984375,474.02490234375,596.3981323242188,25.0,23.10805
113,11,2,car,0.30982738733291626,373.8581848144531,486.1489562988281,439.0782470703125,521.0105590820312,17.0,58.991356
113,12,2,car,0.3000095784664154,323.1077575683594,467.03570556640625,382.2246398925781,514.072021484375,19.0,43.72224
113,13,24,backpack,0.2785336971282959,704.235595703125,610.32080078125,996.2758178710938,1040.8944091796875,245.0,
113,14,2,car,0.26209917664527893,405.41912841796875,506.743408203125,475.09423828125,578.0297241210938,21.0,28.848919
114,0,0,person,0.9384975433349609,659.5216064453125,400.86358642578125,1027.254638671875,1072.1715087890625,244.0,3.471935
114,1,2,car,0.8688517212867737,0.14059066772460938,509.21136474609375,142.864013671875,835.3154296875,129.0,6.3063707
114,2,2,car,0.8258676528930664,68.72163391113281,519.7396240234375,268.6016540527344,726.69970703125,87.0,9.936859
114,3,2,car,0.7491967678070068,278.3288269042969,517.0211791992188,369.40374755859375,611.6473388671875,47.0,21.733242
114,4,0,person,0.6575080156326294,589.9107666015625,498.7262878417969,625.9746704101562,605.6162719726562,40.0,21.805014
114,5,2,car,0.6339989900588989,140.3608856201172,484.9850769042969,304.9972839355469,661.1546630859375,80.0,11.673599
114,6,0,person,0.4770532250404358,535.0477905273438,494.43505859375,573.3236083984375,607.3677368164062,37.0,20.638292
114,7,9,traffic light,0.4563264846801758,476.2312316894531,384.66534423828125,505.0373840332031,447.3098449707031,22.0,
114,8,0,person,0.38596925139427185,503.3592224121094,503.9826965332031,537.70703125,605.3851928710938,37.0,22.985012
114,9,24,backpack,0.38307783007621765,726.8576049804688,604.58837890625,997.544677734375,993.2850952148438,245.0,
114,10,2,car,0.28424182534217834,374.45947265625,489.35662841796875,442.2505187988281,519.7067260742188,17.0,67.760345
114,11,0,person,0.2737285792827606,517.521240234375,498.5086669921875,552.2867431640625,607.3950805664062,41.0,21.40522
114,12,2,car,0.2662034332752228,326.909912109375,467.3974914550781,385.3466491699219,511.4803161621094,18.0,46.651573
115,0,0,person,0.9275985956192017,668.6063232421875,391.3303527832031,1017.8959350585938,1073.42724609375,241.0,3.4170182
115,1,2,car,0.8733777403831482,0.17095184326171875,509.6553039550781,142.67039489746094,835.2731323242188,129.0,6.3157883
115,2,2,car,0.8477802872657776,63.87384796142578,515.5982666015625,268.52874755859375,727.71826171875,86.0,9.695141
115,3,2,car,0.7448064088821411,279.35028076171875,514.7481079101562,373.58709716796875,610.9799194335938,46.0,21.370617
115,4,0,person,0.6868033409118652,594.7399291992188,493.587890625,632.2584228515625,604.7105712890625,39.0,20.974455
115,5,2,car,0.67484050989151,144.97256469726562,483.2259826660156,309.7106628417969,661.3486938476562,79.0,11.545598
115,6,0,person,0.632734477519989,513.9622192382812,496.1212463378906,551.2490844726562,604.5769653320312,40.0,21.490223
115,7,0,person,0.5495050549507141,545.8257446289062,493.4693603515625,581.5661010742188,604.5347900390625,37.0,20.985266
115,8,9,traffic light,0.49506306648254395,479.4270935058594,383.9360046386719,508.46954345703125,449.1773986816406,21.0,
115,9,2,car,0.35735630989074707,331.6391906738281,467.8332824707031,389.3093566894531,520.194091796875,20.0,39.27619
115,10,0,person,0.2630619704723358,506.076416015625,516.945556640625,544.9654541015625,606.4557495117188,34.0,26.038795
115,11,2,car,0.25965335965156555,405.9146423339844,500.8311767578125,488.898681640625,573.9863891601562,21.0,28.111916
116,0,0,person,0.9181798696517944,667.4486083984375,367.906494140625,1014.4453735351562,1072.178466796875,242.0,3.3094282
116,1,2,car,0.8744052052497864,59.1361083984375,507.8946533203125,266.759765625,729.1375122070312,92.0,9.295365
116,2,2,car,0.8721961975097656,0.15621185302734375,508.8188781738281,142.95498657226562,828.0064697265625,136.0,6.4430237
116,3,0,person,0.7523270845413208,598.358154296875,494.1076354980469,634.7640991210938,602.105224609375,41.0,21.581385
116,4,2,car,0.7062681913375854,282.8638610839844,514.8392944335938,376.9932861328125,611.6953125,49.0,21.232891
116,5,0,person,0.6641680002212524,547.3682250976562,492.77618408203125,583.8133544921875,603.7395629882812,39.0,21.004566
116,6,2,car,0.5976352691650391,147.02903747558594,481.7850341796875,315.0531921386719,663.10009765625,83.0,11.342319
116,7,0,person,0.49947163462638855,517.1127319335938,495.2074890136719,551.732666015625,604.384033203125,41.0,21.348335
116,8,2,car,0.33577507734298706,333.4215393066406,464.3802795410156,393.8029479980469,522.857666015625,22.0,35.168007
116,9,2,car,0.2579587399959564,407.8096618652344,500.0771484375,492.9295349121094,580.1636352539062,23.0,25.678904
116,10,0,person,0.25379014015197754,509.222900390625,510.8683776855469,548.5757446289062,605.7867431640625,34.0,24.55518
117,0,0,person,0.9112975597381592,668.8290405273438,362.0686340332031,1010.0189819335938,1070.669189453125,242.0,3.289212
117,1,2,car,0.8696137070655823,52.96893310546875,506.55267333984375,266.1328125,731.39501953125,94.0,9.146557
117,2,2,car,0.855360209941864,0.12372207641601562,513.283447265625,140.73284912109375,829.3639526367188,138.0,6.506359
117,3,0,person,0.7140849828720093,600.84521484375,495.3414001464844,637.1266479492188,602.5343627929688,42.0,21.743382
117,4,2,car,0.7117394208908081,284.4216003417969,513.988037109375,379.49407958984375,613.3330078125,50.0,20.70093
117,5,2,car,0.6074546575546265,148.60537719726562,480.9500427246094,317.2214660644531,664.7455444335938,84.0,11.189247
117,6,0,person,0.6067507863044739,550.2978515625,494.5648498535156,585.8843994140625,604.4033203125,39.0,21.219683
117,7,0,person,0.4414777159690857,519.12158203125,499.4268493652344,554.6693115234375,603.26513671875,42.0,22.445839
117,8,2,car,0.2969941794872284,336.7481994628906,462.9299011230469,395.8592224121094,520.4956665039062,21.0,35.724934
117,9,2,car,0.26258912682533264,412.31488037109375,500.7658386230469,490.8731689453125,570.1905517578125,24.0,29.622496
117,10,2,car,0.2596099078655243,132.33938598632812,451.6674499511719,224.0049285888672,502.072265625,29.0,40.80033
118,0,0,person,0.9178914427757263,666.6970825195312,361.7471923828125,1008.9354858398438,1071.07958984375,238.0,3.2858186
118,1,2,car,0.8697454333305359,49.514991760253906,508.0080261230469,266.8747863769531,731.8937377929688,93.0,9.185638
118,2,2,car,0.8565868139266968,0.09889984130859375,512.6661987304688,137.84263610839844,837.4779052734375,139.0,6.331463
118,3,0,person,0.7310978770256042,602.999267578125,493.8865661621094,642.78955078125,603.0283813476562,40.0,21.35513
118,4,2,car,0.7231426239013672,282.8605041503906,512.67724609375,380.18170166015625,611.5269165039062,49.0,20.804655
118,5,2,car,0.5073779821395874,148.28640747070312,488.08905029296875,319.330078125,661.4888305664062,83.0,11.860068
118,6,0,person,0.47375959157943726,554.8095703125,494.7191467285156,589.1641845703125,603.7568969726562,37.0,21.375511
118,7,0,person,0.4420337975025177,519.2928466796875,496.2160339355469,559.0661010742188,602.6290283203125,40.0,21.902754
118,8,2,car,0.34018102288246155,417.5269775390625,498.6640625,495.20947265625,571.9646606445312,22.0,28.056158
118,9,2,car,0.3070523738861084,338.95843505859375,463.9314880371094,396.9283447265625,514.523681640625,21.0,40.64922
119,0,0,person,0.9194372296333313,661.109619140625,370.0762939453125,1002.4552001953125,1071.7991943359375,243.0,3.32145
119,1,2,car,0.8697649240493774,51.280174255371094,506.0713806152344,267.6453857421875,731.9103393554688,96.0,9.106194
119,2,2,car,0.8563824892044067,0.0,512.2418212890625,137.55117797851562,846.1524047851562,142.0,6.1589336
119,3,2,car,0.7967623472213745,287.660888671875,510.8771667480469,384.6355895996094,610.9556274414062,53.0,20.54921
119,4,0,person,0.7283815145492554,606.1594848632812,493.0247802734375,649.7427978515625,603.4736938476562,42.0,21.102404
119,5,2,car,0.49586373567581177,146.386474609375,485.0431823730469,321.6689453125,661.81005859375,86.0,11.634155
119,6,0,person,0.41384226083755493,558.1068115234375,493.9869689941406,589.0452270507812,603.1214599609375,41.0,21.356562
119,7,0,person,0.34799709916114807,527.0901489257812,493.97802734375,564.6112060546875,601.5687866210938,41.0,21.66299
119,8,9,traffic light,0.33765190839767456,493.2689208984375,382.2242736816406,521.7504272460938,447.1844177246094,28.0,
119,9,2,car,0.3152996003627777,342.01641845703125,464.1265869140625,401.24462890625,508.34234619140625,23.0,46.51132
119,10,0,person,0.2975795269012451,561.79638671875,491.80902099609375,595.2942504882812,597.1821899414062,41.0,22.11889
119,11,2,car,0.2934742569923401,396.8780212402344,485.3835754394531,466.03668212890625,523.462158203125,21.0,54.00761
119,12,2,car,0.2590496838092804,415.2868957519531,500.49932861328125,499.71343994140625,577.846923828125,26.0,26.588198
120,0,0,person,0.9239029288291931,643.5199584960938,381.6334533691406,996.0287475585938,1072.867919921875,243.0,3.3718479
120,1,2,car,0.8591740727424622,49.37267303466797,505.4396667480469,266.85357666015625,737.201171875,96.0,8.873489
120,2,2,car,0.8574251532554626,0.0,513.0679931640625,135.4305419921875,855.73193359375,143.0,6.0016036
120,3,2,car,0.7695137858390808,290.8996887207031,511.9150085449219,386.6507568359375,608.7391357421875,50.0,21.239883
120,4,0,person,0.6897560954093933,613.0258178710938,493.2920837402344,649.4947509765625,599.815673828125,39.0,21.880013
120,5,2,car,0.5088696479797363,144.4833221435547,482.18389892578125,321.6149597167969,663.1600952148438,85.0,11.363556
120,6,0,person,0.4808921813964844,556.5950317382812,493.78472900390625,589.7281494140625,600.4703979492188,39.0,21.846773
120,7,0,person,0.35244056582450867,527.3248901367188,503.4515075683594,562.2183837890625,599.894775390625,37.0,24.16693
120,8,0,person,0.35136666893959045,565.0548095703125,492.4185791015625,599.2307739257812,594.5008544921875,39.0,22.831951
120,9,2,car,0.297990083694458,399.0356140136719,480.96221923828125,466.6388854980469,523.9403686523438,19.0,47.85067
120,10,0,person,0.29412442445755005,546.8131103515625,491.54718017578125,572.0485229492188,599.497802734375,38.0,21.590775
120,11,2,car,0.2851080000400543,415.9869689941406,497.35601806640625,515.8026123046875,586.7623901367188,25.0,23.002089
120,12,2,car,0.2811310589313507,346.3332824707031,464.9117431640625,406.874267578125,515.8240356445312,21.0,40.393646
120,13,9,traffic light,0.27482953667640686,495.5689392089844,380.4569091796875,524.79638671875,448.65032958984375,24.0,
121,0,0,person,0.9197630882263184,628.587158203125,398.67144775390625,992.4063720703125,1073.3463134765625,243.0,3.4546084
121,1,2,car,0.864298403263092,0.0,514.0314331054688,132.0091552734375,859.640625,144.0,5.9504585
121,2,2,car,0.8500084280967712,48.278526306152344,504.8306579589844,264.7239685058594,740.1956787109375,95.0,8.737633
121,3,2,car,0.7926323413848877,290.6430358886719,510.97174072265625,388.79168701171875,610.260009765625,48.0,20.712751
121,4,0,person,0.723222553730011,614.3087768554688,492.7960510253906,651.7525634765625,598.9153442382812,37.0,21.963373
121,5,2,car,0.5906039476394653,142.1331787109375,477.79669189453125,317.9709167480469,672.802734375,84.0,10.545998
121,6,0,person,0.502861499786377,547.4730834960938,492.5028381347656,586.7076416015625,600.273681640625,37.0,21.626791
121,7,0,person,0.4857873022556305,537.8877563476562,491.0367736816406,577.0122680664062,599.0112915039062,37.0,21.585997
121,8,0,person,0.3471466600894928,527.3809814453125,497.7889709472656,568.7119140625,599.5740966796875,36.0,22.898607
121,9,2,car,0.343527615070343,399.5946350097656,478.23956298828125,465.3873596191406,523.8178100585938,17.0,45.120937
121,10,0,person,0.33553367853164673,562.21240234375,494.1402282714844,598.4337768554688,599.1837768554688,37.0,22.188297
121,11,0,person,0.2981188893318176,571.27001953125,492.3804931640625,603.5996704101562,596.2761840820312,37.0,22.433437
121,12,2,car,0.2891679108142853,416.2242736816406,498.082763671875,510.7224426269531,586.0016479492188,24.0,23.391256
121,13,9,traffic light,0.28689998388290405,497.9629211425781,379.7798156738281,525.9694213867188,449.6404113769531,21.0,
121,14,24,backpack,0.25605496764183044,694.2811889648438,570.316650390625,976.1812133789062,974.0634765625,244.0,
122,0,0,person,0.9263406991958618,609.4627685546875,397.0066223144531,992.516845703125,1071.86572265625,243.0,3.4536653
122,1,2,car,0.8565480709075928,0.0,513.1994018554688,129.3561553955078,855.20654296875,148.0,6.013129
122,2,2,car,0.853937029838562,43.056610107421875,501.7184143066406,264.2654113769531,740.5514526367188,98.0,8.610757
122,3,0,person,0.7451300024986267,617.0841674804688,491.09747314453125,655.34423828125,598.4619140625,39.0,21.708654
122,4,2,car,0.742723286151886,291.5627136230469,510.1769714355469,389.9354553222656,610.383056640625,49.0,20.523037
122,5,2,car,0.6504840850830078,147.3774871826172,478.5689392089844,322.91015625,665.20849609375,80.0,11.018743
122,6,0,person,0.6159791946411133,533.1062622070312,490.3305358886719,578.362060546875,600.5405883789062,38.0,21.14814
122,7,0,person,0.48894792795181274,567.6661376953125,488.25091552734375,604.4954223632812,595.7131958007812,38.0,21.68889
122,8,2,car,0.421895295381546,418.04827880859375,497.3118896484375,525.9576416015625,592.1583251953125,26.0,21.682768
122,9,0,person,0.34630870819091797,574.094482421875,486.8275451660156,607.7232666015625,560.3397827148438,37.0,31.705437
122,10,2,car,0.3312624990940094,351.68280029296875,464.440185546875,412.119873046875,516.2870483398438,21.0,39.665527
122,11,9,traffic light,0.30674445629119873,501.1234130859375,377.5027770996094,528.3323364257812,450.1421813964844,22.0,
122,12,2,car,0.28694096207618713,402.3861083984375,478.3841857910156,465.6066589355469,524.4974365234375,18.0,44.597446
122,13,2,car,0.2511700987815857,144.9884033203125,444.8744201660156,235.74664306640625,482.353271484375,27.0,54.87183
123,0,0,person,0.9182340502738953,603.5938110351562,389.1413269042969,994.052490234375,1070.15966796875,245.0,3.42243
123,1,2,car,0.8486419320106506,41.570640563964844,501.0568542480469,263.63946533203125,743.3086547851562,99.0,8.489238
123,2,2,car,0.8441987633705139,0.09570693969726562,509.8942565917969,127.28705596923828,878.3358764648438,151.0,5.581707
123,3,0,person,0.7551476359367371,619.1327514648438,489.91021728515625,658.093017578125,597.0148315429688,40.0,21.761318
123,4,2,car,0.7222031950950623,294.32977294921875,508.7140808105469,392.1240234375,609.728515625,50.0,20.358805
123,5,0,person,0.6367754936218262,568.423095703125,485.48162841796875,607.6031494140625,594.7252807617188,39.0,21.335222
123,6,2,car,0.6188156604766846,144.7785186767578,477.3392028808594,323.7044677734375,665.7072143554688,77.0,10.917635
123,7,0,person,0.5268869400024414,534.5789794921875,488.3068542480469,577.4730834960938,598.717041015625,39.0,21.109806
123,8,2,car,0.43262234330177307,424.4775695800781,495.7250061035156,513.6692504882812,584.9216918945312,27.0,23.056162
123,9,2,car,0.28293120861053467,352.8081970214844,464.2588806152344,415.87969970703125,521.5225219726562,23.0,35.91342
124,0,0,person,0.9155659079551697,600.835693359375,377.5989074707031,995.05810546875,1067.735595703125,242.0,3.3772113
124,1,2,car,0.8753484487533569,37.0286865234375,500.4710998535156,261.9137268066406,740.7990112304688,101.0,8.557197
124,2,2,car,0.8715410828590393,0.3836860656738281,513.1524047851562,125.11897277832031,877.9611206054688,157.0,5.637292
124,3,0,person,0.7652921080589294,621.4658813476562,491.1431884765625,658.867919921875,595.7539672851562,39.0,22.28009
124,4,2,car,0.7248397469520569,297.549072265625,509.4630432128906,394.502685546875,609.385986328125,51.0,20.581192
124,5,0,person,0.6298307180404663,569.4998168945312,485.7539367675781,607.3707885742188,595.411376953125,39.0,21.254715
124,6,2,car,0.5985427498817444,143.33535766601562,477.95013427734375,324.3594665527344,665.7932739257812,74.0,10.948141
124,7,0,person,0.4308515787124634,540.5403442382812,485.98583984375,574.8162231445312,596.5366821289062,40.0,21.082947
124,8,2,car,0.3888534605503082,429.5473937988281,494.4786376953125,513.375,585.5639038085938,28.0,22.57811
124,9,2,car,0.30655375123023987,357.0496520996094,463.2001647949219,419.5036315917969,519.4210205078125,23.0,36.579544
125,0,0,person,0.9340452551841736,609.7267456054688,370.5018310546875,992.8555297851562,1068.059814453125,241.0,3.3412814
125,1,2,car,0.8692441582679749,34.84192657470703,501.9063720703125,262.66552734375,740.6832885742188,104.0,8.612781
125,2,2,car,0.866956889629364,0.6687469482421875,513.0800170898438,122.68329620361328,876.819580078125,161.0,5.6538615
125,3,2,car,0.75433748960495,297.18841552734375,509.0144348144531,398.2679443359375,610.7857055664062,53.0,20.207405
125,4,0,person,0.6611668467521667,624.7234497070312,492.03533935546875,660.9703979492188,592.7435302734375,39.0,23.143475
125,5,2,car,0.6464787125587463,143.0741424560547,484.1146545410156,327.26776123046875,671.8521118164062,91.0,10.954304
125,6,0,person,0.47975870966911316,577.6565551757812,481.6260681152344,610.4833374023438,594.2556762695312,40.0,20.693827
125,7,2,car,0.4129738509654999,432.4433898925781,493.16961669921875,515.5515747070312,577.9957885742188,27.0,24.24409
125,8,2,car,0.3928496539592743,360.0781555175781,460.2407531738281,420.80438232421875,519.1235961914062,23.0,34.925846
125,9,0,person,0.39152073860168457,543.8511352539062,484.94622802734375,584.0453491210938,595.6732177734375,41.0,21.049408
125,10,0,person,0.2764022648334503,583.17626953125,479.6598205566406,616.7360229492188,555.9043579101562,38.0,30.56924
126,0,0,person,0.9262849688529968,612.7216186523438,364.3719177246094,988.9129028320312,1069.0528564453125,240.0,3.3075078
126,1,2,car,0.8498682975769043,2.359050750732422,512.115234375,120.50341033935547,875.8786010742188,166.0,5.653492
126,2,2,car,0.8418164849281311,20.439170837402344,502.85577392578125,257.56072998046875,741.8076782226562,105.0,8.606473
126,3,2,car,0.8078873753547668,298.15020751953125,508.65948486328125,400.1545104980469,610.878662109375,54.0,20.118858
126,4,2,car,0.7326791286468506,143.45851135253906,481.745361328125,328.6419982910156,672.2034301757812,93.0,10.797827
126,5,0,person,0.5424057245254517,628.7810668945312,488.0508117675781,664.6849365234375,590.2349853515625,38.0,22.809183
126,6,0,person,0.5069031715393066,547.296630859375,483.45458984375,586.8937377929688,594.7887573242188,41.0,20.934612
126,7,0,person,0.4995933473110199,581.6351318359375,479.5293273925781,616.249755859375,594.6806030273438,39.0,20.240658
126,8,2,car,0.3832544982433319,433.7110290527344,492.4171142578125,517.7959594726562,581.77001953125,28.0,23.015852
126,9,2,car,0.33625277876853943,361.593017578125,460.35516357421875,422.4824523925781,517.9802856445312,21.0,35.688137
126,10,0,person,0.279909610748291,538.3844604492188,483.30377197265625,594.9592895507812,596.4437255859375,41.0,20.600481
127,0,0,person,0.9311680197715759,618.1409912109375,361.45880126953125,997.3392333984375,1072.143310546875,238.0,3.279567
127,1,2,car,0.8523675203323364,20.228187561035156,502.532958984375,259.1831970214844,740.294677734375,105.0,8.649555
127,2,2,car,0.8241051435470581,299.6713562011719,506.7935791015625,402.68756103515625,609.752197265625,53.0,19.974367
127,3,2,car,0.8101189732551575,1.6589469909667969,511.5903625488281,119.52136993408203,885.7760009765625,168.0,5.4960237
127,4,2,car,0.7828568816184998,144.211669921875,480.2454528808594,329.7868957519531,671.2354125976562,86.0,10.7677555
127,5,0,person,0.5101569294929504,637.1181030273438,489.20416259765625,669.23583984375,588.29150390625,37.0,23.52205
127,6,0,person,0.49932998418807983,545.3916625976562,485.2480773925781,585.6015014648438,595.0335083007812,40.0,21.229935
127,7,0,person,0.4377598762512207,586.25244140625,481.9671936035156,619.3040771484375,575.80615234375,39.0,24.837633
127,8,0,person,0.433977872133255,581.8812255859375,479.8700866699219,616.7254638671875,594.4614868164062,38.0,20.33955
127,9,2,car,0.3751644492149353,363.2896728515625,462.42388916015625,425.2552185058594,517.6408081054688,21.0,37.24462
127,10,2,car,0.3457798957824707,418.1479797363281,474.00640869140625,482.8208312988281,519.2326049804688,17.0,45.472168
127,11,2,car,0.3441929817199707,439.79718017578125,492.56060791015625,522.9228515625,578.7922973632812,26.0,23.848927
128,0,0,person,0.93006432056427,628.4192504882812,369.3586120605469,992.6116333007812,1072.928955078125,238.0,3.3127286
128,1,2,car,0.8394232988357544,11.587005615234375,503.9132995605469,256.7198486328125,738.6918334960938,106.0,8.75946
128,2,2,car,0.8340641260147095,143.26010131835938,479.3882751464844,333.6687316894531,670.56640625,76.0,10.757157
128,3,2,car,0.8142017126083374,301.99639892578125,507.37060546875,405.1029357910156,608.8639526367188,54.0,20.26274
128,4,2,car,0.8140573501586914,0.744415283203125,510.48834228515625,117.57328033447266,900.7509155273438,168.0,5.269614
128,5,0,person,0.5901995897293091,638.0570068359375,487.3692626953125,669.92626953125,588.4929809570312,39.0,23.048376
128,6,2,car,0.4507388174533844,442.7744140625,493.93487548828125,548.2620849609375,594.4971313476562,28.0,20.450348
128,7,0,person,0.41752898693084717,551.9595947265625,485.1273193359375,591.6665649414062,593.0960083007812,41.0,21.587162
128,8,0,person,0.4096519351005554,590.1202392578125,480.9207458496094,625.8360595703125,587.8865356445312,40.0,21.78956
128,9,2,car,0.38502001762390137,366.2520751953125,461.3515319824219,426.98760986328125,514.9772338867188,21.0,38.349766
128,10,9,traffic light,0.30927377939224243,518.5823974609375,371.77642822265625,546.8504028320312,437.0716552734375,24.0,
128,11,2,car,0.3082807958126068,420.1810302734375,475.65472412109375,481.2314147949219,519.53466796875,19.0,46.86727
128,12,0,person,0.29431748390197754,569.447265625,485.0744323730469,607.579345703125,594.0465087890625,40.0,21.388393
129,0,0,person,0.9338616132736206,632.5087890625,375.60552978515625,992.1211547851562,1071.9854736328125,239.0,3.3469338
129,1,2,car,0.8489651679992676,144.4910125732422,478.3157043457031,336.6982727050781,670.2964477539062,77.0,10.712185
129,2,2,car,0.8474260568618774,4.30535888671875,503.0931701660156,259.2658996582031,744.419189453125,109.0,8.521805
129,3,2,car,0.8202669620513916,0.2432098388671875,509.3755187988281,114.79291534423828,897.71484375,170.0,5.295712
129,4,2,car,0.7930942177772522,304.2161865234375,505.9331359863281,408.08843994140625,605.9535522460938,55.0,20.561134
129,5,0,person,0.652235209941864,638.9564208984375,487.8201599121094,674.7727661132812,589.0142822265625,42.0,23.032341
129,6,0,person,0.6399386525154114,593.256103515625,479.6746520996094,630.7141723632812,589.9168701171875,41.0,21.14197
129,7,0,person,0.5869755148887634,559.0274047851562,483.073974609375,597.054931640625,592.486083984375,43.0,21.302372
129,8,2,car,0.42490923404693604,443.2614440917969,494.1361999511719,536.5783081054688,593.4639282226562,31.0,20.704523
129,9,2,car,0.38222914934158325,372.5464782714844,461.2889099121094,434.4108581542969,523.9620361328125,24.0,32.813637
129,10,9,traffic light,0.3614864647388458,521.438232421875,369.97625732421875,551.5816650390625,439.6466979980469,31.0,
129,11,0,person,0.28639480471611023,550.038818359375,507.4480895996094,593.1541137695312,594.4483642578125,43.0,26.790003
130,0,0,person,0.9294145703315735,632.593505859375,392.0287170410156,992.212646484375,1070.181640625,241.0,3.4368906
130,1,2,car,0.8613104224205017,144.01776123046875,476.60888671875,337.40625,669.7885131835938,73.0,10.645704
130,2,2,car,0.8426182270050049,0.6935577392578125,501.2503967285156,257.7909851074219,750.420654296875,107.0,8.253526
130,3,2,car,0.7820000648498535,306.6788635253906,506.0251770019531,411.41888427734375,605.0403442382812,51.0,20.76988
130,4,2,car,0.7815526127815247,0.011478424072265625,512.1434936523438,107.72007751464844,920.1861572265625,172.0,5.0399957
130,5,0,person,0.6769853234291077,592.7300415039062,477.8165588378906,630.9951782226562,590.1070556640625,39.0,20.75632
130,6,0,person,0.6237657070159912,641.6583251953125,482.3277282714844,679.0153198242188,590.125732421875,40.0,21.621342
130,7,0,person,0.6222803592681885,557.4488525390625,481.6685485839844,595.7040405273438,591.7639770507812,40.0,21.170156
130,8,2,car,0.40479010343551636,373.6114196777344,462.9798889160156,435.9916076660156,523.2138671875,22.0,34.14241
130,9,9,traffic light,0.31835469603538513,525.624755859375,370.45953369140625,553.1473388671875,439.9124450683594,30.0,
130,10,2,car,0.26919254660606384,444.4454040527344,492.2843017578125,555.0231323242188,594.1144409179688,30.0,20.195723
131,0,0,person,0.9277765154838562,639.5643310546875,397.10186767578125,995.6914672851562,1069.6614990234375,243.0,3.4654734
131,1,2,car,0.8760390877723694,143.427978515625,472.5257263183594,337.17205810546875,670.09375,75.0,10.409241
131,2,2,car,0.8254268765449524,1.24090576171875,500.1052551269531,261.3653869628906,756.9581909179688,110.0,8.006657
131,3,2,car,0.7463886141777039,307.86932373046875,505.3110656738281,412.6835021972656,605.5394897460938,52.0,20.518463
131,4,2,car,0.7223436832427979,0.1737213134765625,516.8575439453125,108.74689483642578,912.6434936523438,174.0,5.1960745
131,5,0,person,0.7130469679832458,645.8500366210938,482.58740234375,682.3907470703125,591.2669677734375,40.0,21.44596
131,6,0,person,0.6478095054626465,594.4281005859375,480.1954650878906,632.9987182617188,591.1650390625,41.0,21.003393
131,7,0,person,0.5368155241012573,557.2456665039062,479.6681213378906,598.1957397460938,590.993408203125,42.0,20.936281
131,8,2,car,0.47723329067230225,375.37493896484375,461.9995422363281,437.57586669921875,524.4404907226562,25.0,32.93565
131,9,2,car,0.3980178236961365,450.3703308105469,489.24224853515625,559.8525390625,589.3797607421875,32.0,20.53709
132,0,0,person,0.9274330735206604,643.0552368164062,397.2320251464844,993.7205200195312,1069.3084716796875,244.0,3.4679651
132,1,2,car,0.882794201374054,139.51333618164062,469.76641845703125,336.83685302734375,671.0233154296875,85.0,10.218449
132,2,2,car,0.8336673974990845,1.3867721557617188,498.609375,253.78802490234375,761.5872802734375,114.0,7.8201747
132,3,2,car,0.7686021327972412,308.6730041503906,505.0604553222656,412.54229736328125,606.6517333984375,52.0,20.243206
132,4,2,car,0.7253191471099854,0.0,527.8901977539062,97.77692413330078,938.3386840820312,180.0,5.0104537
132,5,0,person,0.7158852219581604,643.9926147460938,480.6098327636719,684.3065795898438,591.8185424804688,40.0,20.95823
132,6,0,person,0.6844577789306641,592.6701049804688,476.4145202636719,635.71142578125,591.567138671875,41.0,20.240421
132,7,0,person,0.5153102278709412,559.4895629882812,478.8362731933594,596.2278442382812,590.5443115234375,42.0,20.864546
132,8,2,car,0.3844467103481293,377.68121337890625,461.52716064453125,438.39093017578125,524.918701171875,25.0,32.44176
132,9,2,car,0.3193364143371582,451.4857177734375,488.3742370605469,546.5319213867188,578.7532348632812,29.0,22.754547
133,0,0,person,0.9277514219284058,649.2734985351562,388.6269836425781,985.06494140625,1071.991943359375,242.0,3.4106774
133,1,2,car,0.8767788410186768,143.7125244140625,466.322021484375,339.6594543457031,670.5391845703125,83.0,10.070325
133,2,2,car,0.8283752799034119,0.0,499.2756042480469,252.5172882080078,760.6598510742188,113.0,7.8678546
133,3,2,car,0.7775320410728455,312.3038024902344,503.75079345703125,416.4732360839844,602.653076171875,52.0,20.793587
133,4,2,car,0.689357578754425,0.0,533.7478637695312,93.46125030517578,936.4553833007812,180.0,5.106766
133,5,0,person,0.6649932861328125,598.5135498046875,471.8736877441406,641.2196044921875,589.06298828125,42.0,19.888655
133,6,0,person,0.6625338792800903,649.4690551757812,479.2222595214844,685.2789306640625,585.7403564453125,39.0,21.881142
133,7,0,person,0.5255785584449768,562.1378784179688,479.5849914550781,603.6098022460938,589.472412109375,43.0,21.21023
133,8,2,car,0.3324551284313202,382.2035827636719,459.9144287109375,444.1578674316406,527.6123657226562,25.0,30.378078
133,9,26,handbag,0.3107307255268097,901.84716796875,678.3779907226562,979.9266357421875,885.4186401367188,236.0,
133,10,2,car,0.2614816129207611,454.2642822265625,487.1856994628906,552.0512084960938,571.0259399414062,28.0,24.52919
134,0,0,person,0.9259538054466248,649.50439453125,370.6820983886719,977.827880859375,1070.122314453125,240.0,3.33229
134,1,2,car,0.8907273411750793,138.41140747070312,463.04718017578125,337.6119384765625,670.5135498046875,98.0,9.91261
134,2,2,car,0.8460025787353516,0.6978607177734375,498.1515197753906,248.05860900878906,767.5743408203125,120.0,7.6331067
134,3,2,car,0.7889189720153809,310.8581848144531,503.1045227050781,416.56121826171875,603.701904296875,56.0,20.443209
134,4,2,car,0.6647670865058899,0.09619331359863281,540.7849731445312,85.8808822631836,952.1431274414062,186.0,4.999374
134,5,0,person,0.6247281432151794,650.8779296875,478.1913757324219,684.724609375,584.4208984375,42.0,21.940582
134,6,0,person,0.5952646136283875,601.7898559570312,472.44171142578125,640.248779296875,588.0413818359375,45.0,20.162148
134,7,0,person,0.5167030692100525,563.4174194335938,478.7253112792969,606.5266723632812,588.202392578125,46.0,21.28973
134,8,0,person,0.4263184368610382,602.4879150390625,471.228271484375,640.1049194335938,550.1663208007812,44.0,29.526161
134,9,2,car,0.32566380500793457,381.9842224121094,459.11004638671875,443.3177795410156,528.20458984375,29.0,29.764046
134,10,2,car,0.32137876749038696,453.9685363769531,486.6524963378906,567.9915771484375,569.052490234375,30.0,24.95793
134,11,0,person,0.25604984164237976,556.9325561523438,488.2862548828125,598.9053955078125,588.6171264648438,44.0,23.230513
134,12,0,person,0.25352755188941956,595.4345092773438,473.31353759765625,633.4991455078125,589.8455200195312,45.0,20.00084
135,0,0,person,0.9299923181533813,652.5925903320312,363.6598205566406,973.41650390625,1070.9520263671875,242.0,3.2952964
135,1,2,car,0.8659436106681824,126.50718688964844,462.45703125,338.72222900390625,670.8544921875,94.0,9.868321
135,2,2,car,0.8531007766723633,1.254638671875,496.453125,247.40020751953125,769.2059326171875,122.0,7.5399156
135,3,2,car,0.8504451513290405,309.64794921875,500.1752014160156,419.5771484375,603.8965454101562,56.0,19.827482
135,4,2,car,0.7132567167282104,0.10816383361816406,547.5601196289062,81.96475219726562,928.4273681640625,192.0,5.399606
135,5,0,person,0.6877267360687256,653.3456420898438,475.3759765625,687.5782470703125,581.70166015625,41.0,21.920738
135,6,0,person,0.5742712616920471,604.5496826171875,472.18701171875,641.4049682617188,586.6624145507812,45.0,20.36016
135,7,0,person,0.48756203055381775,566.0294189453125,478.06201171875,606.5731811523438,586.3162231445312,43.0,21.530226
135,8,2,car,0.2990550994873047,383.8280029296875,457.9748840332031,444.8749084472656,524.2138061523438,27.0,31.047203
135,9,0,person,0.28696438670158386,861.4465942382812,443.1228332519531,940.2432861328125,574.3648681640625,61.0,17.759079
135,10,0,person,0.27577340602874756,607.2169799804688,470.3899841308594,642.3428344726562,551.5589599609375,44.0,28.714636
136,0,0,person,0.9205166101455688,653.2811279296875,356.1501159667969,973.3487548828125,1070.865966796875,240.0,3.2610688
136,1,2,car,0.8802840709686279,118.75751495361328,463.2023620605469,338.46795654296875,671.178466796875,100.0,9.888315
136,2,2,car,0.8761823773384094,0.0,494.2767333984375,245.42953491210938,764.7606811523438,124.0,7.603162
136,3,2,car,0.8641671538352966,310.8453369140625,499.7331848144531,420.2109375,602.05224609375,55.0,20.099218
136,4,2,car,0.7168416380882263,0.22910499572753906,556.791259765625,81.84832763671875,930.7611694335938,191.0,5.499194
136,5,0,person,0.6133420467376709,605.2338256835938,471.4400329589844,643.5235595703125,586.594970703125,44.0,20.240013
136,6,0,person,0.6009793281555176,655.1832275390625,474.447509765625,689.121826171875,582.0311279296875,41.0,21.664429
136,7,0,person,0.45841115713119507,570.2774047851562,477.3916015625,608.7984008789062,585.7003173828125,44.0,21.51939
136,8,0,person,0.4034123122692108,865.7521362304688,438.88543701171875,938.7178344726562,551.519287109375,73.0,20.693047
136,9,0,person,0.2765403389930725,866.1865234375,435.60308837890625,946.703125,584.5249633789062,75.0,15.65074
136,10,2,car,0.2574673891067505,383.35333251953125,459.3544921875,444.5107727050781,523.5770874023438,28.0,32.021957
137,0,0,person,0.9213474988937378,651.7719116210938,359.01800537109375,969.718505859375,1071.078369140625,241.0,3.2732303
137,1,2,car,0.8865711688995361,0.863983154296875,492.6361999511719,243.6415557861328,772.1717529296875,122.0,7.3569646
137,2,2,car,0.8772507905960083,310.0963439941406,499.3271484375,422.0312194824219,602.1346435546875,56.0,20.003729
137,3,2,car,0.8744655251502991,117.17461395263672,461.40838623046875,337.70697021484375,671.3139038085938,83.0,9.797423
137,4,2,car,0.7097666263580322,0.2496185302734375,577.8175048828125,69.59770965576172,934.0808715820312,193.0,5.772508
137,5,0,person,0.5813063383102417,605.5933227539062,473.8487548828125,644.0174560546875,585.4169311523438,44.0,20.890701
137,6,0,person,0.5173225402832031,659.4636840820312,472.3211364746094,690.1917114257812,579.8087158203125,41.0,21.683784
137,7,0,person,0.3934552073478699,570.9760131835938,478.02313232421875,609.7632446289062,583.5836181640625,44.0,22.07964
137,8,2,car,0.31968003511428833,460.1124572753906,487.43609619140625,543.2955932617188,562.4566040039062,32.0,27.412947
137,9,0,person,0.2852748930454254,856.387451171875,431.0873107910156,956.98193359375,599.8214721679688,68.0,13.813074
137,10,2,car,0.258323073387146,439.2518005371094,467.6089782714844,508.8283996582031,518.80615234375,20.0,40.16888
138,0,0,person,0.9128797650337219,649.1998901367188,366.15252685546875,968.5177001953125,1071.4581298828125,242.0,3.3045783
138,1,2,car,0.8990739583969116,0.68646240234375,491.6461486816406,241.10760498046875,769.71826171875,124.0,7.395683
138,2,2,car,0.8888983130455017,115.50016784667969,458.70904541015625,338.3923645019531,669.9615478515625,80.0,9.734953
138,3,2,car,0.8447267413139343,312.0826721191406,497.5245056152344,422.93609619140625,600.4137573242188,55.0,19.987833
138,4,2,car,0.6967015862464905,0.24588775634765625,607.9274291992188,63.50039291381836,939.84619140625,194.0,6.1958933
138,5,0,person,0.5784518718719482,661.4446411132812,472.3779602050781,692.8851928710938,575.5147705078125,39.0,22.598503
138,6,0,person,0.4900006949901581,608.1676025390625,472.02557373046875,647.3720703125,582.20361328125,42.0,21.154284
138,7,0,person,0.4769665002822876,850.01513671875,425.126220703125,965.2005615234375,618.192626953125,99.0,12.0722065
138,8,0,person,0.40799257159233093,575.08740234375,476.5111083984375,611.253662109375,581.8580932617188,42.0,22.124388
138,9,2,car,0.265835702419281,442.62225341796875,467.8929748535156,511.3387145996094,512.9903564453125,19.0,45.602055
139,0,0,person,0.9020821452140808,645.3795776367188,372.9998474121094,964.5752563476562,1071.169677734375,239.0,3.3383534
139,1,2,car,0.8926185965538025,0.7445068359375,490.98321533203125,237.52752685546875,777.5187377929688,122.0,7.1772366
139,2,2,car,0.8855881690979004,111.54788208007812,457.6585693359375,337.8399658203125,670.99365234375,78.0,9.63992
139,3,2,car,0.8380010724067688,311.32061767578125,495.78460693359375,422.8708190917969,600.7088012695312,53.0,19.600182
139,4,2,car,0.6595820188522339,0.1957683563232422,618.6514892578125,67.9344482421875,948.4242553710938,184.0,6.236213
139,5,0,person,0.55671226978302,661.5690307617188,473.71160888671875,694.6709594726562,570.667236328125,37.0,24.039219
139,6,0,person,0.555267333984375,841.8850708007812,419.1508483886719,959.8112182617188,637.2255859375,112.0,10.687793
139,7,0,person,0.5006080865859985,610.1268920898438,470.8874816894531,650.5075073242188,580.7650146484375,39.0,21.21214
139,8,0,person,0.3460313677787781,601.5345458984375,473.8301086425781,641.2494506835938,581.65478515625,39.0,21.615993
139,9,0,person,0.33919206261634827,576.4043579101562,477.4596252441406,612.72021484375,580.7250366210938,40.0,22.57036
139,10,9,traffic light,0.2565893232822418,544.3685913085938,360.8232421875,572.0469360351562,425.4826354980469,25.0,
139,11,2,car,0.2520073354244232,444.5301818847656,468.1517028808594,511.0462646484375,511.6734924316406,19.0,47.252956
140,0,0,person,0.9055123925209045,637.3623046875,383.492431640625,959.9880981445312,1071.6611328125,237.0,3.3868694
140,1,2,car,0.8967999219894409,0.37245941162109375,491.93682861328125,233.0447998046875,781.370361328125,126.0,7.105373
140,2,2,car,0.8199158310890198,113.8228759765625,451.6434631347656,338.82159423828125,675.271240234375,79.0,9.196233
140,3,2,car,0.7490452527999878,314.9465637207031,492.37921142578125,427.1490173339844,600.0562133789062,54.0,19.099094
140,4,0,person,0.6621995568275452,614.341064453125,471.4902648925781,652.7686767578125,579.7386474609375,41.0,21.531385
140,5,0,person,0.6306052207946777,665.0757446289062,473.0804748535156,699.4699096679688,575.7470703125,41.0,22.702005
140,6,0,person,0.6280349493026733,580.2615966796875,471.4684753417969,618.227783203125,580.7402954101562,42.0,21.329721
140,7,2,car,0.602563202381134,0.10851860046386719,627.25634765625,57.06865310668945,957.43212890625,192.0,6.228601
140,8,0,person,0.5209725499153137,841.8480834960938,417.1053771972656,958.3009643554688,652.3314208984375,123.0,9.908502
140,9,9,traffic light,0.38802534341812134,545.8661499023438,358.6746826171875,574.7579345703125,430.22021484375,29.0,
141,0,2,car,0.9097763895988464,0.3143463134765625,492.1097717285156,230.77639770507812,781.5238647460938,125.0,7.10585
141,1,0,person,0.9004551768302917,630.136962890625,384.5662536621094,961.1204223632812,1071.1903076171875,241.0,3.3944888
141,2,2,car,0.8627218008041382,111.52745819091797,453.6210021972656,339.4760437011719,671.31689453125,78.0,9.446816
141,3,2,car,0.7559003829956055,315.4338073730469,490.7386779785156,429.007080078125,600.4478759765625,53.0,18.745312
141,4,0,person,0.6926406621932983,614.99267578125,472.1685791015625,655.6803588867188,577.9561157226562,39.0,22.032251
141,5,0,person,0.643466591835022,583.9121704101562,469.4469909667969,619.4891967773438,576.7066650390625,42.0,21.729858
141,6,0,person,0.6121461391448975,664.9890747070312,473.1128845214844,699.9622802734375,575.9959716796875,40.0,22.654234
141,7,0,person,0.5851356983184814,841.5921630859375,417.02178955078125,961.5445556640625,653.4556274414062,132.0,9.857884
141,8,2,car,0.46666625142097473,0.05894279479980469,632.1561889648438,45.91013717651367,969.7803955078125,195.0,6.09119
141,9,9,traffic light,0.31746578216552734,549.2247314453125,357.35064697265625,576.6332397460938,428.8561706542969,29.0,
142,0,2,car,0.9101120829582214,0.241058349609375,489.3299560546875,227.1533660888672,785.414306640625,133.0,6.945768
142,1,0,person,0.8974513411521912,628.35546875,380.4930725097656,958.5715942382812,1071.5743408203125,245.0,3.3725953
142,2,2,car,0.8698397874832153,106.87548065185547,452.53216552734375,338.47198486328125,671.0665283203125,80.0,9.410571
142,3,2,car,0.7808579206466675,315.25848388671875,487.8423156738281,429.6566467285156,599.5302124023438,55.0,18.413214
142,4,0,person,0.6944552063941956,614.7193603515625,471.6912536621094,656.8374633789062,575.2150268554688,38.0,22.514032
142,5,0,person,0.6474677324295044,583.2806396484375,468.27593994140625,619.754150390625,574.9061279296875,43.0,21.858139
142,6,0,person,0.6387935876846313,669.5067138671875,468.43927001953125,704.0632934570312,574.1773681640625,40.0,22.042553
142,7,0,person,0.6284598708152771,847.0746459960938,418.6033630371094,968.1558837890625,651.5420532226562,104.0,10.005798
142,8,9,traffic light,0.4085409343242645,548.9031982421875,354.99822998046875,576.9734497070312,429.93231201171875,31.0,
142,9,2,car,0.3472752273082733,0.11551666259765625,631.8729858398438,38.90128707885742,989.3168334960938,197.0,5.753444
142,10,2,car,0.3075319826602936,396.7884521484375,456.11090087890625,460.19476318359375,520.4263916015625,25.0,31.975706
143,0,2,car,0.9092880487442017,0.0,485.2635498046875,226.00698852539062,792.1975708007812,135.0,6.7002454
143,1,0,person,0.8992751836776733,630.3590698242188,373.3140563964844,956.6823120117188,1071.723388671875,241.0,3.3372087
143,2,2,car,0.8573030233383179,108.98236083984375,447.3560485839844,340.656494140625,673.8842163085938,82.0,9.078487
143,3,2,car,0.7837299704551697,315.5604248046875,487.4573669433594,432.2434387207031,598.2238159179688,56.0,18.566391
143,4,0,person,0.6449571251869202,616.1005859375,468.8811950683594,658.3992309570312,572.4255981445312,38.0,22.509546
143,5,0,person,0.5895624160766602,671.7551879882812,466.46551513671875,700.8208618164062,555.095703125,39.0,26.297333
143,6,0,person,0.5642027854919434,583.3449096679688,466.77923583984375,619.2770385742188,573.8251342773438,41.0,21.773254
143,7,0,person,0.5026757121086121,853.3941650390625,419.4210205078125,967.0924072265625,826.1553955078125,231.0,5.7303677
143,8,0,person,0.33149707317352295,855.07470703125,418.74591064453125,967.8028564453125,649.4910278320312,190.0,10.100918
144,0,0,person,0.904092013835907,639.3413696289062,362.2811279296875,957.185546875,1065.5167236328125,237.0,3.3143053
144,1,2,car,0.89065021276474,0.0849151611328125,485.6883544921875,220.49148559570312,791.5358276367188,138.0,6.724048
144,2,2,car,0.8446701765060425,106.01885223388672,448.2298278808594,339.5837707519531,671.357177734375,85.0,9.216859
144,3,2,car,0.8005967736244202,315.6318054199219,485.3783874511719,435.5627746582031,596.5509643554688,58.0,18.498566
144,4,0,person,0.49720582365989685,862.0751953125,420.5962829589844,969.65771484375,798.4099731445312,224.0,6.169013
144,5,0,person,0.49174827337265015,585.527587890625,468.99591064453125,622.75927734375,572.964111328125,42.0,22.417793
144,6,0,person,0.4602718949317932,674.3959350585938,467.2987060546875,701.8613891601562,537.1871337890625,37.0,33.349407
144,7,0,person,0.36745351552963257,619.81884765625,471.9697570800781,659.207763671875,569.5524291992188,40.0,23.884748
144,8,0,person,0.3669233024120331,863.820556640625,418.6260681152344,972.2420654296875,675.67919921875,197.0,9.067143
144,9,0,person,0.34783872961997986,621.986083984375,470.958251953125,657.2626342773438,543.7705078125,40.0,32.01024
145,0,0,person,0.9175248146057129,643.8387451171875,355.573974609375,957.1137084960938,1072.0411376953125,232.0,3.2530975
145,1,2,car,0.8975314497947693,0.2979583740234375,486.0274658203125,220.2634735107422,789.7106323242188,138.0,6.77197
145,2,2,car,0.8615682721138,110.0069580078125,442.65765380859375,341.9264221191406,673.83349609375,81.0,8.895969
145,3,2,car,0.7981925010681152,317.6532897949219,485.9417724609375,436.6614074707031,593.6054077148438,54.0,19.101465
145,4,0,person,0.4828259348869324,874.5639038085938,418.9508056640625,977.8895874023438,658.9964599609375,179.0,9.709559
145,5,0,person,0.30813145637512207,676.0316772460938,466.8185119628906,702.7954711914062,524.7810668945312,31.0,40.21109
145,6,0,person,0.2996459901332855,587.2393798828125,463.376953125,626.123779296875,570.605224609375,36.0,21.736223
145,7,2,car,0.26054301857948303,473.4971008300781,473.13519287109375,561.6513671875,560.302734375,28.0,23.592878
146,0,0,person,0.9227057099342346,646.7520751953125,352.85980224609375,959.3003540039062,1072.5792236328125,231.0,3.2383974
146,1,2,car,0.8949675559997559,0.2096099853515625,485.490966796875,218.9951934814453,789.556640625,138.0,6.7634506
146,2,2,car,0.8496439456939697,107.52003479003906,439.61627197265625,342.9756774902344,671.410400390625,81.0,8.87224
146,3,2,car,0.8381500244140625,318.613037109375,483.0746154785156,439.5934753417969,594.0625,53.0,18.529348
146,4,0,person,0.567132294178009,876.1763916015625,418.881591796875,979.2158813476562,665.5540161132812,211.0,9.448715
146,5,0,person,0.42769309878349304,585.9203491210938,459.37518310546875,629.9729614257812,568.7080688476562,39.0,21.317808
146,6,0,person,0.3980569839477539,629.3676147460938,455.47393798828125,665.4346313476562,526.4525756835938,37.0,32.83717
146,7,0,person,0.3249610960483551,678.9826049804688,465.4809265136719,702.6200561523438,520.87451171875,32.0,42.075947
146,8,2,car,0.27308475971221924,474.3979797363281,468.014404296875,566.4990844726562,556.3087768554688,29.0,23.29178
147,0,0,person,0.9278916120529175,649.6741333007812,357.50372314453125,969.6558837890625,1072.8929443359375,233.0,3.2579992
147,1,2,car,0.8907923102378845,0.193450927734375,484.76165771484375,212.80792236328125,797.6929321289062,142.0,6.5718365
147,2,2,car,0.8603525161743164,112.64016723632812,437.7747802734375,343.93096923828125,673.0761108398438,81.0,8.739998
147,3,2,car,0.8197618126869202,318.55023193359375,482.5437927246094,439.11181640625,592.5068359375,54.0,18.70204
147,4,0,person,0.5381690859794617,876.4528198242188,413.9736633300781,985.8013916015625,663.4749145507812,214.0,9.341587
147,5,0,person,0.442870557308197,631.9301147460938,455.46826171875,667.6326293945312,521.1505737304688,36.0,35.485012
147,6,0,person,0.3079726994037628,591.2449951171875,457.01788330078125,633.4370727539062,565.89697265625,39.0,21.406658
147,7,0,person,0.26813939213752747,686.8261108398438,462.2416076660156,714.8276977539062,529.9786376953125,31.0,34.40862
148,0,0,person,0.9219937324523926,654.5828247070312,368.4447326660156,974.6451416015625,1072.6556396484375,239.0,3.309715
148,1,2,car,0.897071123123169,0.2476959228515625,483.9913330078125,210.34410095214844,802.6616821289062,148.0,6.4534817
148,2,2,car,0.8824101090431213,112.16471862792969,434.1162414550781,344.3759765625,672.4235229492188,83.0,8.629754
148,3,2,car,0.8049822449684143,320.8881530761719,480.7306823730469,441.3301696777344,590.8151245117188,55.0,18.681416
148,4,0,person,0.5667102932929993,875.490966796875,404.6244812011719,992.49755859375,663.3109130859375,198.0,9.009894
148,5,0,person,0.45121079683303833,686.3635864257812,454.60565185546875,716.626708984375,541.6951904296875,35.0,26.762543
148,6,0,person,0.45036131143569946,633.4060668945312,455.6871032714844,672.119384765625,542.4923706054688,39.0,26.850185
148,7,0,person,0.36156633496284485,594.0570068359375,455.35784912109375,635.4681396484375,564.9274291992188,41.0,21.271757
148,8,9,traffic light,0.27025529742240906,564.1719360351562,344.2610778808594,594.6192626953125,407.2693176269531,28.0,
149,0,0,person,0.9285269975662231,658.043701171875,374.27325439453125,981.6754760742188,1071.8636474609375,238.0,3.3411262
149,1,2,car,0.8982256054878235,0.20381927490234375,481.21728515625,208.0971221923828,806.7894287109375,145.0,6.316674
149,2,2,car,0.8961847424507141,110.54804992675781,433.493408203125,344.7488708496094,672.1294555664062,80.0,8.617865
149,3,2,car,0.7930594086647034,320.18792724609375,479.7426452636719,442.6130676269531,588.3896484375,51.0,18.928577
149,4,0,person,0.5571243762969971,686.1554565429688,449.782470703125,720.5040283203125,549.9750366210938,34.0,23.262579
149,5,0,person,0.5531557202339172,873.5711669921875,399.4979553222656,998.0739135742188,829.374267578125,226.0,5.4218793
149,6,0,person,0.5470699071884155,637.050537109375,454.067138671875,677.2681884765625,562.9369506835938,37.0,21.408484
149,7,0,person,0.3992321193218231,596.1090698242188,454.5732421875,637.8721313476562,563.6536254882812,38.0,21.367155
149,8,9,traffic light,0.3943975567817688,567.0421142578125,342.2367858886719,596.1837768554688,404.8877868652344,23.0,
149,9,0,person,0.32125353813171387,875.0174560546875,398.9907531738281,998.1275024414062,667.0036010742188,99.0,8.696365
150,0,0,person,0.9240922331809998,656.79345703125,379.1862487792969,978.7093505859375,1072.3099365234375,239.0,3.3626575
150,1,2,car,0.9067040085792542,0.1737213134765625,479.09124755859375,202.5973358154297,806.9758911132812,147.0,6.2721243
150,2,2,car,0.8760783672332764,106.00366973876953,426.6588134765625,344.05340576171875,671.6502685546875,83.0,8.394306
150,3,2,car,0.8230106234550476,318.050537109375,478.73968505859375,445.3554382324219,585.3748168945312,54.0,19.2857
150,4,0,person,0.7012052536010742,874.234130859375,395.9593505859375,1002.837158203125,838.7325439453125,225.0,5.2639537
150,5,0,person,0.5699913501739502,683.8701782226562,449.1797790527344,721.20947265625,553.623046875,39.0,22.315825
150,6,0,person,0.5274366736412048,637.4139404296875,449.9651184082031,678.6244506835938,561.9373779296875,41.0,20.815311
150,7,0,person,0.3154839873313904,600.353515625,450.41876220703125,637.444091796875,561.9680786132812,41.0,20.894234
151,0,0,person,0.9286999106407166,659.7779541015625,379.84423828125,975.0626831054688,1072.205322265625,235.0,3.3663614
151,1,2,car,0.9130286574363708,0.135040283203125,476.6802978515625,197.07028198242188,810.9149780273438,148.0,6.1529617
151,2,2,car,0.8602488040924072,100.32608032226562,423.78717041015625,342.0509338378906,671.4007568359375,83.0,8.305413
151,3,2,car,0.8149147033691406,319.1508483886719,475.2285461425781,446.1244201660156,585.1871948242188,54.0,18.702787
151,4,0,person,0.7677632570266724,879.69580078125,390.6939697265625,1007.3911743164062,829.0618286132812,220.0,5.316853
151,5,0,person,0.6503778696060181,638.50830078125,448.39178466796875,681.09375,559.8074340820312,40.0,20.919302
151,6,0,person,0.5887622237205505,686.4816284179688,450.3089904785156,721.8013305664062,548.4877319335938,39.0,23.739737
151,7,9,traffic light,0.37535360455513,573.33203125,337.94781494140625,601.6056518554688,404.1636962890625,29.0,
151,8,0,person,0.31994953751564026,602.830810546875,447.74609375,641.0198364257812,561.4686889648438,40.0,20.494938
151,9,0,person,0.3019021153450012,597.9609375,465.0606994628906,637.90380859375,560.2962036132812,40.0,24.47341
152,0,0,person,0.9161868095397949,665.1762084960938,371.7314758300781,964.201904296875,1070.9981689453125,240.0,3.3331165
152,1,2,car,0.8959574699401855,0.207275390625,475.0117492675781,192.18394470214844,820.8310546875,151.0,5.946843
152,2,2,car,0.8608519434928894,316.3076477050781,474.7434997558594,447.9436340332031,583.2382202148438,53.0,18.955145
152,3,2,car,0.8439620733261108,95.77904510498047,422.6818542480469,342.1813659667969,670.2718505859375,83.0,8.306205
152,4,0,person,0.7752109169960022,882.400634765625,387.9645080566406,1009.4796752929688,794.7706298828125,127.0,5.7293572
152,5,0,person,0.693320631980896,643.2427978515625,444.0574951171875,683.5939331054688,558.5835571289062,41.0,20.351154
152,6,0,person,0.5793716907501221,602.944091796875,446.8623962402344,642.9033813476562,558.0595703125,41.0,20.960403
152,7,0,person,0.5224481225013733,689.4525756835938,453.4034729003906,721.0631713867188,537.2265014648438,39.0,27.805456
152,8,9,traffic light,0.3959657847881317,574.2606811523438,337.5273742675781,601.7284545898438,402.8883361816406,23.0,
152,9,2,car,0.2692681550979614,420.93328857421875,444.3050842285156,486.741943359375,508.304931640625,28.0,32.133408
153,0,0,person,0.9107025861740112,669.0592041015625,352.7222900390625,963.5746459960938,1071.8291015625,238.0,3.2411563
153,1,2,car,0.9011589288711548,0.8894233703613281,472.16400146484375,188.81040954589844,826.1141967773438,155.0,5.810233
153,2,2,car,0.8504287004470825,91.06361389160156,423.8197937011719,340.60101318359375,669.7378540039062,85.0,8.362677
153,3,0,person,0.8026742935180664,886.958740234375,386.47467041015625,1013.8660278320312,785.9462280273438,118.0,5.834552
153,4,2,car,0.7942957282066345,318.1658020019531,471.459228515625,448.4165954589844,580.786376953125,55.0,18.81082
153,5,0,person,0.6277111768722534,644.2490844726562,442.768798828125,683.7053833007812,556.219482421875,42.0,20.54406
153,6,0,person,0.6123818755149841,605.8505859375,446.40509033203125,642.7507934570312,557.1234741210938,42.0,21.051044
153,7,9,traffic light,0.5372783541679382,574.2811279296875,335.6344299316406,602.9197387695312,403.0882873535156,25.0,
153,8,0,person,0.35678204894065857,694.0623168945312,450.39910888671875,721.54443359375,519.55126953125,40.0,33.70448
154,0,2,car,0.9050419926643372,1.2908592224121094,471.5871276855469,184.1024932861328,826.6528930664062,157.0,5.7919784
154,1,0,person,0.8975754976272583,669.4795532226562,348.2139587402344,957.5055541992188,1070.992431640625,236.0,3.2246916
154,2,2,car,0.8237680792808533,80.14805603027344,422.5653991699219,338.21246337890625,671.6050415039062,86.0,8.257854
154,3,0,person,0.815224289894104,888.2821655273438,393.0487060546875,1015.9224243164062,790.1964111328125,118.0,5.868692
154,4,2,car,0.8068788051605225,318.4347229003906,471.1723937988281,449.9242248535156,579.408935546875,55.0,19.000359
154,5,0,person,0.5669646263122559,605.6556396484375,446.99652099609375,649.42236328125,554.8443603515625,42.0,21.611351
154,6,0,person,0.53696209192276,645.4878540039062,443.28167724609375,685.4371948242188,555.8814697265625,40.0,20.699306
154,7,9,traffic light,0.472709596157074,574.8603515625,335.32977294921875,603.4242553710938,399.8701477050781,23.0,
154,8,2,car,0.3327072262763977,424.6745910644531,440.2879943847656,504.0145568847656,507.0619812011719,29.0,30.798418
154,9,0,person,0.32868704199790955,693.5399780273438,447.9166564941406,723.804931640625,512.1135864257812,36.0,36.30606
155,0,2,car,0.9132493138313293,0.14411544799804688,471.7101745605469,178.57305908203125,833.4281616210938,161.0,5.68546
155,1,0,person,0.8938027620315552,672.9819946289062,342.89447021484375,947.88427734375,1070.519287109375,234.0,3.2032135
155,2,0,person,0.8354066610336304,892.5503540039062,395.11761474609375,1019.6702270507812,791.2348022460938,116.0,5.88396
155,3,2,car,0.8312374353408813,68.97297668457031,421.59759521484375,338.98846435546875,671.8609008789062,85.0,8.217478
155,4,2,car,0.8027864694595337,318.73333740234375,466.7757568359375,451.52178955078125,576.6588134765625,54.0,18.715652
155,5,0,person,0.6059813499450684,605.9661865234375,444.92059326171875,652.5000610351562,553.5076904296875,39.0,21.464222
155,6,0,person,0.445510596036911,648.3023071289062,438.5451354980469,689.445556640625,553.1322631835938,36.0,20.34031
155,7,2,car,0.3953465223312378,426.0240173339844,437.7768859863281,495.0805969238281,503.1764831542969,26.0,31.445656
155,8,2,car,0.2617405354976654,426.8280029296875,439.17205810546875,528.3231811523438,497.88226318359375,24.0,35.02855
155,9,0,person,0.2594878375530243,693.2732543945312,444.5865173339844,728.69921875,503.5552673339844,33.0,39.52496
156,0,2,car,0.9055701494216919,0.11798858642578125,471.2309875488281,171.1621551513672,838.1093139648438,164.0,5.605491
156,1,0,person,0.8873658776283264,674.2652587890625,341.90386962890625,951.5037841796875,1071.3087158203125,234.0,3.1953962
156,2,0,person,0.83183354139328,897.3472290039062,391.281005859375,1020.7936401367188,793.6155395507812,113.0,5.7930336
156,3,2,car,0.8236632347106934,67.1092300415039,418.5456848144531,339.37811279296875,673.547607421875,86.0,8.064775
156,4,2,car,0.7946165800094604,318.677978515625,463.5662841796875,454.3539123535156,575.1535034179688,54.0,18.429827
156,5,0,person,0.5963098406791687,602.3067626953125,441.2472229003906,650.5549926757812,552.3848266601562,40.0,20.971638
156,6,0,person,0.390694797039032,650.0765380859375,437.5794982910156,691.0317993164062,548.8585205078125,36.0,20.944986
156,7,2,car,0.348258912563324,429.0405578613281,436.3409118652344,511.1369934082031,501.28924560546875,25.0,31.66414
156,8,2,car,0.260934978723526,498.3475341796875,448.2597961425781,586.0933227539062,540.982177734375,26.0,22.17947
157,0,2,car,0.8952709436416626,0.14919662475585938,469.51885986328125,168.3669891357422,840.7294921875,164.0,5.540071
157,1,0,person,0.8835792541503906,671.4711303710938,356.4019775390625,941.282958984375,1072.60546875,234.0,3.254295
157,2,0,person,0.8598026633262634,896.65673828125,392.41094970703125,1024.215087890625,798.0333862304688,107.0,5.7460766
157,3,2,car,0.8309597969055176,66.73492431640625,414.59967041015625,339.6919860839844,672.45556640625,85.0,7.9755135
157,4,2,car,0.7894836664199829,321.4752502441406,462.555908203125,455.4081115722656,573.2353515625,52.0,18.580986
157,5,0,person,0.47287485003471375,604.7678833007812,440.5191650390625,650.0101928710938,550.19384765625,37.0,21.251373
157,6,2,car,0.4120781123638153,430.9801025390625,434.9956970214844,501.56634521484375,500.2559509277344,24.0,31.512798
157,7,0,person,0.2787187099456787,648.2805786132812,434.5864562988281,693.2427978515625,530.72119140625,33.0,24.24449
158,0,0,person,0.9090774059295654,665.6126098632812,356.00885009765625,932.7462768554688,1077.00341796875,233.0,3.23267
158,1,2,car,0.8859265446662903,0.28472900390625,470.8680725097656,161.49624633789062,845.7080078125,163.0,5.48643
158,2,0,person,0.8684393167495728,898.3978271484375,390.4966735839844,1029.259765625,798.2276000976562,108.0,5.716362
158,3,2,car,0.8292930126190186,66.02210998535156,411.42718505859375,340.65673828125,673.2264404296875,86.0,7.855382
158,4,2,car,0.7721974849700928,318.6645202636719,459.61834716796875,459.6073913574219,573.785888671875,52.0,18.013292
158,5,0,person,0.42264291644096375,609.09228515625,439.4706115722656,653.0990600585938,548.2132568359375,37.0,21.43352
158,6,2,car,0.3851122260093689,432.36785888671875,434.189208984375,499.3010559082031,500.26025390625,21.0,31.12609
159,0,0,person,0.9208643436431885,657.4378051757812,366.3692321777344,938.6771850585938,1073.324462890625,237.0,3.2968674
159,1,0,person,0.8813049793243408,902.718017578125,387.71649169921875,1030.7794189453125,793.3324584960938,109.0,5.746168
159,2,2,car,0.8662201762199402,0.0,471.0275573730469,156.85284423828125,853.4998779296875,170.0,5.3769464
159,3,2,car,0.815138578414917,64.7579116821289,411.03094482421875,341.9997253417969,671.4159545898438,88.0,7.8980474
159,4,2,car,0.7734929919242859,319.5702209472656,458.1782531738281,462.1017150878906,572.8848266601562,53.0,17.928642
159,5,0,person,0.4439942538738251,613.7880249023438,437.41204833984375,651.923583984375,537.2354736328125,38.0,23.348602
159,6,2,car,0.3336877226829529,433.4447937011719,430.9142761230469,522.2076416015625,502.2311096191406,23.0,28.836575
160,0,0,person,0.9147582054138184,648.6202392578125,369.4988708496094,939.8599243164062,1072.1396484375,236.0,3.3171113
160,1,0,person,0.8665746450424194,905.2673950195312,384.83441162109375,1033.2708740234375,793.600341796875,109.0,5.701888
160,2,2,car,0.8423418402671814,55.59250259399414,410.38787841796875,340.34686279296875,672.8442993164062,91.0,7.835713
160,3,2,car,0.8054894804954529,0.16244888305664062,472.3946228027344,152.18124389648438,863.6358642578125,174.0,5.2564325
160,4,2,car,0.8024915456771851,326.52020263671875,458.2145690917969,462.1502685546875,573.23828125,55.0,17.879211
160,5,0,person,0.41426190733909607,611.9646606445312,436.0491943359375,652.640869140625,536.5120239257812,39.0,23.199999
160,6,0,person,0.32873231172561646,604.9808959960938,437.8922424316406,658.6703491210938,545.3419799804688,40.0,21.691422
160,7,2,car,0.31019002199172974,435.3419494628906,431.6912841796875,508.0408630371094,501.91278076171875,25.0,29.286377
160,8,0,person,0.2775391638278961,589.4966430664062,447.228271484375,651.5795288085938,543.1558227539062,34.0,24.296852
161,0,0,person,0.9124955534934998,643.4305419921875,366.35540771484375,937.9747924804688,1073.2269287109375,236.0,3.2972577
161,1,0,person,0.8881698846817017,908.1743774414062,382.53753662109375,1035.6768798828125,795.0249633789062,103.0,5.650445
161,2,2,car,0.8644171953201294,0.0811614990234375,470.0944519042969,148.2248077392578,870.7249145507812,175.0,5.133242
161,3,2,car,0.8384729027748108,52.06134796142578,409.3964538574219,340.7147521972656,675.4274291992188,89.0,7.7304277
161,4,2,car,0.8060430288314819,331.4678649902344,457.30078125,463.6358642578125,573.4824829101562,55.0,17.701008
161,5,0,person,0.37659943103790283,607.2650756835938,435.63995361328125,648.36083984375,530.7872314453125,38.0,24.496103
161,6,2,car,0.25703445076942444,437.11029052734375,431.4337463378906,501.4669189453125,499.3960876464844,25.0,30.259893
162,0,0,person,0.907889723777771,632.7989501953125,354.8909912109375,942.958740234375,1072.2667236328125,234.0,3.2489774
162,1,0,person,0.8739355206489563,913.3141479492188,377.6414794921875,1041.4139404296875,793.142578125,104.0,5.609462
162,2,2,car,0.8093006610870361,50.75437545776367,407.0680847167969,342.60369873046875,675.4664306640625,90.0,7.6622424
162,3,2,car,0.7773979902267456,0.0978240966796875,465.5859375,142.61102294921875,875.4336547851562,179.0,5.0177984
162,4,2,car,0.7564356327056885,326.8422546386719,456.7602844238281,465.2571716308594,573.0507202148438,55.0,17.684458
162,5,2,car,0.3157415986061096,438.1417541503906,429.69781494140625,505.6917419433594,498.280517578125,26.0,29.98618
162,6,0,person,0.2864919900894165,590.2835693359375,464.4619445800781,637.1534423828125,542.7783203125,37.0,29.760538
163,0,0,person,0.9121221899986267,631.1793823242188,348.6545104980469,941.9225463867188,1069.8060302734375,228.0,3.2319667
163,1,2,car,0.8619194626808167,0.1802215576171875,453.412353515625,138.19203186035156,888.7728881835938,181.0,4.7237473
163,2,0,person,0.847589373588562,918.8360595703125,374.99066162109375,1047.7269287109375,791.3787841796875,107.0,5.5975122
163,3,2,car,0.80058354139328,49.92455291748047,405.54986572265625,342.6135559082031,679.2782592773438,91.0,7.513043
163,4,2,car,0.7173288464546204,328.7449951171875,455.3674621582031,469.30535888671875,571.755859375,55.0,17.669573
163,5,2,car,0.4481683075428009,441.5669860839844,429.8752746582031,509.7166442871094,497.337646484375,27.0,30.484152
164,0,0,person,0.914193868637085,633.3348388671875,346.20062255859375,944.7636108398438,1071.5570068359375,222.0,3.2132308
164,1,0,person,0.8703391551971436,927.04833984375,373.1065979003906,1055.0408935546875,793.4678344726562,108.0,5.544606
164,2,2,car,0.8464919328689575,0.10955429077148438,458.9122009277344,136.0109100341797,896.5994262695312,182.0,4.6986365
164,3,2,car,0.8092122077941895,45.58257293701172,406.4450988769531,343.11846923828125,681.3883056640625,93.0,7.4798474
164,4,2,car,0.7085957527160645,329.10076904296875,455.06134033203125,471.766845703125,571.95556640625,55.0,17.593111
164,5,2,car,0.29657411575317383,517.4251708984375,441.1480407714844,635.3897705078125,526.0100708007812,27.0,24.233845
164,6,2,car,0.2636805772781372,444.77032470703125,427.7474670410156,515.8319091796875,499.01312255859375,27.0,28.857283
165,0,0,person,0.9143551588058472,634.6239624023438,340.4502868652344,944.1617431640625,1071.2855224609375,220.0,3.1891425
165,1,2,car,0.8952608704566956,0.09646224975585938,475.4493713378906,126.05694580078125,900.87890625,184.0,4.834016
165,2,0,person,0.8600575923919678,930.3922119140625,373.88470458984375,1059.0047607421875,794.8857421875,110.0,5.53618
165,3,2,car,0.8300125598907471,38.18158721923828,405.6118469238281,342.927734375,678.7132568359375,92.0,7.5302916
165,4,2,car,0.7692223191261292,325.7961120605469,455.0999450683594,474.6978454589844,571.5064697265625,54.0,17.66682
165,5,2,car,0.4250433146953583,444.8006591796875,424.033447265625,517.3401489257812,498.10601806640625,25.0,27.763762
165,6,2,car,0.2544662058353424,520.348388671875,440.3759765625,612.6039428710938,520.51171875,23.0,25.66312
166,0,0,person,0.9089066982269287,636.5755004882812,345.6855163574219,942.6978149414062,1072.2412109375,221.0,3.207927
166,1,2,car,0.9013853073120117,0.040374755859375,475.73126220703125,121.78843688964844,909.2537841796875,187.0,4.743775
166,2,0,person,0.8689631819725037,934.3021240234375,372.5552673339844,1065.662841796875,789.6993408203125,112.0,5.587368
166,3,2,car,0.8289405107498169,316.68817138671875,454.9368896484375,477.2710266113281,573.2239990234375,54.0,17.385944
166,4,2,car,0.8216468095779419,37.95982360839844,404.7069396972656,345.0398254394531,681.4183959960938,93.0,7.4320493
166,5,2,car,0.26270782947540283,521.2311401367188,439.6114196777344,621.9325561523438,519.2315063476562,20.0,25.829327
167,0,0,person,0.9152638912200928,636.7991333007812,350.5377502441406,947.1502685546875,1068.046875,222.0,3.2483733
167,1,0,person,0.8771429061889648,940.7105712890625,373.13983154296875,1069.5516357421875,788.7290649414062,112.0,5.608272
167,2,2,car,0.8702822327613831,0.0,481.04736328125,116.09358215332031,922.0447998046875,189.0,4.6633677
167,3,2,car,0.8532647490501404,31.671340942382812,403.2464904785156,348.106689453125,681.5965576171875,95.0,7.388298
167,4,2,car,0.83364337682724,328.7271423339844,453.0819396972656,481.07830810546875,571.4323120117188,56.0,17.376652
167,5,2,car,0.34288594126701355,0.0399627685546875,428.1435546875,54.203948974609375,522.079833984375,44.0,21.892853
167,6,2,car,0.26360785961151123,263.6029357910156,386.1033630371094,351.5244140625,482.49053955078125,33.0,21.33617
167,7,2,car,0.2561924457550049,524.12255859375,439.5097961425781,617.2302856445312,515.3026123046875,23.0,27.133615
168,0,0,person,0.9187077879905701,635.1632690429688,359.218505859375,946.6317138671875,1071.7950439453125,223.0,3.2708592
168,1,0,person,0.8873109817504883,941.7693481445312,376.1773681640625,1077.1807861328125,789.0677490234375,107.0,5.644931
168,2,2,car,0.8524305820465088,28.127426147460938,401.9696960449219,345.8516845703125,684.2938842773438,95.0,7.284297
168,3,2,car,0.8373594880104065,0.037994384765625,485.7095947265625,108.41578674316406,932.5332641601562,190.0,4.602561
168,4,2,car,0.793632984161377,326.5526123046875,452.5825500488281,482.48394775390625,571.2744140625,55.0,17.326656
168,5,2,car,0.35976463556289673,266.0303649902344,384.90447998046875,355.0190734863281,481.9944152832031,33.0,21.181734
168,6,2,car,0.27383261919021606,526.0352172851562,437.6633605957031,614.8984985351562,512.317626953125,21.0,27.54743
168,7,2,car,0.2623807191848755,0.0,425.6966857910156,53.38224792480469,533.7010498046875,57.0,19.041204
169,0,0,person,0.9207331538200378,635.0614013671875,367.975341796875,943.1260986328125,1072.5440673828125,226.0,3.3080344
169,1,0,person,0.8831230401992798,949.219482421875,375.58721923828125,1080.843017578125,790.263427734375,110.0,5.6206203
169,2,2,car,0.8532348871231079,22.998138427734375,401.40118408203125,344.97991943359375,688.4494018554688,97.0,7.1644173
169,3,2,car,0.8299089670181274,0.203338623046875,477.8341369628906,101.90364074707031,931.1085815429688,188.0,4.53706
169,4,2,car,0.7874860763549805,335.78302001953125,452.7129821777344,483.24462890625,570.4488525390625,56.0,17.467346
169,5,2,car,0.36562812328338623,268.245849609375,383.9228210449219,356.9554138183594,480.9299011230469,32.0,21.199825
169,6,2,car,0.3614792227745056,0.0,423.2483825683594,48.59390640258789,533.2128295898438,53.0,18.701801
169,7,0,person,0.2752425968647003,613.2142944335938,443.78594970703125,655.3882446289062,535.4566040039062,35.0,25.425121
169,8,7,truck,0.2524906396865845,265.1567077636719,384.3062744140625,355.6534729003906,478.46881103515625,32.0,
170,0,0,person,0.9221280217170715,638.1610107421875,369.4649963378906,937.6922607421875,1073.2056884765625,224.0,3.3119266
170,1,2,car,0.8827856779098511,15.100456237792969,401.1772155761719,345.03729248046875,688.2785034179688,99.0,7.163093
170,2,0,person,0.8811135292053223,954.1778564453125,376.7848205566406,1083.6531982421875,789.7703247070312,112.0,5.6436305
170,3,2,car,0.8064444661140442,337.1290588378906,451.17022705078125,485.966064453125,570.4969482421875,55.0,17.234474
170,4,2,car,0.7859523892402649,0.6117668151855469,489.3134765625,90.57579803466797,897.96240234375,188.0,5.0325184
170,5,2,car,0.5275941491127014,0.0,420.4827575683594,48.3192024230957,533.0518798828125,52.0,18.26907
170,6,2,car,0.44088223576545715,270.83258056640625,383.87164306640625,358.3810729980469,477.96405029296875,31.0,21.856527
170,7,0,person,0.42416176199913025,614.0733032226562,435.67584228515625,656.7354125976562,532.668701171875,33.0,24.029991
170,8,7,truck,0.31417208909988403,270.0121154785156,384.4362487792969,357.5048522949219,476.3421936035156,31.0,
171,0,0,person,0.9262973666191101,647.9324951171875,364.64996337890625,932.3698120117188,1072.341064453125,222.0,3.2934391
171,1,0,person,0.8924316763877869,965.53271484375,378.8480529785156,1092.7318115234375,789.29248046875,112.0,5.6785703
171,2,2,car,0.8887060284614563,11.2789306640625,398.46588134765625,346.943603515625,691.220947265625,101.0,7.024757
171,3,2,car,0.8247856497764587,338.8858337402344,450.5345764160156,488.1297912597656,568.1119995117188,55.0,17.490885
171,4,2,car,0.7742712497711182,0.25992393493652344,502.885986328125,90.1112289428711,894.9152221679688,191.0,5.245867
171,5,2,car,0.4863840937614441,0.0,422.55706787109375,49.024112701416016,533.7515258789062,62.0,18.494925
171,6,7,truck,0.31740429997444153,274.8576354980469,382.8860778808594,364.4425964355469,474.0643615722656,30.0,
171,7,2,car,0.3162335455417633,276.2070007324219,383.1394958496094,363.2591247558594,473.6600646972656,30.0,22.71896
171,8,9,traffic light,0.28726017475128174,623.2866821289062,312.96917724609375,651.4364013671875,385.42950439453125,24.0,
172,0,0,person,0.9240460395812988,649.5850219726562,350.79052734375,920.2738647460938,1072.8675537109375,218.0,3.227824
172,1,2,car,0.8700137138366699,2.0957565307617188,397.4191589355469,344.2947692871094,691.1591186523438,103.0,7.0012035
172,2,0,person,0.8681274652481079,968.8096313476562,377.73193359375,1101.2137451171875,789.5294189453125,113.0,5.659912
172,3,2,car,0.8309088349342346,334.091796875,450.2699890136719,487.8329162597656,568.8675537109375,55.0,17.340433
172,4,2,car,0.5522233247756958,0.005344390869140625,472.7515869140625,79.71148681640625,910.0907592773438,192.0,4.702376
172,5,2,car,0.46905744075775146,274.6464538574219,382.2158203125,363.3050231933594,474.3450622558594,29.0,22.322264
172,6,7,truck,0.29497870802879333,273.138427734375,382.4497375488281,364.52801513671875,473.5534973144531,29.0,
172,7,2,car,0.2871057391166687,623.0111694335938,498.2267761230469,676.697021484375,532.936767578125,36.0,59.249027
173,0,0,person,0.9087390303611755,652.9877319335938,338.23992919921875,910.8189697265625,1072.6673583984375,214.0,3.1735437
173,1,2,car,0.885433554649353,0.6500244140625,396.30889892578125,345.057373046875,690.7257080078125,104.0,6.985108
173,2,0,person,0.8719584345817566,974.2424926757812,375.58447265625,1105.7777099609375,789.0353393554688,111.0,5.637278
173,3,2,car,0.8235049247741699,337.49029541015625,449.54095458984375,490.6922607421875,567.5839233398438,55.0,17.421904
173,4,2,car,0.5361629724502563,0.1663970947265625,584.4635009765625,66.35896301269531,916.9711303710938,198.0,6.1849203
173,5,2,car,0.3464924991130829,273.9886169433594,379.60528564453125,367.4752197265625,468.6112060546875,30.0,23.105577
173,6,2,car,0.3384813368320465,0.0,467.49444580078125,72.92011260986328,915.810302734375,195.0,4.5872416
174,0,0,person,0.9114347696304321,653.0623779296875,333.4637145996094,907.27099609375,1072.7188720703125,211.0,3.152819
174,1,2,car,0.8811801075935364,0.522125244140625,395.8446350097656,345.03887939453125,692.168701171875,105.0,6.9401493
174,2,0,person,0.8794220089912415,981.9111938476562,373.72705078125,1111.34912109375,788.2256469726562,111.0,5.6230288
174,3,2,car,0.835554838180542,338.70794677734375,447.2622985839844,493.07574462890625,568.4837646484375,56.0,16.965092
174,4,2,car,0.6620453000068665,0.1155853271484375,589.6703491210938,57.65090560913086,930.3843994140625,198.0,6.0359507
174,5,2,car,0.3171210289001465,471.6515808105469,422.7008056640625,548.9631958007812,483.85565185546875,29.0,33.628296
175,0,0,person,0.9077858924865723,650.8178100585938,334.7208251953125,899.8654174804688,1070.3284912109375,210.0,3.168452
175,1,0,person,0.8961751461029053,984.6240234375,368.21685791015625,1119.104736328125,788.5219116210938,111.0,5.545347
175,2,2,car,0.8885089159011841,0.0,395.30511474609375,343.5029602050781,692.6742553710938,106.0,6.9157586
175,3,2,car,0.8473644256591797,334.72576904296875,447.3834228515625,494.41314697265625,569.3347778320312,54.0,16.863554
175,4,2,car,0.5977466702461243,0.05678844451904297,587.1926879882812,46.650333404541016,939.89501953125,200.0,5.83079
175,5,2,car,0.27653080224990845,473.970458984375,420.08477783203125,549.2595825195312,492.711181640625,26.0,28.316605
176,0,0,person,0.9093320369720459,645.9935302734375,330.78955078125,896.8412475585938,1069.5850830078125,213.0,3.1547801
176,1,0,person,0.9068451523780823,986.947265625,363.4214172363281,1122.9156494140625,786.89208984375,112.0,5.503894
176,2,2,car,0.8527560234069824,0.0713653564453125,394.7633972167969,339.4217224121094,691.43798828125,109.0,6.931949
176,3,2,car,0.8469788432121277,332.51385498046875,447.75750732421875,496.29071044921875,572.0440063476562,56.0,16.546715
176,4,2,car,0.34851816296577454,0.11747074127197266,564.0849609375,41.19009780883789,972.2301635742188,194.0,5.038729
176,5,2,car,0.27087685465812683,290.930908203125,429.86224365234375,348.5663757324219,509.2913818359375,52.0,25.89142
176,6,2,car,0.2623288035392761,476.4718322753906,419.9436950683594,555.7650146484375,490.1712341308594,28.0,29.283857
176,7,7,truck,0.2520822286605835,283.84600830078125,380.0771484375,371.6056213378906,458.0262451171875,27.0,
177,0,0,person,0.9092984199523926,637.5213012695312,339.4428405761719,891.9492797851562,1060.8883056640625,214.0,3.2306497
177,1,0,person,0.8987017273902893,989.5037841796875,361.8234558105469,1125.6640625,789.2651977539062,113.0,5.4527607
177,2,2,car,0.8951890468597412,0.15838623046875,394.8409423828125,338.7424621582031,693.7877807617188,108.0,6.8792605
177,3,2,car,0.8208996057510376,331.1034240722656,448.2831115722656,499.720947265625,572.755615234375,54.0,16.521988
177,4,7,truck,0.3507751524448395,287.0256042480469,380.8699951171875,372.35504150390625,463.4464416503906,26.0,
177,5,2,car,0.32883891463279724,289.9521179199219,430.6651611328125,350.3897399902344,510.32537841796875,51.0,25.816315
177,6,2,car,0.29277804493904114,289.0339050292969,429.7958679199219,350.7806396484375,545.7491455078125,61.0,17.735878
177,7,2,car,0.2745613753795624,851.217041015625,463.43731689453125,907.4388427734375,508.51568603515625,28.0,45.62129
177,8,2,car,0.25276297330856323,476.84326171875,419.48199462890625,556.9700317382812,491.35565185546875,24.0,28.61317
178,0,0,person,0.9394757151603699,620.9148559570312,346.46429443359375,885.7255249023438,1058.87890625,218.0,3.2716026
178,1,0,person,0.892784833908081,991.608642578125,361.6937255859375,1127.9423828125,793.1744384765625,117.0,5.401719
178,2,2,car,0.8822746872901917,0.3312835693359375,395.22052001953125,333.9212341308594,700.7860717773438,112.0,6.7302523
178,3,2,car,0.787569522857666,330.8665466308594,448.8604431152344,499.5112609863281,574.403564453125,55.0,16.38109
178,4,2,car,0.38277074694633484,286.7296142578125,431.5842590332031,349.3078308105469,494.2288513183594,47.0,32.828583
178,5,2,car,0.30184540152549744,844.2183837890625,461.4304504394531,911.9174194335938,517.5634155273438,29.0,36.636818
178,6,7,truck,0.28403109312057495,286.015380859375,382.37127685546875,373.0931091308594,462.16241455078125,31.0,
179,0,0,person,0.9389057159423828,608.88671875,358.9947509765625,882.0551147460938,1060.5521240234375,218.0,3.3222337
179,1,0,person,0.8940261602401733,996.4832153320312,362.1455383300781,1131.65380859375,792.2150268554688,116.0,5.419444
179,2,2,car,0.8618361353874207,0.0,394.25262451171875,331.8627624511719,707.0689086914062,117.0,6.5742526
179,3,2,car,0.7848778963088989,330.74798583984375,448.1054992675781,500.97344970703125,573.280029296875,60.0,16.429327
179,4,2,car,0.4070959687232971,284.66864013671875,431.38861083984375,349.6458435058594,491.886474609375,47.0,33.993484
179,5,2,car,0.3417016863822937,845.2556762695312,463.8108215332031,908.7848510742188,509.38128662109375,32.0,45.128643
179,6,7,truck,0.3136166036128998,285.9302062988281,382.37933349609375,375.18011474609375,462.093017578125,34.0,
179,7,9,traffic light,0.2986699640750885,638.70263671875,310.8431396484375,668.7835693359375,376.5471496582031,30.0,
180,0,0,person,0.934626042842865,602.6612548828125,355.9620666503906,878.9593505859375,1061.425537109375,216.0,3.3038385
180,1,0,person,0.893666684627533,1000.7832641601562,364.5213317871094,1135.042724609375,795.994140625,111.0,5.401818
180,2,2,car,0.8638629913330078,0.11112213134765625,394.48260498046875,329.3294982910156,715.4701538085938,114.0,6.406894
180,3,2,car,0.8041370511054993,330.86712646484375,449.5282287597656,502.6157531738281,575.396728515625,54.0,16.338743
180,4,2,car,0.36235642433166504,849.4947509765625,466.69024658203125,909.47314453125,509.6904602050781,26.0,47.826115
180,5,2,car,0.3525645136833191,285.9979248046875,430.7937927246094,352.31219482421875,497.3594055175781,42.0,30.894829
180,6,2,car,0.3280960023403168,475.748046875,419.69110107421875,563.28076171875,496.8782043457031,24.0,26.643482
180,7,7,truck,0.26923778653144836,286.4808654785156,382.6072998046875,375.7693176269531,460.61334228515625,27.0,
181,0,0,person,0.9312803149223328,598.2003173828125,348.41839599609375,876.3966674804688,1058.1827392578125,210.0,3.283819
181,1,2,car,0.9140591621398926,0.046417236328125,394.5557861328125,328.71893310546875,721.5547485351562,118.0,6.289112
181,2,0,person,0.8926413655281067,1004.5809326171875,371.09637451171875,1137.392578125,798.54150390625,114.0,5.4527173
181,3,2,car,0.788384199142456,329.6727600097656,448.46295166015625,502.2978515625,579.1975708007812,58.0,15.730594
181,4,2,car,0.3740878105163574,848.8632202148438,466.6300964355469,909.1935424804688,509.3608703613281,29.0,48.127686
181,5,2,car,0.3412991762161255,284.48272705078125,430.1103515625,350.5064392089844,483.7529296875,41.0,38.337704
181,6,2,car,0.3276970386505127,475.9034729003906,422.3872375488281,561.9866333007812,497.4886779785156,27.0,27.383406
182,0,0,person,0.9137153029441833,598.3632202148438,334.9849548339844,873.1342163085938,1057.68798828125,206.0,3.2250283
182,1,2,car,0.8991398811340332,0.11297607421875,393.5841979980469,327.97906494140625,719.9887084960938,118.0,6.300566
182,2,0,person,0.89420086145401,1009.0506591796875,374.62005615234375,1142.0606689453125,794.5684204101562,113.0,5.5500574
182,3,2,car,0.8104088306427002,330.17449951171875,448.1148376464844,504.3708801269531,578.9608764648438,57.0,15.717198
182,4,2,car,0.39599257707595825,284.0356750488281,430.3854675292969,352.0046081542969,481.5317687988281,37.0,40.208836
182,5,2,car,0.374141663312912,852.3829345703125,466.4863586425781,912.596435546875,509.6796569824219,28.0,47.61232
182,6,2,car,0.36683088541030884,476.8062744140625,428.19781494140625,566.3963012695312,501.27593994140625,25.0,28.141571
182,7,7,truck,0.3355068266391754,288.5791931152344,383.3997802734375,379.5434265136719,471.59747314453125,29.0,
183,0,0,person,0.9093554019927979,594.9401245117188,337.4440612792969,872.1841430664062,1058.7071533203125,204.0,3.2314668
183,1,2,car,0.9071719646453857,0.0849609375,393.4001770019531,324.86474609375,728.926025390625,122.0,6.129284
183,2,0,person,0.9049784541130066,1008.5782470703125,376.4813232421875,1144.043701171875,799.3738403320312,115.0,5.5114183
183,3,2,car,0.8141216039657593,328.3154602050781,448.2644348144531,501.9957580566406,580.993896484375,59.0,15.494173
183,4,2,car,0.4360373616218567,282.5694580078125,430.21539306640625,352.2283630371094,480.75341796875,38.0,40.69279
183,5,2,car,0.4248809814453125,477.02783203125,426.9442138671875,570.0869750976562,502.2504577636719,28.0,27.308933
183,6,0,person,0.4193992018699646,562.4318237304688,429.0857849121094,608.3234252929688,536.1266479492188,30.0,21.774279
183,7,2,car,0.31619659066200256,854.4310913085938,466.8758239746094,912.1301879882812,508.8796691894531,31.0,48.960594
183,8,7,truck,0.2884960174560547,289.28826904296875,383.56036376953125,380.15399169921875,473.791259765625,30.0,
183,9,0,person,0.27627629041671753,593.2308959960938,427.513671875,632.3616333007812,532.3052978515625,30.0,22.24164
183,10,9,traffic light,0.27451157569885254,643.9404296875,310.5876159667969,675.2412109375,385.9476013183594,22.0,
184,0,0,person,0.9109472632408142,1008.767822265625,377.1331787109375,1143.6082763671875,801.8243408203125,117.0,5.488076
184,1,0,person,0.9097872972488403,593.7894287109375,339.7015686035156,876.3048706054688,1056.1884765625,203.0,3.2530077
184,2,2,car,0.9070410132408142,0.2288818359375,393.6961669921875,320.07843017578125,734.640625,125.0,6.031872
184,3,2,car,0.8379815816879272,326.8789367675781,447.012451171875,499.99017333984375,581.3449096679688,61.0,15.309279
184,4,2,car,0.401650071144104,280.4460754394531,431.24334716796875,351.8573913574219,478.5298767089844,39.0,43.49089
184,5,2,car,0.3849794268608093,476.93865966796875,429.9136047363281,569.6619873046875,503.6865234375,30.0,27.876534
184,6,0,person,0.3719213306903839,563.2560424804688,431.0946350097656,606.8963012695312,537.5183715820312,34.0,21.900543
184,7,2,car,0.3587039113044739,278.968505859375,431.3953857421875,352.8095397949219,498.93182373046875,39.0,30.45072
184,8,2,car,0.2959851920604706,857.709228515625,466.6817626953125,914.1170654296875,510.5047607421875,34.0,46.928173
184,9,7,truck,0.25467830896377563,289.47125244140625,383.6495361328125,380.7292175292969,457.47381591796875,31.0,
185,0,0,person,0.9134929776191711,1011.1373291015625,376.5231628417969,1143.515625,801.3577880859375,116.0,5.486223
185,1,0,person,0.9006248116493225,590.7576293945312,340.565185546875,874.6992797851562,1054.5418701171875,202.0,3.2644448
185,2,2,car,0.883150041103363,0.305145263671875,392.8909606933594,319.030029296875,730.4118041992188,125.0,6.0930552
185,3,2,car,0.8463158011436462,325.8178405761719,446.8406982421875,499.80487060546875,584.707763671875,59.0,14.916783
185,4,0,person,0.4568350613117218,562.080322265625,429.6712646484375,601.4112548828125,539.131591796875,30.0,21.29299
185,5,2,car,0.38015925884246826,279.92462158203125,431.14886474609375,352.262451171875,484.689453125,36.0,38.410732
185,6,7,truck,0.31466373801231384,287.8471984863281,383.669677734375,382.10247802734375,473.43896484375,28.0,
185,7,2,car,0.2784762978553772,476.176025390625,430.6971130371094,572.1513671875,504.54107666015625,26.0,27.849712
186,0,0,person,0.9043961763381958,1011.7870483398438,377.9383850097656,1141.7274169921875,803.2799072265625,117.0,5.479685
186,1,0,person,0.8920745849609375,589.0939331054688,349.4735412597656,854.5914916992188,1043.8836669921875,205.0,3.356428
186,2,2,car,0.879619836807251,0.410614013671875,393.6961669921875,308.8189392089844,742.1494140625,129.0,5.901891
186,3,2,car,0.8733913898468018,324.3899841308594,448.11895751953125,499.32916259765625,586.1954956054688,61.0,14.894154
186,4,0,person,0.42404070496559143,564.0587768554688,433.5457763671875,603.2989501953125,537.2015991210938,36.0,22.485352
186,5,2,car,0.3810398578643799,273.5046081542969,432.7652282714844,351.6267395019531,502.00592041015625,38.0,29.701223
186,6,7,truck,0.2818964421749115,293.3478698730469,383.8444519042969,382.05499267578125,455.5807800292969,29.0,
187,0,2,car,0.9092086553573608,0.5046844482421875,394.14111328125,301.8272399902344,740.7235107421875,128.0,5.9337497
187,1,0,person,0.896314263343811,588.123779296875,359.53765869140625,855.8900756835938,1039.3280029296875,206.0,3.4286122
187,2,0,person,0.8917092084884644,1012.21435546875,375.498046875,1140.9825439453125,800.9386596679688,114.0,5.478409
187,3,2,car,0.8782374262809753,322.99163818359375,448.6053771972656,498.37060546875,585.7387084960938,58.0,14.996596
187,4,2,car,0.4189927577972412,273.9288024902344,432.93267822265625,351.6662292480469,504.81292724609375,35.0,28.610546
187,5,0,person,0.32200008630752563,563.9182739257812,431.37359619140625,604.6475219726562,534.6038818359375,32.0,22.578041
187,6,7,truck,0.2664935290813446,293.028564453125,383.4810791015625,383.2888488769531,456.52752685546875,25.0,
188,0,0,person,0.9102745652198792,589.2609252929688,371.9124755859375,853.1983032226562,1044.7679443359375,207.0,3.4639497
188,1,2,car,0.90489262342453,0.43833160400390625,395.2881774902344,300.0350036621094,744.448486328125,131.0,5.88994
188,2,0,person,0.898069441318512,1012.8484497070312,371.99432373046875,1142.46728515625,804.2509155273438,115.0,5.392023
188,3,2,car,0.8979243040084839,321.7566223144531,449.3480529785156,496.9676818847656,588.2045288085938,59.0,14.810495
188,4,2,car,0.5814692378044128,278.88916015625,432.6865539550781,354.25872802734375,512.9075927734375,35.0,25.635834
188,5,0,person,0.47989803552627563,561.2797241210938,433.4982604980469,610.1961669921875,537.6804809570312,35.0,22.37174
188,6,16,dog,0.2812733054161072,828.6331787109375,640.4136352539062,895.6307373046875,792.4158325195312,147.0,
189,0,0,person,0.9163239002227783,590.8086547851562,371.6139221191406,847.9963989257812,1049.337890625,206.0,3.439066
189,1,0,person,0.9109479188919067,1013.7460327148438,366.6673278808594,1144.6351318359375,804.4378051757812,115.0,5.3241086
189,2,2,car,0.9072930216789246,0.38248443603515625,396.3589782714844,293.7171936035156,748.2836303710938,131.0,5.8436747
189,3,2,car,0.8583860993385315,319.09271240234375,450.10418701171875,497.134765625,590.7346801757812,58.0,14.623665
189,4,2,car,0.5904194116592407,281.7058410644531,434.5557861328125,355.0419616699219,514.7865600585938,33.0,25.632723
189,5,0,person,0.2572486996650696,829.850830078125,640.2081909179688,898.9566650390625,791.5697631835938,142.0,15.398476
190,0,2,car,0.9151240587234497,0.4457244873046875,397.37677001953125,290.0566711425781,754.6027221679688,133.0,5.7569537
190,1,0,person,0.9145875573158264,1014.427734375,365.9513854980469,1148.0234375,805.3443603515625,115.0,5.3044486
190,2,0,person,0.907897412776947,594.5413208007812,370.1406555175781,839.317626953125,1037.9146728515625,205.0,3.4903088
190,3,2,car,0.8385661244392395,315.50494384765625,453.60333251953125,500.80950927734375,593.4422607421875,59.0,14.706443
190,4,2,car,0.5628170967102051,280.86907958984375,435.27520751953125,353.6548767089844,511.35809326171875,33.0,27.030169
190,5,7,truck,0.2942967414855957,294.6814880371094,385.9681396484375,383.84698486328125,451.7635192871094,26.0,
190,6,0,person,0.276297390460968,825.9180908203125,628.500244140625,903.879638671875,793.589599609375,133.0,14.118036
190,7,2,car,0.25044000148773193,243.04220581054688,440.1666259765625,294.17559814453125,529.6389770507812,36.0,22.985125
191,0,0,person,0.9079628586769104,1014.2911376953125,366.2082824707031,1148.974365234375,807.4835815429688,117.0,5.2818217
191,1,0,person,0.9055038094520569,597.3894653320312,359.7552795410156,830.291015625,1042.0316162109375,203.0,3.4161193
191,2,2,car,0.8870139718055725,0.4010009765625,398.0164489746094,287.1261291503906,758.500732421875,137.0,5.704918
191,3,2,car,0.8587012887001038,312.81134033203125,454.793701171875,500.9625549316406,595.4802856445312,60.0,14.617834
191,4,2,car,0.5302650928497314,278.4812927246094,437.1893005371094,351.0957946777344,512.1060791015625,34.0,27.450903
191,5,2,car,0.34973716735839844,236.67274475097656,440.3052062988281,290.0340576171875,514.0433959960938,35.0,27.889662
191,6,7,truck,0.33088788390159607,295.055419921875,386.299072265625,385.3495788574219,453.94903564453125,26.0,
191,7,24,backpack,0.32249075174331665,616.3090209960938,467.38165283203125,798.0247802734375,746.67626953125,201.0,
191,8,7,truck,0.2694379985332489,287.9930725097656,386.6624755859375,389.713623046875,506.63427734375,31.0,
191,9,2,car,0.2575429677963257,476.8216552734375,451.552490234375,524.4393920898438,502.300537109375,27.0,40.52438
192,0,0,person,0.903009831905365,1013.9968872070312,372.16680908203125,1149.29638671875,808.828857421875,119.0,5.3376236
192,1,0,person,0.9017314314842224,595.725830078125,349.4455261230469,825.1935424804688,1034.297119140625,201.0,3.403274
192,2,2,car,0.8400023579597473,310.9154968261719,453.4433898925781,498.6834716796875,596.6512451171875,61.0,14.360477
192,3,2,car,0.8372743129730225,0.34476470947265625,398.6546630859375,283.325439453125,766.5181274414062,138.0,5.59048
192,4,2,car,0.5057666897773743,280.3267822265625,438.2783203125,353.4071044921875,515.023681640625,35.0,26.79684
192,5,2,car,0.33922427892684937,512.1537475585938,436.73602294921875,580.7701416015625,504.09283447265625,31.0,30.531927
192,6,7,truck,0.319724977016449,286.45782470703125,387.3089294433594,390.0124816894531,515.167724609375,31.0,
192,7,2,car,0.2842008173465729,574.2403564453125,474.01336669921875,623.7255249023438,536.9586791992188,34.0,32.671745
192,8,2,car,0.2799105942249298,476.4931640625,442.7622985839844,522.7005615234375,496.8121032714844,29.0,38.048855
192,9,2,car,0.26595062017440796,477.6528625488281,455.032470703125,523.8864135742188,502.9420166015625,29.0,42.92533
193,0,0,person,0.910257875919342,1012.758544921875,372.6012268066406,1148.9937744140625,808.9633178710938,121.0,5.3412924
193,1,0,person,0.8953022956848145,593.34375,342.9483947753906,820.519775390625,1026.4512939453125,200.0,3.409989
193,2,2,car,0.8777326941490173,310.7924499511719,455.4983215332031,501.4028625488281,597.5438232421875,61.0,14.477989
193,3,2,car,0.8445127606391907,0.0,397.718994140625,280.7289733886719,783.5081176757812,139.0,5.3307185
193,4,2,car,0.44996899366378784,278.7710266113281,438.14794921875,353.1749267578125,516.6795043945312,35.0,26.18735
193,5,2,car,0.3123510181903839,500.7186584472656,435.92333984375,577.3128662109375,504.28741455078125,30.0,30.082075
193,6,0,person,0.2826443612575531,829.3839721679688,636.8171997070312,918.3671875,797.1907348632812,128.0,14.53318
193,7,2,car,0.27212220430374146,476.3009338378906,442.0155029296875,526.1121215820312,498.77783203125,28.0,36.2306
193,8,7,truck,0.26887694001197815,286.8129577636719,387.75457763671875,391.328369140625,516.438720703125,32.0,
193,9,2,car,0.2512976825237274,232.4947509765625,438.85400390625,283.7713623046875,516.12744140625,35.0,26.613714
194,0,0,person,0.9114354848861694,1015.2841186523438,374.9689636230469,1149.924072265625,811.160400390625,120.0,5.3433824
194,1,0,person,0.8959983587265015,592.4888916015625,346.4549560546875,816.5673217773438,1036.200927734375,200.0,3.3791246
194,2,2,car,0.8734306693077087,308.0525207519531,455.81414794921875,499.6037292480469,597.6551513671875,61.0,14.498862
194,3,2,car,0.8536028861999512,0.420501708984375,396.4874267578125,273.170654296875,782.5596313476562,140.0,5.32681
194,4,2,car,0.5555544495582581,281.4436340332031,438.19537353515625,352.56353759765625,512.9924926757812,34.0,27.494818
194,5,16,dog,0.5469065308570862,830.5501708984375,636.15771484375,922.955810546875,798.6801147460938,127.0,
194,6,2,car,0.39264222979545593,476.2508239746094,443.3260803222656,526.4950561523438,499.7062683105469,27.0,36.47617
194,7,0,person,0.37670084834098816,832.2076416015625,638.3816528320312,924.3801879882812,796.6490478515625,127.0,14.726581
194,8,2,car,0.3376989960670471,517.3456420898438,438.6852722167969,577.5932006835938,506.1415100097656,29.0,30.486923
194,9,2,car,0.26983433961868286,229.66246032714844,440.3293762207031,286.4063720703125,518.8828125,35.0,26.180054
194,10,2,car,0.2587818503379822,515.6129150390625,439.517333984375,584.6495361328125,540.1473388671875,30.0,20.43658
195,0,0,person,0.9066179990768433,584.5556030273438,349.9781799316406,812.8765869140625,1032.6802978515625,198.0,3.4139888
195,1,0,person,0.9034176468849182,1015.868408203125,376.63385009765625,1149.80419921875,808.4183349609375,118.0,5.3979187
195,2,2,car,0.8711981177330017,0.5194244384765625,397.4139404296875,266.4029846191406,785.9901123046875,144.0,5.2924843
195,3,2,car,0.8705300688743591,304.648193359375,455.1031799316406,496.0404968261719,598.34033203125,61.0,14.35754
195,4,2,car,0.3893411457538605,475.8045959472656,443.9747314453125,525.9038696289062,499.40460205078125,25.0,37.101532
195,5,2,car,0.33293551206588745,279.0932922363281,438.5461120605469,353.12164306640625,510.8385314941406,34.0,28.447426
195,6,16,dog,0.30373579263687134,828.9186401367188,634.0276489257812,925.342529296875,800.7288818359375,128.0,
195,7,7,truck,0.25942307710647583,293.03778076171875,387.1689453125,387.38336181640625,453.7291564941406,28.0,
196,0,0,person,0.9215951561927795,575.8217163085938,354.9169921875,802.955078125,1017.955078125,201.0,3.5152392
196,1,0,person,0.8911826610565186,1014.75146484375,377.3418273925781,1150.1744384765625,810.8681640625,120.0,5.3762307
196,2,2,car,0.8778502345085144,0.0,399.42205810546875,258.8336181640625,795.9115600585938,148.0,5.186854
196,3,2,car,0.8568850159645081,300.0757141113281,454.1501770019531,493.67852783203125,599.8781127929688,61.0,14.112142
196,4,16,dog,0.7194806933403015,833.9141845703125,635.9339599609375,929.65234375,804.2717895507812,129.0,
196,5,7,truck,0.4439641237258911,280.42596435546875,388.7197265625,387.64593505859375,514.43408203125,34.0,
196,6,2,car,0.4291124641895294,471.2188415527344,459.56707763671875,523.8258666992188,503.7789001464844,28.0,46.515457
196,7,7,truck,0.332063227891922,286.48260498046875,387.823974609375,387.2117004394531,477.8441162109375,29.0,
196,8,2,car,0.2630457580089569,524.7341918945312,447.6074523925781,598.5716552734375,542.5426635742188,36.0,21.66249
197,0,0,person,0.9288683533668518,561.9860229492188,364.4165954589844,795.8408203125,1015.1522827148438,200.0,3.581696
197,1,0,person,0.9000976085662842,1013.2216796875,378.1755065917969,1150.8160400390625,812.0526123046875,119.0,5.3718843
197,2,2,car,0.8589326739311218,0.10198974609375,400.001953125,250.76174926757812,794.6984252929688,150.0,5.210417
197,3,2,car,0.8547385334968567,294.5356750488281,453.9573059082031,490.5411071777344,600.3890991210938,62.0,14.044308
197,4,16,dog,0.7417252063751221,832.9815673828125,634.9517822265625,928.0506591796875,804.4900512695312,126.0,
197,5,7,truck,0.4705773591995239,278.78302001953125,389.7899169921875,380.9818115234375,517.7874145507812,32.0,
197,6,2,car,0.4074546992778778,468.8287353515625,454.0491027832031,525.7830200195312,504.4082336425781,28.0,40.837345
197,7,2,car,0.30364033579826355,273.837890625,439.392333984375,352.2938232421875,513.8633422851562,35.0,27.61522
197,8,7,truck,0.28646495938301086,284.8970031738281,388.5755310058594,380.6264343261719,478.9065856933594,28.0,
197,9,2,car,0.2829037010669708,233.8923797607422,439.056884765625,278.9877624511719,517.41943359375,34.0,26.243828
198,0,0,person,0.9173637628555298,550.883056640625,372.1062927246094,788.0216674804688,1015.3612060546875,199.0,3.62335
198,1,0,person,0.9000622630119324,1007.5220947265625,377.83575439453125,1148.6024169921875,811.7947998046875,119.0,5.3708696
198,2,2,car,0.8649585247039795,0.1309661865234375,400.2106018066406,241.63633728027344,797.8839111328125,151.0,5.171414
198,3,2,car,0.8525443077087402,286.99017333984375,452.4532470703125,481.70361328125,601.2874145507812,61.0,13.817615
198,4,16,dog,0.7340644598007202,830.36376953125,635.67578125,927.8097534179688,804.5165405273438,129.0,
198,5,16,dog,0.502758264541626,829.9122314453125,632.9623413085938,982.8258056640625,808.3515625,129.0,
198,6,2,car,0.4364854693412781,462.027099609375,450.2718505859375,522.0111694335938,500.40521240234375,27.0,41.02125
198,7,7,truck,0.40472856163978577,272.41314697265625,388.9633483886719,378.7061462402344,517.1971435546875,30.0,
198,8,2,car,0.27757880091667175,268.7882995605469,438.528076171875,352.6495056152344,507.3888244628906,33.0,29.8651
199,0,0,person,0.9226576685905457,532.519287109375,370.84881591796875,782.5001831054688,1013.730712890625,198.0,3.625452
199,1,0,person,0.8960005640983582,1002.5161743164062,375.3392028808594,1145.2523193359375,816.0306396484375,119.0,5.28882
199,2,2,car,0.8782287836074829,0.3662567138671875,396.87322998046875,231.22679138183594,802.816650390625,155.0,5.0660586
199,3,2,car,0.8431181907653809,279.5603332519531,451.9281921386719,477.39361572265625,602.8125610351562,63.0,13.629863
199,4,16,dog,0.5596317052841187,828.1129760742188,632.47802734375,1000.0955200195312,807.560302734375,101.0,
199,5,16,dog,0.5504287481307983,827.9946899414062,636.011962890625,922.9865112304688,805.2103271484375,128.0,
199,6,7,truck,0.36220651865005493,271.56585693359375,388.6447448730469,371.2833557128906,501.2536926269531,30.0,
199,7,2,car,0.31280025839805603,505.95941162109375,463.06109619140625,570.67822265625,536.751953125,31.0,27.907576
199,8,2,car,0.25531038641929626,266.9970397949219,437.3265380859375,344.62945556640625,503.48291015625,34.0,31.085943
199,9,2,car,0.253745436668396,457.6625061035156,449.9310607910156,517.1695556640625,502.943115234375,27.0,38.79369
200,0,0,person,0.9243460893630981,518.7386474609375,360.41473388671875,767.8428955078125,1011.2883911132812,195.0,3.580937
200,1,0,person,0.878230631351471,997.114013671875,374.4251403808594,1134.1907958984375,811.2911376953125,118.0,5.3351316
200,2,2,car,0.8675641417503357,0.3215789794921875,397.6079406738281,215.56114196777344,798.7804565429688,156.0,5.1263065
200,3,2,car,0.8637142777442932,269.5849914550781,452.9515686035156,470.6911926269531,605.056884765625,64.0,13.520455
200,4,16,dog,0.5941346287727356,818.2562255859375,634.2601928710938,956.8795166015625,808.646728515625,131.0,
200,5,16,dog,0.5080892443656921,818.3095092773438,634.3594360351562,916.26416015625,805.786376953125,125.0,
200,6,7,truck,0.4404134154319763,270.7713623046875,387.1712951660156,360.71392822265625,452.8583679199219,28.0,
200,7,7,truck,0.34484049677848816,263.8976745605469,388.18048095703125,362.57421875,479.3580322265625,28.0,
200,8,2,car,0.2818445563316345,838.3152465820312,466.96759033203125,898.0277709960938,513.8240966796875,32.0,43.890026
201,0,0,person,0.9062302112579346,513.1491088867188,353.7447509765625,756.1443481445312,1011.2818603515625,191.0,3.544648
201,1,2,car,0.8955172300338745,0.23517608642578125,400.1293029785156,199.8632354736328,814.7459716796875,158.0,4.9600835
201,2,0,person,0.8908624053001404,990.021240234375,369.2666931152344,1127.4664306640625,816.5211791992188,119.0,5.211211
201,3,2,car,0.8713366389274597,257.8680725097656,451.537353515625,459.82232666015625,606.0736083984375,62.0,13.307772
201,4,16,dog,0.6953421831130981,805.4031372070312,635.65283203125,987.4085083007812,808.119873046875,131.0,
201,5,16,dog,0.403897225856781,808.80859375,640.7561645507812,907.15234375,805.9231567382812,130.0,
201,6,2,car,0.40087318420410156,439.5202331542969,459.1094055175781,493.2924499511719,546.947021484375,37.0,23.412899
201,7,7,truck,0.3104362487792969,256.8658447265625,387.8185729980469,354.1403503417969,456.9143371582031,29.0,
201,8,7,truck,0.25984129309654236,247.42794799804688,388.6988525390625,353.8854675292969,511.51922607421875,31.0,
202,0,0,person,0.9037099480628967,979.1259765625,366.823974609375,1116.9415283203125,816.5877685546875,117.0,5.182137
202,1,0,person,0.893539309501648,498.3328857421875,351.7005615234375,744.6766357421875,1012.072265625,189.0,3.5294328
202,2,2,car,0.8773128986358643,0.11937332153320312,400.4050598144531,184.40240478515625,827.5625610351562,158.0,4.814461
202,3,2,car,0.8708522319793701,243.60232543945312,453.7332763671875,448.24200439453125,606.8305053710938,62.0,13.4328575
202,4,16,dog,0.6631695628166199,802.1351318359375,645.5618286132812,898.4720458984375,802.9215698242188,130.0,
202,5,16,dog,0.5521602034568787,798.5120239257812,636.4264526367188,979.5467529296875,808.716064453125,131.0,
202,6,2,car,0.3377573490142822,425.3202209472656,447.24005126953125,498.1866760253906,542.4193725585938,29.0,21.606934
202,7,7,truck,0.27791616320610046,248.8810272216797,387.3409729003906,340.21136474609375,472.80517578125,25.0,
203,0,0,person,0.9144177436828613,485.886962890625,348.27520751953125,729.2947998046875,1009.7777709960938,187.0,3.523399
203,1,0,person,0.911175012588501,968.0209350585938,364.1473388671875,1109.1904296875,813.11279296875,118.0,5.1913514
203,2,2,car,0.8452473282814026,230.7205352783203,451.912109375,434.4229431152344,606.563232421875,63.0,13.297887
203,3,2,car,0.8183081150054932,0.21211624145507812,399.0736083984375,166.8091278076172,826.2528076171875,160.0,4.8142166
203,4,16,dog,0.7106829881668091,788.728271484375,645.3322143554688,885.1715698242188,805.567626953125,132.0,
203,5,16,dog,0.6462675333023071,787.8619995117188,636.1126708984375,963.9926147460938,809.7965698242188,132.0,
203,6,7,truck,0.4025782346725464,226.11927795410156,388.50164794921875,335.6622009277344,494.4983825683594,31.0,
203,7,2,car,0.28544187545776367,473.4996643066406,444.3510437011719,532.975341796875,515.3872680664062,31.0,28.950485
203,8,2,car,0.2623283863067627,223.93338012695312,437.7265319824219,316.1415710449219,488.4634094238281,40.0,40.533302
204,0,0,person,0.9249860644340515,482.37799072265625,347.8179931640625,719.7601318359375,1006.2496948242188,188.0,3.5398319
204,1,0,person,0.913092851638794,958.3145751953125,361.0285949707031,1103.6649169921875,813.39404296875,119.0,5.1523333
204,2,2,car,0.8771929740905762,0.16112136840820312,397.05926513671875,152.1255645751953,836.9876098632812,160.0,4.6747003
204,3,2,car,0.8748899698257446,217.30682373046875,449.29229736328125,426.5855712890625,607.1141967773438,64.0,13.030722
204,4,16,dog,0.8266863822937012,782.956787109375,644.4573364257812,874.954833984375,806.4901123046875,133.0,
204,5,2,car,0.4177475571632385,448.8360900878906,439.1155090332031,535.2655029296875,524.6627197265625,30.0,24.039745
204,6,7,truck,0.27152836322784424,219.33412170410156,387.8818359375,320.6675109863281,476.70703125,28.0,
205,0,0,person,0.934994101524353,470.025146484375,351.5503234863281,714.60302734375,996.2896728515625,186.0,3.6150072
205,1,0,person,0.894181489944458,947.363525390625,360.45245361328125,1093.8878173828125,813.9931640625,117.0,5.138982
205,2,2,car,0.8786794543266296,206.78590393066406,448.4985656738281,413.4956359863281,605.8284301757812,62.0,13.071474
205,3,2,car,0.8574711680412292,0.3094367980957031,396.3225402832031,136.58901977539062,834.930908203125,165.0,4.688769
205,4,16,dog,0.44699567556381226,772.8143920898438,635.0020751953125,935.5819702148438,806.0856323242188,132.0,
205,5,7,truck,0.3966274857521057,209.66143798828125,384.4982604980469,313.0228271484375,483.85888671875,25.0,
205,6,2,car,0.39484333992004395,391.2959289550781,444.9498596191406,456.46820068359375,535.5165405273438,31.0,22.707394
205,7,2,car,0.37805595993995667,446.236083984375,445.45123291015625,512.4080200195312,514.0332641601562,25.0,29.986473
205,8,16,dog,0.26866796612739563,774.2525024414062,641.720458984375,868.0274047851562,803.0922241210938,132.0,
206,0,0,person,0.9381198883056641,461.9798583984375,366.82379150390625,706.9810791015625,985.011474609375,188.0,3.7702749
206,1,0,person,0.892553985118866,941.31884765625,362.47705078125,1088.223388671875,814.6973876953125,119.0,5.1539865
206,2,2,car,0.8528389930725098,0.19522476196289062,389.1998291015625,119.55139923095703,837.0443115234375,163.0,4.59207
206,3,2,car,0.8468214273452759,193.8178253173828,448.57086181640625,404.1096496582031,605.7557373046875,64.0,13.083531
206,4,16,dog,0.8156113028526306,767.190185546875,639.7041015625,861.7681884765625,806.1558837890625,134.0,
206,5,7,truck,0.4400167465209961,204.4697265625,382.7403259277344,302.0989074707031,477.40924072265625,28.0,
206,6,16,dog,0.4108761250972748,763.5421142578125,634.6962890625,927.2955322265625,808.2394409179688,135.0,
206,7,0,person,0.4043291211128235,393.1441345214844,434.1031799316406,450.9413757324219,535.6629638671875,37.0,22.949413
206,8,0,person,0.30567386746406555,384.542724609375,441.1688232421875,422.41058349609375,533.8342895507812,34.0,25.15217
206,9,2,car,0.3002762496471405,447.5657043457031,427.7823486328125,526.6375732421875,507.3321533203125,29.0,25.852146
206,10,7,truck,0.2700803875923157,447.2947998046875,428.2411193847656,527.5902099609375,505.4471740722656,28.0,
207,0,0,person,0.9312034845352173,458.0939025878906,374.29742431640625,696.8514404296875,985.9171752929688,190.0,3.8107624
207,1,0,person,0.9099752902984619,934.1002807617188,364.1629943847656,1080.8017578125,813.4907836914062,119.0,5.1871653
207,2,2,car,0.843590497970581,0.29830169677734375,384.6470031738281,107.8828353881836,847.7078857421875,166.0,4.4411726
207,3,2,car,0.8415409326553345,184.30197143554688,446.109375,395.9407043457031,606.689208984375,63.0,12.806921
207,4,16,dog,0.8261690139770508,761.8101806640625,635.172607421875,857.8433227539062,806.2117309570312,133.0,
207,5,16,dog,0.6509882807731628,761.5472412109375,633.58251953125,917.8499145507812,810.2010498046875,134.0,
207,6,0,person,0.5650982856750488,386.03192138671875,425.343017578125,439.2785339355469,533.3765258789062,33.0,21.57421
207,7,0,person,0.3871941566467285,638.7609252929688,424.0231018066406,671.8780517578125,501.8453063964844,31.0,29.949518
207,8,7,truck,0.3547762334346771,197.53321838378906,381.8838806152344,295.420166015625,473.0998840332031,26.0,
207,9,2,car,0.30369383096694946,436.30975341796875,434.2055969238281,509.2585144042969,505.6346740722656,28.0,28.791262
207,10,2,car,0.2747226357460022,189.7632293701172,430.97332763671875,265.0682678222656,472.8186950683594,30.0,49.14602
208,0,0,person,0.936743438243866,450.4250793457031,373.8331604003906,691.1356811523438,984.146484375,189.0,3.8189194
208,1,0,person,0.9221863150596619,928.8648071289062,364.338134765625,1073.862548828125,813.3035888671875,118.0,5.1913514
208,2,2,car,0.8564198017120361,178.30860900878906,443.7743225097656,386.4695739746094,605.7340087890625,64.0,12.697809
208,3,2,car,0.8478766679763794,0.32141876220703125,398.4708251953125,97.75884246826172,849.2933349609375,158.0,4.5617356
208,4,16,dog,0.6355633735656738,775.29150390625,637.3068237304688,853.128173828125,805.71240234375,135.0,
208,5,16,dog,0.601067066192627,755.1514892578125,631.3693237304688,914.2066040039062,807.4398193359375,135.0,
208,6,0,person,0.5628143548965454,373.201171875,422.0841064453125,432.5570068359375,533.8562622070312,33.0,20.852577
208,7,7,truck,0.44713693857192993,191.55226135253906,379.4030456542969,293.21612548828125,480.2325439453125,25.0,
208,8,2,car,0.31634098291397095,433.5641784667969,428.9691467285156,518.3222045898438,499.3531494140625,29.0,29.21876
208,9,2,car,0.25949999690055847,766.2700805664062,460.19091796875,821.7356567382812,508.66387939453125,28.0,42.4264
208,10,0,person,0.2504919469356537,628.07666015625,415.9071350097656,661.0191040039062,495.7123718261719,32.0,29.20532
209,0,0,person,0.9309568405151367,450.998291015625,365.6912841796875,683.84033203125,976.28466796875,188.0,3.817168
209,1,0,person,0.919643759727478,925.1251831054688,366.92303466796875,1070.886962890625,815.878662109375,120.0,5.1914654
209,2,2,car,0.8562987446784973,170.96044921875,440.16632080078125,386.15533447265625,603.3453369140625,64.0,12.602927
209,3,2,car,0.7596959471702576,0.3404560089111328,414.2038879394531,91.34468841552734,830.028076171875,160.0,4.9456797
209,4,16,dog,0.5106993317604065,755.79345703125,632.8515625,919.4981689453125,804.3303833007812,136.0,
209,5,2,car,0.36135226488113403,431.3109130859375,419.7388000488281,513.6216430664062,500.2588806152344,25.0,25.540625
209,6,7,truck,0.34736502170562744,191.6218719482422,377.05023193359375,289.5108947753906,456.4903564453125,23.0,
209,7,16,dog,0.3181733787059784,762.99365234375,637.1665649414062,852.6128540039062,800.7459106445312,135.0,
209,8,0,person,0.2853224277496338,624.4224853515625,412.8427734375,656.6107788085938,487.24639892578125,29.0,31.325592
209,9,2,car,0.26611757278442383,46.77883529663086,470.8038024902344,100.84213256835938,531.6959838867188,47.0,33.773354
210,0,0,person,0.9284752011299133,450.5609436035156,355.5176696777344,674.4386596679688,969.1942749023438,186.0,3.7979896
210,1,0,person,0.920228898525238,923.5317993164062,367.7088317871094,1070.661376953125,816.2333374023438,121.0,5.1964555
210,2,2,car,0.8519163131713867,167.40255737304688,437.8851013183594,381.98870849609375,600.407470703125,64.0,12.653847
210,3,2,car,0.6012747883796692,0.0,432.9392395019531,78.9530258178711,826.6289672851562,158.0,5.223741
210,4,16,dog,0.4462263882160187,758.96630859375,630.80224609375,914.7301025390625,803.2410888671875,135.0,
210,5,2,car,0.4262200891971588,324.1910705566406,418.0686950683594,420.7408752441406,529.8447875976562,31.0,18.398685
210,6,2,car,0.409667044878006,426.6102294921875,422.280517578125,502.0614013671875,498.28082275390625,24.0,27.059538
210,7,16,dog,0.3721114993095398,762.8502197265625,635.3049926757812,852.4424438476562,799.7142333984375,135.0,
210,8,0,person,0.34927165508270264,622.0370483398438,412.4695129394531,655.3629760742188,480.7980651855469,34.0,34.11074
210,9,7,truck,0.3427841067314148,190.2933349609375,372.826904296875,290.6117248535156,459.1300048828125,22.0,
210,10,2,car,0.3151834309101105,385.53369140625,435.3346252441406,431.4000549316406,490.97113037109375,24.0,36.963737
210,11,2,car,0.2876074016094208,335.1975402832031,437.1951904296875,416.81829833984375,530.576416015625,35.0,22.022984
210,12,2,car,0.2611733078956604,763.22998046875,455.0457458496094,819.082275390625,499.1787414550781,26.0,46.59854
211,0,0,person,0.9306813478469849,920.8458862304688,360.6263122558594,1066.773193359375,812.4270629882812,120.0,5.158773
211,1,0,person,0.9107382893562317,449.4534606933594,344.7967529296875,666.8867797851562,965.53271484375,182.0,3.754797
211,2,2,car,0.8554206490516663,162.05584716796875,435.00726318359375,379.51593017578125,599.076171875,66.0,12.53457
211,3,2,car,0.6954382061958313,0.18346023559570312,496.68658447265625,74.1654052734375,826.8865356445312,152.0,6.228145
211,4,2,car,0.45402657985687256,426.6357727050781,423.65863037109375,501.8006591796875,497.4400634765625,24.0,27.873316
211,5,16,dog,0.4166755974292755,759.628662109375,630.929443359375,858.02587890625,802.4095458984375,137.0,
211,6,7,truck,0.3327300250530243,189.39596557617188,371.69696044921875,286.2972412109375,440.61566162109375,23.0,
211,7,2,car,0.28984618186950684,367.56427001953125,434.3469543457031,427.1783752441406,483.2575378417969,24.0,42.046795
212,0,0,person,0.9345830082893372,918.3197631835938,351.55242919921875,1064.1474609375,807.5313720703125,119.0,5.1115026
212,1,0,person,0.9032434225082397,455.1155090332031,332.26922607421875,665.0404052734375,959.11083984375,181.0,3.718224
212,2,2,car,0.8557771444320679,158.64852905273438,428.0782470703125,379.5838623046875,596.4371337890625,66.0,12.215175
212,3,2,car,0.6803103089332581,0.13480567932128906,495.96588134765625,65.67155456542969,834.504638671875,156.0,6.0747347
212,4,2,car,0.4850689470767975,370.7297058105469,425.703125,430.1758117675781,481.4414367675781,27.0,36.896225
212,5,16,dog,0.46531710028648376,767.3621826171875,627.662109375,852.4894409179688,800.28515625,136.0,
212,6,16,dog,0.345104843378067,767.748046875,627.6055908203125,888.5555419921875,801.5628662109375,136.0,
212,7,2,car,0.3235093653202057,422.5269470214844,426.04888916015625,486.89410400390625,495.42828369140625,25.0,29.641844
212,8,7,truck,0.31236761808395386,188.72109985351562,365.0351257324219,283.4659118652344,437.8283386230469,24.0,
212,9,2,car,0.2970781922340393,1.0599002838134766,441.9238586425781,81.86095428466797,524.5715942382812,48.0,24.883116
212,10,2,car,0.2935601770877838,19.808452606201172,448.232666015625,80.3178482055664,524.0496826171875,46.0,27.124956
212,11,2,car,0.2564077377319336,759.636474609375,448.417236328125,844.77685546875,499.25262451171875,29.0,40.454754
213,0,0,person,0.9029847979545593,915.3895263671875,342.5244140625,1061.2474365234375,804.3712158203125,116.0,5.04656
213,1,0,person,0.9026094079017639,451.87152099609375,326.65191650390625,657.5999145507812,957.84521484375,175.0,3.6925893
213,2,2,car,0.8459689617156982,155.9857635498047,425.1642150878906,378.8966064453125,591.8412475585938,63.0,12.338431
213,3,2,car,0.4845143258571625,0.08214569091796875,475.1545715332031,57.50232696533203,838.73876953125,154.0,5.6562777
213,4,2,car,0.4587497413158417,371.0314025878906,423.39971923828125,421.7204895019531,477.4178466796875,22.0,38.071167
213,5,2,car,0.4244631826877594,19.09673309326172,447.79998779296875,73.36869812011719,525.0179443359375,46.0,26.632837
213,6,7,truck,0.31822261214256287,180.8462371826172,361.256103515625,283.06951904296875,442.8984375,21.0,
213,7,10,fire hydrant,0.31588464975357056,765.4144287109375,622.02490234375,852.950927734375,793.5694580078125,130.0,
213,8,0,person,0.25140661001205444,614.7891845703125,405.0771789550781,649.68896484375,472.8201599121094,29.0,34.405594
214,0,0,person,0.8937146067619324,443.4429016113281,326.8697814941406,655.5390625,951.0670166015625,173.0,3.733976
214,1,0,person,0.88344806432724,914.4686279296875,334.8952331542969,1058.2705078125,799.7106323242188,116.0,5.0143294
214,2,2,car,0.869254469871521,149.25384521484375,418.7869567871094,374.06207275390625,588.7440795898438,63.0,12.1003065
214,3,16,dog,0.6589218378067017,766.8831176757812,618.5390625,853.29150390625,791.2860717773438,131.0,
214,4,2,car,0.508427083492279,367.5088806152344,418.6037292480469,422.4916076660156,473.8726501464844,23.0,37.20958
214,5,2,car,0.4466344118118286,2.7705516815185547,439.2347106933594,62.87503433227539,523.0006713867188,38.0,24.550941
214,6,7,truck,0.36660853028297424,191.54788208007812,357.5550842285156,281.1165771484375,419.9909362792969,23.0,
214,7,2,car,0.25861161947250366,367.3349609375,419.8407897949219,444.9273681640625,477.1147155761719,23.0,35.90697
215,0,0,person,0.9003957509994507,433.4607238769531,332.2237854003906,651.3448486328125,935.5131225585938,175.0,3.8633828
215,1,2,car,0.8614807724952698,145.29660034179688,414.7217102050781,373.6722412109375,587.8099975585938,64.0,11.881412
215,2,0,person,0.843620777130127,911.115478515625,331.59136962890625,1057.000732421875,797.5259399414062,115.0,5.002285
215,3,2,car,0.5808858275413513,363.14935302734375,417.421142578125,424.7422790527344,473.0071105957031,23.0,36.997345
215,4,0,person,0.4477112591266632,609.1588134765625,395.750732421875,646.5362548828125,471.2252502441406,57.0,30.881119
215,5,10,fire hydrant,0.44509899616241455,767.2207641601562,621.1465454101562,852.21484375,789.4190063476562,131.0,
215,6,7,truck,0.42964407801628113,189.03469848632812,353.3507995605469,280.354736328125,416.455078125,24.0,
215,7,2,car,0.2877948582172394,758.193115234375,434.4620361328125,813.1405029296875,481.1466064453125,26.0,44.05167
215,8,9,traffic light,0.2867603003978729,543.3378295898438,286.0726318359375,570.3169555664062,336.976318359375,20.0,
215,9,2,car,0.2821692228317261,1.6873512268066406,462.94439697265625,56.3795166015625,520.6891479492188,41.0,35.6142
216,0,0,person,0.908983051776886,422.5711669921875,334.9742431640625,646.8662109375,930.1913452148438,177.0,3.9157772
216,1,0,person,0.8694945573806763,907.8616943359375,322.4835205078125,1054.4566650390625,797.1926879882812,116.0,4.909822
216,2,2,car,0.8658938407897949,142.97715759277344,413.90167236328125,369.0297546386719,586.4827880859375,64.0,11.916328
216,3,2,car,0.657075047492981,355.2999572753906,416.28204345703125,425.2486267089844,470.97088623046875,24.0,37.604256
216,4,7,truck,0.5334017872810364,187.12791442871094,351.2243347167969,279.54107666015625,416.45977783203125,23.0,
216,5,0,person,0.5088731050491333,606.7241821289062,393.28692626953125,642.978271484375,483.3939514160156,49.0,25.866325
216,6,2,car,0.4418050944805145,0.07428932189941406,436.9148254394531,53.4205207824707,519.9765625,41.0,24.759092
216,7,16,dog,0.35919904708862305,764.3162841796875,619.262939453125,856.4208984375,785.7240600585938,130.0,
216,8,0,person,0.32044458389282227,0.07600021362304688,470.82110595703125,39.71355438232422,797.79736328125,135.0,7.128155
216,9,10,fire hydrant,0.2867833375930786,763.8984375,621.7844848632812,847.059814453125,786.1100463867188,130.0,
216,10,16,dog,0.28060054779052734,764.7347412109375,617.9337158203125,915.0960083007812,786.34130859375,102.0,
217,0,0,person,0.9025102257728577,412.98760986328125,339.2783203125,645.6527709960938,928.6268920898438,178.0,3.9547691
217,1,2,car,0.8747150897979736,136.96664428710938,411.01171875,367.7720031738281,585.30029296875,64.0,11.799587
217,2,0,person,0.8714949488639832,908.1046752929688,320.95458984375,1059.2862548828125,797.6957397460938,118.0,4.888895
217,3,2,car,0.6042940616607666,353.8274230957031,416.40985107421875,422.1911315917969,467.888671875,23.0,39.949112
217,4,16,dog,0.5162408351898193,763.5091552734375,622.3617553710938,856.4381103515625,784.1808471679688,128.0,
217,5,7,truck,0.4494358003139496,185.36732482910156,349.320556640625,280.3092346191406,415.1498107910156,22.0,
217,6,16,dog,0.42295512557029724,763.5861206054688,621.5460815429688,913.8461303710938,784.875244140625,115.0,
217,7,0,person,0.4166785776615143,605.6365356445312,391.517578125,642.2151489257812,479.5265808105469,53.0,26.482944
217,8,2,car,0.3691394627094269,0.05800437927246094,435.44989013671875,44.48354721069336,514.885986328125,81.0,25.889153
217,9,2,car,0.3346734941005707,355.46331787109375,416.11962890625,445.82916259765625,470.999267578125,23.0,37.47352
217,10,2,car,0.2883940637111664,0.05920600891113281,431.18316650390625,42.486114501953125,621.48779296875,47.0,10.806533
217,11,3,motorcycle,0.27686604857444763,0.027791976928710938,506.9821472167969,31.280485153198242,691.0693969726562,112.0,
218,0,0,person,0.8992342948913574,405.16717529296875,334.5129089355469,645.1417236328125,928.1959228515625,176.0,3.925896
218,1,0,person,0.8892906904220581,906.3321533203125,321.0208740234375,1052.0240478515625,796.2528076171875,118.0,4.9044213
218,2,2,car,0.8721649646759033,133.4548797607422,411.1813659667969,364.2729187011719,586.255615234375,65.0,11.7466345
218,3,2,car,0.5876356959342957,350.04998779296875,414.9704895019531,417.3700866699219,466.20257568359375,24.0,40.14151
218,4,16,dog,0.5396488308906555,765.626220703125,622.8173828125,851.3096923828125,784.3616333007812,129.0,
218,5,2,car,0.49987342953681946,0.05360126495361328,432.3512878417969,40.29069900512695,515.6834716796875,39.0,24.67874
218,6,16,dog,0.4340391457080841,765.4777221679688,621.8384399414062,907.387939453125,784.8685913085938,127.0,
218,7,7,truck,0.3977798819541931,184.48077392578125,348.649658203125,278.6986999511719,415.68182373046875,22.0,
218,8,0,person,0.3785421550273895,602.36572265625,387.2161560058594,642.3252563476562,471.7591552734375,61.0,27.568665
219,0,0,person,0.8981761932373047,404.50360107421875,329.8920593261719,643.885986328125,926.4404907226562,172.0,3.907038
219,1,0,person,0.8892448544502258,906.20361328125,327.4471435546875,1052.1864013671875,794.6707763671875,119.0,4.988484
219,2,2,car,0.8861258625984192,130.9556121826172,408.53570556640625,364.4876708984375,584.9611206054688,66.0,11.6566725
219,3,2,car,0.57178795337677,354.1965637207031,412.3341369628906,423.0268249511719,465.33172607421875,23.0,38.80428
219,4,16,dog,0.5234508514404297,765.3749389648438,618.4591064453125,851.9293212890625,783.0507202148438,130.0,
219,5,2,car,0.5020199418067932,0.10808944702148438,436.11688232421875,33.72272872924805,516.654541015625,38.0,25.535051
219,6,7,truck,0.4151034355163574,184.8105010986328,345.1572265625,276.8042297363281,412.11541748046875,21.0,
219,7,16,dog,0.3838734030723572,765.4691162109375,617.5559692382812,909.13916015625,783.51123046875,118.0,
220,0,0,person,0.8997812271118164,905.291015625,332.5500183105469,1052.0538330078125,792.2487182617188,118.0,5.070142
220,1,0,person,0.8913722634315491,407.4304504394531,318.627197265625,641.4093627929688,921.0872192382812,170.0,3.8687007
220,2,2,car,0.8769243359565735,127.62415313720703,407.5354919433594,364.58477783203125,584.8573608398438,67.0,11.597741
220,3,2,car,0.5762615203857422,354.8675842285156,410.3808288574219,423.5973205566406,462.3498229980469,24.0,39.57231
220,4,16,dog,0.48972088098526,766.309814453125,613.9036254882812,853.2785034179688,784.04248046875,130.0,
220,5,16,dog,0.3902112543582916,766.6544189453125,612.7484130859375,918.2534790039062,784.1636962890625,104.0,
220,6,2,car,0.3843611478805542,348.5301208496094,408.870849609375,441.2828369140625,464.325439453125,24.0,37.084995
220,7,7,truck,0.3240932524204254,186.84500122070312,342.32452392578125,278.8944091796875,408.6975402832031,21.0,
220,8,2,car,0.28132912516593933,0.11476421356201172,425.3055114746094,31.322599411010742,515.0575561523438,38.0,22.913496
220,9,2,car,0.2567231357097626,318.08697509765625,387.4970397949219,424.3976745605469,463.3973693847656,23.0,27.09518
221,0,0,person,0.902938961982727,905.4049072265625,333.36260986328125,1053.750732421875,791.1923828125,115.0,5.090839
221,1,0,person,0.8953897356987,408.18109130859375,310.4044189453125,641.1282958984375,920.2774658203125,166.0,3.8216765
221,2,2,car,0.8512150049209595,124.22728729248047,403.38812255859375,364.97991943359375,584.7176513671875,66.0,11.3414135
221,3,16,dog,0.5208218693733215,768.6802368164062,610.1373291015625,854.9586181640625,783.6553344726562,131.0,
221,4,2,car,0.5154802203178406,349.7032470703125,409.12005615234375,425.3941955566406,461.56292724609375,22.0,39.214733
221,5,16,dog,0.4503607153892517,767.9317016601562,609.46533203125,892.6437377929688,784.2916259765625,130.0,
221,6,2,car,0.41327032446861267,316.8153991699219,381.3852844238281,429.37225341796875,464.3108215332031,20.0,24.799757
221,7,7,truck,0.3240285813808441,189.41452026367188,341.1177673339844,278.468505859375,405.3072509765625,18.0,
221,8,0,person,0.27026647329330444,606.9078369140625,383.0262451171875,640.5684814453125,459.0735168457031,20.0,30.648537
221,9,2,car,0.25089383125305176,329.7706604003906,405.2965393066406,436.13983154296875,463.0921325683594,22.0,35.58287
222,0,0,person,0.9059566855430603,907.3338012695312,333.5210266113281,1054.8232421875,795.4814453125,116.0,5.0453186
222,1,0,person,0.9012766480445862,412.30316162109375,307.42730712890625,641.1610107421875,921.1817016601562,165.0,3.7975085
222,2,2,car,0.8626766204833984,122.89132690429688,402.4587707519531,365.7340393066406,585.1018676757812,68.0,11.259847
222,3,2,car,0.6573082804679871,349.095703125,408.6668701171875,437.24908447265625,463.4227294921875,24.0,37.55823
222,4,16,dog,0.6054007411003113,773.1035766601562,603.8336791992188,857.154296875,784.3160400390625,131.0,
222,5,2,car,0.32486191391944885,316.4358215332031,382.5487060546875,430.0789794921875,461.13482666015625,23.0,26.169165
222,6,0,person,0.2807568311691284,606.2951049804688,381.9638671875,641.0022583007812,450.4792785644531,28.0,34.01771
222,7,7,truck,0.27593451738357544,191.2140655517578,341.07122802734375,281.23480224609375,405.33062744140625,19.0,
223,0,0,person,0.9045469164848328,907.9885864257812,333.28216552734375,1054.9324951171875,796.2706298828125,118.0,5.034116
223,1,0,person,0.9009174108505249,413.0624084472656,307.3861999511719,642.2120361328125,916.8336791992188,165.0,3.824345
223,2,2,car,0.8869016170501709,118.88479614257812,401.22784423828125,366.85870361328125,583.9898071289062,70.0,11.252523
223,3,16,dog,0.6140743494033813,777.633544921875,599.2357177734375,875.537841796875,782.7696533203125,131.0,
223,4,2,car,0.5510215163230896,350.8484191894531,408.36492919921875,427.9388427734375,461.17327880859375,25.0,38.943333
223,5,2,car,0.4346693456172943,315.01239013671875,381.0645446777344,425.8191833496094,460.6904296875,23.0,25.827446
223,6,2,car,0.3727932572364807,327.2399597167969,405.95526123046875,431.11761474609375,460.0528564453125,24.0,38.015244
223,7,16,dog,0.28420940041542053,776.8170776367188,599.5836181640625,916.5789184570312,783.2900390625,121.0,
224,0,0,person,0.8991007208824158,412.7760314941406,310.7684326171875,645.50634765625,909.51123046875,162.0,3.892719
224,1,0,person,0.8979490995407104,908.6689453125,327.6942443847656,1055.9356689453125,792.5443725585938,116.0,5.0139546
224,2,2,car,0.8829004764556885,116.4642105102539,401.09747314453125,361.19732666015625,583.1312866210938,68.0,11.297534
224,3,2,car,0.6488243937492371,340.5274963378906,407.93646240234375,425.65570068359375,460.623779296875,22.0,39.032795
224,4,2,car,0.3542447090148926,312.4991455078125,372.2923278808594,423.94061279296875,459.9106750488281,18.0,23.47149
224,5,0,person,0.318506121635437,604.4392700195312,379.9366149902344,638.8502807617188,444.4087829589844,24.0,36.151066
224,6,16,dog,0.30023398995399475,777.5436401367188,600.2297973632812,902.1710815429688,782.4353637695312,128.0,
225,0,0,person,0.8975657224655151,909.1997680664062,327.0113525390625,1057.6326904296875,792.3231811523438,116.0,5.00898
225,1,0,person,0.8966073393821716,414.46380615234375,322.50823974609375,652.817138671875,903.434326171875,165.0,4.012107
225,2,2,car,0.8637468218803406,112.14134216308594,399.75909423828125,355.9131164550781,582.5496215820312,70.0,11.250765
225,3,16,dog,0.6740351915359497,779.73486328125,601.8236083984375,911.6795654296875,781.0781860351562,129.0,
225,4,2,car,0.6185110211372375,339.456787109375,407.730224609375,426.7535095214844,460.9918518066406,25.0,38.61191
225,5,2,car,0.2806625962257385,313.3224182128906,371.65557861328125,424.71002197265625,456.39971923828125,20.0,24.267557
226,0,0,person,0.8968536853790283,414.3094482421875,328.9024658203125,656.2749633789062,902.3468627929688,164.0,4.0644526
226,1,0,person,0.8939325213432312,911.6986083984375,323.19927978515625,1057.7490234375,793.4547729492188,115.0,4.9563217
226,2,2,car,0.8617671728134155,109.75314331054688,399.1007995605469,354.62451171875,584.63671875,69.0,11.084286
226,3,16,dog,0.8053187131881714,782.3816528320312,603.09765625,903.2653198242188,783.8780517578125,130.0,
226,4,2,car,0.5852268934249878,336.8946838378906,407.57110595703125,426.5641784667969,461.1068420410156,23.0,38.414215
226,5,16,dog,0.35554301738739014,783.50390625,603.2432250976562,861.7657470703125,778.0481567382812,130.0,
226,6,2,car,0.29213082790374756,312.6551818847656,371.1671447753906,423.39306640625,460.2784423828125,18.0,23.078255
227,0,0,person,0.8974538445472717,417.050537109375,329.6402587890625,656.30078125,903.2501831054688,162.0,4.0632796
227,1,0,person,0.8884626030921936,909.7752685546875,319.35699462890625,1058.1463623046875,791.1348266601562,115.0,4.9403286
227,2,2,car,0.8702335953712463,107.67789459228516,399.09686279296875,354.2346496582031,586.2592163085938,69.0,10.987964
227,3,16,dog,0.791195809841156,783.8846435546875,600.2352905273438,886.0604248046875,787.5690307617188,132.0,
227,4,2,car,0.5779911279678345,346.20330810546875,408.4049377441406,423.1571350097656,460.0838928222656,23.0,39.794403
228,0,0,person,0.8965827822685242,423.2779541015625,321.05950927734375,650.997802734375,899.6299438476562,163.0,4.0284424
228,1,0,person,0.8747632503509521,905.5457153320312,315.01446533203125,1059.3948974609375,791.310791015625,116.0,4.893461
228,2,2,car,0.8656190037727356,102.66398620605469,397.6446533203125,354.1162109375,588.1550903320312,70.0,10.794859
228,3,16,dog,0.6554042100906372,784.1317749023438,598.5443725585938,875.4699096679688,785.8196411132812,129.0,
228,4,2,car,0.5609716176986694,338.9539489746094,407.5543212890625,426.6647644042969,461.84967041015625,23.0,37.876785
228,5,2,car,0.2813422977924347,311.01177978515625,371.8546142578125,419.6638488769531,451.40350341796875,15.0,25.852444
229,0,0,person,0.9008911848068237,430.1561279296875,313.8811340332031,641.795654296875,890.0050048828125,161.0,4.045549
229,1,2,car,0.8763452172279358,99.79147338867188,396.2607421875,353.6238098144531,589.4861450195312,71.0,10.643183
229,2,0,person,0.8644279837608337,903.8633422851562,309.35833740234375,1060.9110107421875,792.3469848632812,117.0,4.825657
229,3,16,dog,0.8159738183021545,785.3049926757812,600.1212158203125,874.9175415039062,787.4507446289062,129.0,
229,4,2,car,0.5440616011619568,346.056396484375,408.20526123046875,429.9868469238281,461.66912841796875,23.0,38.46585
229,5,2,car,0.31100571155548096,315.9062194824219,371.9586181640625,418.5068054199219,448.64044189453125,15.0,26.819044
229,6,0,person,0.29353949427604675,600.9234619140625,372.5387878417969,643.4786376953125,455.0543518066406,21.0,28.246035
230,0,0,person,0.9059709906578064,433.0155944824219,307.50238037109375,636.7610473632812,890.0084838867188,161.0,4.001224
230,1,2,car,0.8832075595855713,97.23390197753906,396.4248046875,351.6961669921875,590.7171630859375,72.0,10.584736
230,2,0,person,0.8662640452384949,903.2852783203125,308.0534362792969,1062.967529296875,793.16162109375,118.0,4.8045726
230,3,16,dog,0.5548889636993408,782.6325073242188,600.60791015625,876.9190063476562,785.7421875,130.0,
230,4,2,car,0.5257943868637085,345.0806579589844,408.58282470703125,427.724853515625,462.33709716796875,25.0,38.25804
230,5,2,car,0.3240865468978882,317.5747375488281,372.5054016113281,417.9143371582031,446.7056884765625,17.0,27.715973
231,0,0,person,0.9075666069984436,435.8917541503906,302.53955078125,634.5598754882812,886.8102416992188,159.0,3.98914
231,1,2,car,0.8940569162368774,95.7093276977539,394.453125,352.2126159667969,591.7449340820312,72.0,10.423815
231,2,0,person,0.8705816864967346,911.8829956054688,307.1949157714844,1065.180908203125,795.59765625,117.0,4.772163
231,3,10,fire hydrant,0.5525177717208862,782.32763671875,605.107177734375,877.1378173828125,786.7298583984375,130.0,
231,4,2,car,0.398739218711853,350.7383728027344,408.4935607910156,429.7288818359375,461.1713562011719,24.0,39.03985
231,5,2,car,0.34573841094970703,370.8240051269531,408.922119140625,428.44976806640625,459.325927734375,24.0,40.801147
231,6,2,car,0.25681808590888977,314.4708557128906,370.78546142578125,420.9708557128906,453.56304931640625,16.0,24.844082
232,0,0,person,0.9061725735664368,436.80047607421875,303.6851806640625,635.2337646484375,886.83984375,157.0,3.9967742
232,1,2,car,0.8942580223083496,94.0134048461914,395.75885009765625,353.003173828125,593.0366821289062,72.0,10.424553
232,2,0,person,0.8695641756057739,913.4134521484375,308.3171081542969,1068.768310546875,797.5836181640625,118.0,4.763738
232,3,16,dog,0.8115823864936829,781.8885498046875,610.6893920898438,878.7852172851562,789.1857299804688,132.0,
232,4,2,car,0.3801953196525574,363.204833984375,408.0670471191406,432.5877990722656,462.0600891113281,24.0,38.088856
233,0,0,person,0.9072479009628296,435.9899597167969,306.02783203125,633.7454833984375,888.0851440429688,157.0,4.004309
233,1,2,car,0.8875831961631775,89.97441864013672,395.0102233886719,355.195068359375,595.2566528320312,73.0,10.270012
233,2,0,person,0.8588907122612,917.827880859375,318.052001953125,1071.8060302734375,799.5567626953125,118.0,4.8405285
233,3,16,dog,0.7875503897666931,781.4578857421875,614.4415283203125,885.6690673828125,789.3782958984375,133.0,
233,4,2,car,0.4011462330818176,375.2635192871094,408.2216491699219,435.3581848144531,461.1195373535156,24.0,38.877415
234,0,0,person,0.9021971821784973,432.9438171386719,312.34075927734375,636.5823364257812,877.2965698242188,155.0,4.1255217
234,1,2,car,0.8939929008483887,88.76074981689453,392.3587646484375,355.60015869140625,594.3377075195312,72.0,10.181919
234,2,0,person,0.8720263242721558,921.1500244140625,322.2138671875,1074.7315673828125,796.39111328125,117.0,4.91533
234,3,16,dog,0.8243196606636047,782.4210205078125,614.8720092773438,885.626220703125,788.931884765625,132.0,
234,4,2,car,0.5290294289588928,370.46337890625,406.9269104003906,440.81048583984375,460.8886413574219,24.0,38.11096
234,5,2,car,0.25225144624710083,340.1015319824219,404.4305419921875,442.2227783203125,463.43389892578125,24.0,34.85451
235,0,2,car,0.9044399261474609,86.52802276611328,390.4823913574219,356.3030700683594,597.5409545898438,72.0,9.932133
235,1,0,person,0.9003254771232605,428.6081848144531,315.4856872558594,636.91015625,875.9777221679688,155.0,4.1583776
235,2,0,person,0.8796675205230713,922.547119140625,325.546875,1076.9368896484375,797.811767578125,119.0,4.9352336
235,3,16,dog,0.7442119121551514,784.2877807617188,615.5445556640625,885.4528198242188,790.5346069335938,133.0,
235,4,2,car,0.5228590369224548,382.9776306152344,407.4913330078125,447.34991455078125,460.73748779296875,23.0,38.62313
236,0,2,car,0.9036953449249268,84.602783203125,389.49627685546875,355.95831298828125,601.0156860351562,74.0,9.722669
236,1,0,person,0.8961841464042664,424.35791015625,316.57525634765625,641.7293701171875,873.6643676757812,157.0,4.183779
236,2,0,person,0.8794277310371399,920.5960693359375,322.93212890625,1075.254638671875,802.052490234375,122.0,4.864618
236,3,16,dog,0.8386808037757874,788.6039428710938,612.9115600585938,885.2788696289062,788.9502563476562,132.0,
236,4,2,car,0.48199987411499023,382.29473876953125,407.95458984375,449.583251953125,460.72174072265625,25.0,38.97374
236,5,2,car,0.25631511211395264,334.1085510253906,394.8194274902344,448.94525146484375,463.11749267578125,24.0,30.111149
237,0,2,car,0.9051175713539124,82.84158325195312,389.74456787109375,358.27862548828125,602.8576049804688,75.0,9.649964
237,1,0,person,0.8995357155799866,425.7217712402344,315.5254211425781,645.9476318359375,873.338623046875,156.0,4.1783476
237,2,0,person,0.8775039911270142,924.7860717773438,323.2749938964844,1078.0174560546875,799.5379028320312,120.0,4.8938046
237,3,16,dog,0.665279746055603,795.7271118164062,608.8543090820312,902.1798706054688,790.8285522460938,132.0,
237,4,2,car,0.42778411507606506,391.21820068359375,407.7603454589844,453.7247314453125,461.1787109375,25.0,38.49862
237,5,2,car,0.3267209827899933,361.2878723144531,405.99237060546875,453.4897155761719,462.93450927734375,25.0,36.11619
237,6,2,car,0.2785417437553406,328.5032653808594,377.57080078125,450.63665771484375,464.60064697265625,24.0,23.630207
238,0,0,person,0.9090821146965027,429.9789733886719,311.92901611328125,648.6832275390625,872.81494140625,154.0,4.1554575
238,1,2,car,0.9015026092529297,82.13626098632812,390.678955078125,359.5274963378906,604.9297485351562,76.0,9.59872
238,2,0,person,0.8703870177268982,926.671142578125,319.9437561035156,1078.855224609375,796.1477661132812,119.0,4.8944097
238,3,16,dog,0.6870375275611877,801.055908203125,607.4004516601562,933.0597534179688,794.5045166015625,135.0,
238,4,2,car,0.38735878467559814,396.0117492675781,408.01025390625,456.31048583984375,462.9774169921875,24.0,37.41385
238,5,2,car,0.2527948021888733,358.9632263183594,406.54754638671875,457.60455322265625,465.4316101074219,24.0,34.925125
238,6,2,car,0.2527400255203247,333.4709167480469,375.0816650390625,456.69598388671875,465.5675354003906,22.0,22.727673
239,0,0,person,0.9109168648719788,432.9718322753906,308.771484375,650.51318359375,872.4180908203125,151.0,4.135104
239,1,2,car,0.9061035513877869,80.81243133544922,391.0716247558594,359.2830505371094,605.793701171875,76.0,9.577651
239,2,0,person,0.8962764739990234,928.0032348632812,314.9492492675781,1078.5762939453125,791.706298828125,118.0,4.8887324
239,3,16,dog,0.8303627967834473,803.934814453125,608.9379272460938,909.6192626953125,794.8015747070312,133.0,
239,4,2,car,0.4745234251022339,396.9488830566406,407.7576599121094,459.24053955078125,465.6722717285156,23.0,35.509747
239,5,2,car,0.2938351631164551,329.0490417480469,371.8266906738281,460.5400085449219,467.5879211425781,20.0,21.475636
239,6,2,car,0.260183185338974,790.1976928710938,411.4247131347656,873.7717895507812,466.4554138183594,25.0,37.37065
240,0,0,person,0.9042015671730042,439.2823791503906,309.72711181640625,653.36083984375,871.0587158203125,149.0,4.1521583
240,1,0,person,0.9033854007720947,930.8763427734375,311.1058044433594,1082.8389892578125,798.1859130859375,118.0,4.7851214
240,2,2,car,0.9004912972450256,77.74726867675781,390.9017028808594,361.4649353027344,607.2677001953125,77.0,9.504882
240,3,16,dog,0.8899803757667542,808.754150390625,611.0506591796875,919.3634033203125,794.0062866210938,132.0,
240,4,2,car,0.5299447178840637,400.9625549316406,407.865234375,464.4497985839844,466.50787353515625,24.0,35.068905
240,5,2,car,0.39347630739212036,0.025986671447753906,387.22027587890625,32.230384826660156,504.072509765625,39.0,17.599434
240,6,2,car,0.3252834975719452,331.1365051269531,371.8270568847656,465.15728759765625,468.3221740722656,21.0,21.312304
240,7,2,car,0.2606483995914459,791.64990234375,418.925537109375,844.8343505859375,462.854736328125,26.0,46.81472
241,0,0,person,0.9156511425971985,446.4555358886719,304.88177490234375,657.8173828125,872.3203125,149.0,4.1074715
241,1,2,car,0.9029393196105957,77.67760467529297,392.62481689453125,363.095703125,610.8777465820312,79.0,9.422706
241,2,0,person,0.8948273062705994,936.5308227539062,309.4256286621094,1088.0838623046875,801.7068481445312,118.0,4.7345653
241,3,16,dog,0.874306321144104,813.4912719726562,613.5499877929688,936.9889526367188,796.3345336914062,136.0,
241,4,2,car,0.6242645382881165,402.6990051269531,407.9691467285156,466.4279479980469,464.3985900878906,25.0,36.44433
241,5,2,car,0.45402148365974426,0.0,376.1503601074219,35.0842170715332,504.6554260253906,40.0,16.00352
241,6,2,car,0.25028783082962036,337.95013427734375,371.6317138671875,464.5258483886719,467.7378234863281,20.0,21.39857
241,7,2,car,0.2500990927219391,799.4240112304688,418.35040283203125,850.1358032226562,462.8609619140625,26.0,46.203266
242,0,0,person,0.9221793413162231,453.61700439453125,307.6805114746094,663.5377197265625,870.3667602539062,149.0,4.142162
242,1,2,car,0.9101735353469849,76.24168395996094,389.7397155761719,365.24810791015625,612.8298950195312,78.0,9.218394
242,2,0,person,0.8902251720428467,938.4188232421875,309.9361267089844,1094.9853515625,801.3023681640625,116.0,4.7433815
242,3,16,dog,0.8672035932540894,818.7064819335938,613.8246459960938,940.8048706054688,797.9188842773438,135.0,
242,4,2,car,0.7719414830207825,407.6217346191406,407.4222106933594,472.0629577636719,463.1886291503906,24.0,36.87763
242,5,2,car,0.51134192943573,0.0,384.0599670410156,37.071537017822266,503.9314270019531,39.0,17.156155
242,6,2,car,0.2505534589290619,343.80535888671875,373.21234130859375,466.1529541015625,466.0989990234375,21.0,22.140244
242,7,7,truck,0.2501913607120514,231.8448944091797,337.32183837890625,335.4207763671875,457.51556396484375,37.0,
243,0,0,person,0.9346824884414673,460.7098693847656,315.3567810058594,668.7988891601562,862.8741455078125,148.0,4.2569203
243,1,2,car,0.9101207256317139,74.26565551757812,391.8659362792969,365.96533203125,615.0414428710938,78.0,9.2148695
243,2,0,person,0.889496922492981,942.933349609375,310.8404846191406,1099.009521484375,804.9124755859375,118.0,4.717405
243,3,16,dog,0.8244584202766418,823.0358276367188,613.4301147460938,935.97802734375,801.2651977539062,136.0,
243,4,2,car,0.6722869277000427,412.4067077636719,408.3511962890625,474.3044128417969,463.9024658203125,23.0,37.020454
243,5,2,car,0.5032406449317932,0.0,375.75128173828125,38.324180603027344,503.29156494140625,38.0,16.124578
243,6,7,truck,0.2850576341152191,234.12100219726562,337.336669921875,339.0068664550781,459.6037902832031,50.0,
243,7,2,car,0.25344476103782654,802.60986328125,416.35247802734375,863.3529052734375,461.48468017578125,24.0,45.56687
244,0,0,person,0.9295729994773865,462.92742919921875,320.0225830078125,676.05419921875,858.73779296875,150.0,4.326474
244,1,2,car,0.9108690023422241,74.70964050292969,390.47845458984375,370.93121337890625,615.2442626953125,81.0,9.149671
244,2,0,person,0.8916534781455994,949.1597900390625,310.6758728027344,1103.7000732421875,803.1259155273438,121.0,4.732942
244,3,16,dog,0.7695126533508301,826.597412109375,611.8182373046875,941.90478515625,797.8519287109375,136.0,
244,4,2,car,0.6671911478042603,0.0,374.8953552246094,44.807525634765625,500.9596252441406,41.0,16.313372
244,5,2,car,0.5037676095962524,418.7867736816406,407.5824279785156,474.1988830566406,462.49951171875,25.0,37.447968
244,6,9,traffic light,0.34445545077323914,597.874755859375,262.7387390136719,625.1576538085938,320.7168884277344,18.0,
244,7,2,car,0.3347618579864502,415.55340576171875,405.4543151855469,490.6422119140625,464.2004089355469,24.0,35.00715
244,8,7,truck,0.32030150294303894,243.6894989013672,334.37158203125,336.55206298828125,434.60845947265625,28.0,
245,0,0,person,0.9296141862869263,465.0396423339844,326.52685546875,684.1708984375,860.3358764648438,153.0,4.3662386
245,1,2,car,0.9122750163078308,72.79750061035156,390.28948974609375,372.80364990234375,617.338623046875,83.0,9.057657
245,2,0,person,0.9010703563690186,954.0045776367188,316.8245544433594,1107.37255859375,805.0704956054688,122.0,4.7736955
245,3,16,dog,0.8365829586982727,827.2667236328125,612.618408203125,940.5137939453125,802.0188598632812,138.0,
245,4,2,car,0.6573124527931213,0.0,371.548095703125,50.23313522338867,501.1746826171875,43.0,15.865057
245,5,2,car,0.5368321537971497,422.66656494140625,406.87457275390625,486.0413818359375,462.34454345703125,26.0,37.07471
245,6,7,truck,0.41030561923980713,248.30113220214844,334.2665710449219,342.5299987792969,453.0617370605469,30.0,
245,7,2,car,0.3305620551109314,395.67041015625,405.5330505371094,484.74517822265625,465.037109375,26.0,34.561226
245,8,0,person,0.2961236238479614,623.5255737304688,374.2131042480469,660.545654296875,442.4132995605469,29.0,34.17494
246,0,0,person,0.9251063466072083,472.0135803222656,326.0451965332031,685.98583984375,861.8970336914062,149.0,4.3495936
246,1,2,car,0.9096527099609375,70.8948974609375,388.9552917480469,373.920166015625,620.2163696289062,82.0,8.892691
246,2,0,person,0.9024620056152344,962.0394287109375,320.543701171875,1110.92724609375,806.3245239257812,122.0,4.79792
246,3,16,dog,0.8212466835975647,828.4061279296875,613.69775390625,944.980224609375,800.9785766601562,136.0,
246,4,2,car,0.602720320224762,0.0,370.77593994140625,54.404937744140625,500.6396484375,43.0,15.836089
246,5,2,car,0.5668337941169739,427.1364440917969,407.50067138671875,484.4984436035156,462.65478515625,23.0,37.287033
246,6,7,truck,0.3710867166519165,249.60589599609375,334.03338623046875,350.2257385253906,453.2913513183594,29.0,
246,7,0,person,0.30083128809928894,624.1952514648438,373.86749267578125,662.0724487304688,442.42474365234375,33.0,33.996952
246,8,2,car,0.2809406816959381,389.65869140625,405.4104309082031,485.03741455078125,466.2593078613281,23.0,33.79739
247,0,0,person,0.9172130823135376,482.6038513183594,316.4104309082031,683.8914794921875,854.9300537109375,147.0,4.3280454
247,1,2,car,0.9080777764320374,70.46672058105469,387.75860595703125,376.9458923339844,621.9586181640625,83.0,8.781097
247,2,0,person,0.8919241428375244,967.462646484375,320.9539489746094,1120.632568359375,807.6838989257812,122.0,4.788564
247,3,16,dog,0.801992654800415,828.7684936523438,615.7701416015625,951.55517578125,802.6717529296875,135.0,
247,4,2,car,0.6256633996963501,0.0,377.5545959472656,57.430484771728516,500.9067077636719,42.0,16.672054
247,5,2,car,0.3726463317871094,431.3695068359375,406.4400329589844,492.6593017578125,463.0531311035156,25.0,36.326103
247,6,7,truck,0.3502185046672821,254.29336547851562,334.8724670410156,354.9501037597656,451.94378662109375,34.0,
247,7,9,traffic light,0.3094332814216614,41.632747650146484,260.3089599609375,70.7553482055664,328.14312744140625,32.0,
248,0,2,car,0.909943699836731,69.73492431640625,388.08233642578125,378.42181396484375,624.83642578125,83.0,8.686368
248,1,0,person,0.9018608331680298,489.79888916015625,308.2210693359375,685.121337890625,854.0652465820312,146.0,4.2699685
248,2,0,person,0.8790220022201538,975.8519897460938,323.1087341308594,1128.2279052734375,811.52587890625,122.0,4.7720222
248,3,16,dog,0.7821797728538513,831.0631713867188,618.8390502929688,960.1137084960938,802.1528930664062,133.0,
248,4,2,car,0.590815007686615,0.0,373.3984069824219,60.502742767333984,500.72418212890625,41.0,16.151743
248,5,7,truck,0.4403434991836548,258.21142578125,334.2331237792969,355.6919860839844,450.9300842285156,34.0,
248,6,2,car,0.40795379877090454,410.4635925292969,405.1872253417969,497.7539978027344,464.1351013183594,24.0,34.887318
248,7,0,person,0.2877812385559082,631.284912109375,373.5235595703125,669.4296264648438,434.0391845703125,33.0,38.51464
248,8,9,traffic light,0.2866637408733368,617.0146484375,263.0733337402344,642.983642578125,318.8838806152344,18.0,
249,0,2,car,0.9064936637878418,68.72592163085938,386.9697265625,380.96514892578125,625.8857421875,83.0,8.607766
249,1,0,person,0.8953470587730408,497.479248046875,306.476806640625,689.4303588867188,849.7511596679688,144.0,4.290167
249,2,0,person,0.8781595826148987,984.3319702148438,320.2012939453125,1136.7239990234375,812.2468872070312,124.0,4.7368326
249,3,16,dog,0.7484115362167358,833.320556640625,620.2447509765625,968.2973022460938,801.9577026367188,133.0,
249,4,2,car,0.6735881567001343,0.0,369.10711669921875,68.0011978149414,500.6084289550781,41.0,15.63888
249,5,7,truck,0.6295368075370789,260.8434143066406,333.9504089355469,360.3813171386719,451.2073974609375,32.0,
249,6,2,car,0.40297237038612366,444.0643615722656,408.7796630859375,499.6275329589844,460.68402099609375,24.0,39.62159
249,7,2,car,0.35799044370651245,405.8440246582031,404.2005920410156,502.0818786621094,463.2244567871094,24.0,34.842403
250,0,2,car,0.9242976903915405,65.33384704589844,387.029296875,381.661376953125,628.6994018554688,85.0,8.509671
250,1,0,person,0.8827835917472839,505.64263916015625,304.7866516113281,693.129638671875,843.7952880859375,142.0,4.324119
250,2,0,person,0.879284679889679,992.8648681640625,317.94781494140625,1142.8663330078125,811.0966186523438,122.0,4.726236
250,3,16,dog,0.8342196941375732,836.7916259765625,620.5759887695312,980.7020874023438,803.9456787109375,135.0,
250,4,2,car,0.7084853649139404,0.0,370.8761901855469,79.51478576660156,500.8294372558594,43.0,15.825177
250,5,7,truck,0.6527470946311951,268.5882568359375,334.06964111328125,362.77313232421875,446.47662353515625,34.0,
250,6,2,car,0.4271703362464905,447.33966064453125,405.662841796875,505.23358154296875,460.54595947265625,25.0,37.471146
251,0,2,car,0.926681399345398,63.6994514465332,387.5576477050781,383.99212646484375,629.8634643554688,87.0,8.487346
251,1,0,person,0.897652268409729,510.56707763671875,304.1824035644531,694.6293334960938,841.609375,142.0,4.336845
251,2,0,person,0.8761305809020996,995.2252807617188,317.2599792480469,1151.34130859375,810.0293579101562,122.0,4.729875
251,3,16,dog,0.8338077664375305,841.0986938476562,618.8578491210938,976.125244140625,801.2887573242188,137.0,
251,4,2,car,0.7209020853042603,0.0,371.278564453125,78.29640197753906,500.3455810546875,44.0,15.93384
251,5,7,truck,0.5544673204421997,270.6631164550781,333.0673828125,367.91986083984375,451.02117919921875,33.0,
251,6,2,car,0.5505012273788452,451.0631103515625,405.1189270019531,509.4825439453125,461.1794128417969,27.0,36.684185
251,7,2,car,0.2670547068119049,838.530029296875,410.44293212890625,916.5999755859375,468.7101135253906,25.0,35.29488
251,8,2,car,0.2596213221549988,454.2106018066406,395.9028015136719,519.5112915039062,461.7562255859375,26.0,31.228949
252,0,2,car,0.9275524616241455,61.23944091796875,387.6537780761719,384.0325927734375,632.879150390625,87.0,8.386298
252,1,0,person,0.8968995213508606,513.9772338867188,308.3918151855469,698.12548828125,843.7275390625,141.0,4.353787
252,2,16,dog,0.8872087001800537,843.9065551757812,615.5956420898438,969.9761352539062,804.9054565429688,136.0,
252,3,0,person,0.8474529385566711,996.6114501953125,311.0939636230469,1158.4598388671875,809.8108520507812,120.0,4.673468
252,4,2,car,0.7290862798690796,0.2139873504638672,374.709228515625,77.31417083740234,500.46533203125,43.0,16.353348
252,5,2,car,0.6138015389442444,454.6904296875,406.0714416503906,510.5386962890625,460.8431396484375,24.0,37.54737
252,6,7,truck,0.4495984613895416,272.1493225097656,332.45416259765625,369.563720703125,454.17425537109375,30.0,
253,0,2,car,0.9255881309509277,59.030364990234375,386.82733154296875,385.2719421386719,634.2352294921875,88.0,8.312318
253,1,0,person,0.9051263928413391,513.8599243164062,312.6872863769531,701.2149047851562,839.1992797851562,143.0,4.426751
253,2,16,dog,0.8771081566810608,847.3922119140625,613.7274780273438,965.1288452148438,804.3521118164062,136.0,
253,3,0,person,0.8739721179008484,1002.7571411132812,305.28076171875,1160.4742431640625,810.821044921875,123.0,4.610389
253,4,2,car,0.739886462688446,0.0,369.8462219238281,83.45628356933594,501.1797180175781,45.0,15.658863
253,5,2,car,0.6064837574958801,458.8319396972656,402.10638427734375,518.2742919921875,461.5480041503906,24.0,34.59753
253,6,7,truck,0.33940523862838745,277.5584411621094,333.5086364746094,375.01312255859375,453.05126953125,32.0,
253,7,2,car,0.2759632170200348,845.9452514648438,414.5493469238281,900.5297241210938,460.6783752441406,25.0,44.58219
253,8,9,traffic light,0.2694593369960785,63.84806442260742,257.6129150390625,95.55032348632812,325.5765380859375,30.0,
254,0,2,car,0.9156144857406616,53.82609558105469,387.175048828125,386.3915710449219,638.9169311523438,89.0,8.169213
254,1,0,person,0.8991167545318604,510.5998840332031,316.0683898925781,702.0341796875,836.2919311523438,144.0,4.480262
254,2,16,dog,0.8886219263076782,852.8564453125,613.1600341796875,963.9776611328125,805.73974609375,136.0,
254,3,0,person,0.8869245052337646,1006.3657836914062,304.5328674316406,1167.8394775390625,810.3204345703125,123.0,4.608135
254,4,2,car,0.7536681294441223,0.0,371.5388488769531,86.76243591308594,501.7874450683594,43.0,15.789292
254,5,2,car,0.5353459119796753,462.2192687988281,399.14556884765625,524.2302856445312,461.52447509765625,23.0,32.968407
254,6,7,truck,0.40667641162872314,279.06903076171875,333.0522766113281,378.71441650390625,450.6142272949219,32.0,
255,0,2,car,0.9111258387565613,51.19757080078125,388.6606750488281,387.5275573730469,642.742919921875,92.0,8.0939665
255,1,0,person,0.897418737411499,512.0831909179688,315.6730041503906,703.1987915039062,840.3790893554688,144.0,4.441987
255,2,0,person,0.8784099817276001,1013.970703125,302.16650390625,1168.9222412109375,814.3110961914062,123.0,4.5509367
255,3,16,dog,0.8731216788291931,860.1134033203125,613.2803344726562,970.2520751953125,808.5626220703125,134.0,
255,4,2,car,0.7987154722213745,0.0,373.20648193359375,92.59619140625,505.05633544921875,46.0,15.597539
255,5,2,car,0.5178311467170715,469.0943298339844,399.825439453125,533.583251953125,460.81732177734375,26.0,33.718147
255,6,7,truck,0.39520347118377686,282.9621887207031,333.7181396484375,378.8879699707031,454.32513427734375,33.0,
255,7,9,traffic light,0.29197078943252563,639.1412353515625,260.4532775878906,667.5714721679688,325.996337890625,20.0,
255,8,2,car,0.2812138795852661,855.5267944335938,412.42218017578125,907.9736938476562,455.8582763671875,26.0,47.34618
256,0,2,car,0.9183034300804138,48.35298156738281,387.13055419921875,388.3052978515625,641.0750122070312,91.0,8.098358
256,1,0,person,0.890999972820282,513.0271606445312,317.3694763183594,709.2649536132812,839.0426025390625,141.0,4.4678125
256,2,0,person,0.860567569732666,1018.0155029296875,299.51385498046875,1182.1875,813.6819458007812,122.0,4.533026
256,3,16,dog,0.8598746657371521,863.4722900390625,613.22998046875,975.2288818359375,807.5567016601562,136.0,
256,4,2,car,0.8184080719947815,0.0,374.9107666015625,93.29715728759766,505.32379150390625,45.0,15.769385
256,5,2,car,0.5766435861587524,471.4093322753906,402.9792785644531,536.1136474609375,458.21258544921875,25.0,37.23357
256,6,7,truck,0.510287344455719,287.48968505859375,332.3051452636719,383.608154296875,455.6396789550781,33.0,
256,7,9,traffic light,0.5027737617492676,644.2149047851562,256.529541015625,671.8482666015625,325.2275085449219,18.0,
256,8,2,car,0.2956560254096985,858.1463012695312,412.1717834472656,912.7069702148438,455.2162170410156,25.0,47.776985
257,0,2,car,0.9185863733291626,46.59613037109375,386.0636901855469,389.60369873046875,644.6232299804688,92.0,7.9538093
257,1,0,person,0.8953174352645874,518.0987548828125,312.6866455078125,715.02685546875,836.3659057617188,140.0,4.4506965
257,2,0,person,0.8643634915351868,1027.8453369140625,305.9886169433594,1182.280517578125,814.0607299804688,122.0,4.5874147
257,3,2,car,0.8267256021499634,0.0,371.15618896484375,95.50897216796875,504.57781982421875,45.0,15.413792
257,4,16,dog,0.7687088251113892,870.7153930664062,614.3848266601562,980.0813598632812,808.114990234375,137.0,
257,5,2,car,0.5817333459854126,477.1355895996094,395.28057861328125,544.0584106445312,457.3860168457031,25.0,33.113575
257,6,7,truck,0.47777700424194336,294.4811096191406,331.3197326660156,387.9551696777344,455.3475036621094,34.0,
258,0,2,car,0.9151489734649658,44.05535888671875,384.73956298828125,389.7250061035156,644.739501953125,94.0,7.9097447
258,1,0,person,0.8884168863296509,524.1439819335938,305.214111328125,717.5659790039062,829.35595703125,137.0,4.4467688
258,2,0,person,0.870293378829956,1032.846435546875,304.2120666503906,1192.6407470703125,812.7752075195312,123.0,4.5829854
258,3,16,dog,0.8527368903160095,874.2638549804688,613.7760009765625,984.407470703125,807.0278930664062,140.0,
258,4,2,car,0.7903744578361511,0.0,370.6321105957031,92.63006591796875,503.1990966796875,46.0,15.513163
258,5,2,car,0.6043124794960022,482.7001647949219,387.17669677734375,547.1600341796875,456.73846435546875,23.0,29.56413
258,6,7,truck,0.3745313584804535,300.5103454589844,329.60723876953125,393.1284484863281,454.47894287109375,36.0,
259,0,2,car,0.9039333462715149,39.442108154296875,384.4280090332031,389.7618713378906,648.5360107421875,94.0,7.786713
259,1,0,person,0.8963478207588196,530.21728515625,303.26934814453125,720.9397583007812,830.2996215820312,136.0,4.4223976
259,2,0,person,0.871895968914032,1040.4874267578125,309.5417175292969,1195.46923828125,810.0057373046875,121.0,4.657153
259,3,16,dog,0.8667891025543213,875.9166870117188,609.929443359375,986.7236938476562,807.318603515625,139.0,
259,4,2,car,0.7971347570419312,1.1111068725585938,371.8144226074219,93.85277557373047,502.7580871582031,44.0,15.705481
259,5,2,car,0.501872718334198,487.051513671875,400.5005798339844,549.3641967773438,455.53265380859375,23.0,37.36972
259,6,7,truck,0.2945960462093353,303.3536682128906,328.8514709472656,394.86785888671875,450.5494079589844,34.0,
260,0,2,car,0.9073596596717834,36.36854553222656,384.9024353027344,390.10546875,650.9652709960938,96.0,7.7295017
260,1,0,person,0.8937498927116394,536.9730834960938,302.5232849121094,726.4714965820312,829.2977294921875,137.0,4.424546
260,2,0,person,0.8699796199798584,1044.365478515625,309.5917053222656,1199.6326904296875,817.7842407226562,123.0,4.586328
260,3,16,dog,0.8579821586608887,876.0521850585938,607.6751098632812,992.3728637695312,804.766845703125,140.0,
260,4,2,car,0.7250242829322815,0.0,369.2853698730469,94.0531997680664,503.0917053222656,46.0,15.369475
260,5,2,car,0.5477514863014221,493.28607177734375,393.37152099609375,553.7719116210938,455.04034423828125,23.0,33.348022
260,6,7,truck,0.3213041126728058,306.33526611328125,327.61395263671875,404.2015075683594,448.1726989746094,33.0,
260,7,2,car,0.2819788157939911,307.1826171875,377.08428955078125,392.11663818359375,458.1328125,36.0,25.374098
261,0,2,car,0.9227057695388794,33.891357421875,383.4812927246094,392.9250183105469,653.9520263671875,97.0,7.6035333
261,1,0,person,0.9141026139259338,543.8031005859375,305.4569091796875,736.0787353515625,827.9218139648438,133.0,4.4610415
261,2,0,person,0.8880232572555542,1046.9912109375,310.1473388671875,1203.5950927734375,819.89208984375,123.0,4.572362
261,3,16,dog,0.827113687992096,878.5761108398438,607.290771484375,998.7918090820312,809.4998168945312,139.0,
261,4,2,car,0.7643343806266785,0.0,369.22369384765625,95.08131408691406,503.6125793457031,46.0,15.302852
261,5,2,car,0.5973212718963623,496.92828369140625,393.5357666015625,560.26171875,454.9903564453125,22.0,33.464275
261,6,7,truck,0.45125827193260193,307.7226867675781,326.60247802734375,408.83123779296875,450.7594299316406,30.0,
261,7,9,traffic light,0.2858954966068268,669.0545654296875,257.0832824707031,695.5242919921875,308.47247314453125,23.0,
262,0,2,car,0.9236901998519897,29.071014404296875,382.8631896972656,392.1378479003906,656.6907958984375,98.0,7.510321
262,1,0,person,0.9136239290237427,549.5048217773438,311.5903015136719,748.8616333007812,820.2816162109375,133.0,4.581831
262,2,0,person,0.8933843970298767,1048.86669921875,308.30841064453125,1204.653076171875,818.7044677734375,123.0,4.5665274
262,3,16,dog,0.8250819444656372,878.2349853515625,607.5744018554688,1001.2437744140625,808.2755737304688,137.0,
262,4,2,car,0.754950225353241,0.623931884765625,370.05889892578125,99.1915283203125,504.8814697265625,45.0,15.253627
262,5,2,car,0.6352262496948242,501.3199768066406,389.28607177734375,563.941650390625,455.5389404296875,23.0,31.040667
262,6,7,truck,0.4765571057796478,311.7386474609375,325.91107177734375,408.1998596191406,453.6882019042969,30.0,
262,7,2,car,0.3056502044200897,0.07323646545410156,375.6920471191406,65.84230041503906,505.1607971191406,46.0,15.884398
262,8,9,traffic light,0.26912975311279297,670.9276123046875,255.17697143554688,698.9346923828125,310.90704345703125,19.0,
263,0,0,person,0.9086582064628601,556.2233276367188,317.8847961425781,755.0687255859375,818.2501831054688,135.0,4.658071
263,1,2,car,0.8925578594207764,25.814666748046875,384.57293701171875,392.8926086425781,658.7245483398438,100.0,7.501445
263,2,0,person,0.8825817108154297,1052.9791259765625,302.9728088378906,1208.655029296875,817.7999267578125,121.0,4.5272236
263,3,16,dog,0.8300102949142456,881.0267944335938,612.2342529296875,1003.0134887695312,808.0756225585938,137.0,
263,4,2,car,0.6882815361022949,0.0,368.1539611816406,96.01114654541016,504.2899475097656,47.0,15.1064625
263,5,2,car,0.6716741323471069,506.9359130859375,383.0900573730469,565.2638549804688,454.4510192871094,24.0,28.818743
263,6,2,car,0.46075770258903503,0.03078460693359375,378.9262390136719,64.54069519042969,504.3873596191406,48.0,16.391796
263,7,7,truck,0.43888384103775024,317.1861877441406,324.3585205078125,412.5008239746094,453.59381103515625,30.0,
263,8,2,car,0.3386854827404022,318.1771545410156,375.38946533203125,400.6416320800781,454.56243896484375,31.0,25.975193
264,0,0,person,0.9161245226860046,1057.4044189453125,298.7915954589844,1215.4815673828125,815.3082885742188,121.0,4.5124145
264,1,0,person,0.9143680334091187,564.8018188476562,319.8855285644531,763.85986328125,819.8212280273438,134.0,4.6620746
264,2,2,car,0.9054466485977173,23.455490112304688,383.2301330566406,396.5889587402344,661.9402465820312,100.0,7.378753
264,3,16,dog,0.7336176037788391,885.1898803710938,613.0056762695312,1067.608642578125,809.3350219726562,138.0,
264,4,2,car,0.6764621734619141,514.0065307617188,384.0070495605469,570.585205078125,451.5125427246094,21.0,30.46468
264,5,2,car,0.6166903972625732,0.042949676513671875,375.01934814453125,79.73077392578125,504.16510009765625,46.0,15.924126
264,6,2,car,0.49942463636398315,320.48785400390625,373.786376953125,395.5799560546875,450.14373779296875,31.0,26.933004
264,7,2,car,0.41947075724601746,0.0,368.6312255859375,107.9637451171875,503.1492919921875,44.0,15.2881565
264,8,2,car,0.39303576946258545,0.031414031982421875,366.767578125,108.31666564941406,433.63128662109375,40.0,30.757092
264,9,7,truck,0.35166651010513306,322.56573486328125,323.8264465332031,417.2318115234375,448.7688293457031,29.0,
265,0,2,car,0.9123915433883667,19.986968994140625,383.8265075683594,394.5864562988281,662.7098388671875,102.0,7.3741703
265,1,0,person,0.9122510552406311,570.9085693359375,320.06195068359375,767.0890502929688,822.3267211914062,135.0,4.640456
265,2,0,person,0.9068627953529358,1059.3267822265625,297.2705993652344,1216.435302734375,814.9813842773438,123.0,4.5020065
265,3,16,dog,0.7207731604576111,886.257568359375,616.254150390625,1051.1605224609375,810.7977905273438,140.0,
265,4,2,car,0.6605169773101807,516.5846557617188,385.7861022949219,573.2161865234375,452.81231689453125,23.0,30.68252
265,5,2,car,0.6314049959182739,323.9769592285156,371.44390869140625,391.38677978515625,446.3228759765625,33.0,27.464764
265,6,2,car,0.6304841637611389,0.096954345703125,376.9472351074219,77.39273834228516,506.1761169433594,48.0,15.913882
265,7,2,car,0.4556023180484772,1.9133949279785156,367.43768310546875,106.73851776123047,426.018798828125,40.0,35.105736
265,8,7,truck,0.3302718698978424,326.7496337890625,325.7647705078125,421.1065979003906,448.6175537109375,31.0,
265,9,2,car,0.2977832853794098,0.032993316650390625,369.61505126953125,107.8741455078125,505.94110107421875,47.0,15.085402
265,10,2,car,0.2600169777870178,3.0718460083007812,362.5326232910156,108.48882293701172,412.3894958496094,39.0,41.24874
266,0,0,person,0.9184562563896179,578.32177734375,318.034423828125,771.59033203125,812.5977172851562,134.0,4.7127185
266,1,2,car,0.9003817439079285,14.663990020751953,384.2635803222656,396.4402770996094,662.500732421875,105.0,7.3912964
266,2,0,person,0.8886056542396545,1065.5985107421875,291.7162170410156,1224.30908203125,808.900146484375,122.0,4.5065928
266,3,16,dog,0.728449821472168,889.06640625,616.1796264648438,1073.7828369140625,810.0287475585938,139.0,
266,4,2,car,0.6660850644111633,518.515869140625,384.9471130371094,578.8536987304688,453.0292053222656,24.0,30.206669
266,5,2,car,0.6317557096481323,0.09267425537109375,380.8504943847656,68.77816772460938,505.68145751953125,50.0,16.474545
266,6,2,car,0.6068661212921143,324.5108947753906,371.5708312988281,401.42242431640625,446.894287109375,33.0,27.302692
266,7,16,dog,0.487765908241272,889.1197509765625,618.091552734375,1017.9617309570312,810.7600708007812,139.0,
266,8,2,car,0.43914365768432617,1.0050888061523438,365.1426086425781,111.64631652832031,426.0118103027344,41.0,33.786106
266,9,2,car,0.36682260036468506,0.0,368.73028564453125,111.73324584960938,505.4571533203125,48.0,15.041179
266,10,7,truck,0.3315293788909912,327.7055969238281,324.72564697265625,425.4700012207031,447.2165222167969,31.0,
267,0,2,car,0.9211387634277344,13.946548461914062,381.2726745605469,397.4491271972656,667.55126953125,105.0,7.1836777
267,1,16,dog,0.9077232480049133,891.15673828125,616.87646484375,1083.966064453125,809.1163330078125,137.0,
267,2,0,person,0.8937893509864807,586.4509887695312,304.11309814453125,771.7031860351562,810.939208984375,133.0,4.598693
267,3,0,person,0.8847301602363586,1070.7205810546875,287.2973327636719,1230.32275390625,816.2764892578125,123.0,4.406105
267,4,2,car,0.692423939704895,325.0562744140625,372.8425598144531,399.083251953125,447.9736633300781,31.0,27.372595
267,5,2,car,0.653627336025238,521.9681396484375,386.5820617675781,585.2730102539062,452.8770446777344,25.0,31.020948
267,6,2,car,0.6190293431282043,0.11351394653320312,381.1436462402344,68.86238861083984,507.3833312988281,50.0,16.290703
267,7,2,car,0.4407179653644562,0.3666114807128906,370.2440185546875,117.22222137451172,508.5113525390625,47.0,14.873601
267,8,2,car,0.43857306241989136,3.1127700805664062,365.4330139160156,119.85237121582031,423.3397521972656,40.0,35.514576
267,9,7,truck,0.3264133930206299,335.4699401855469,324.573486328125,430.1014099121094,446.3711242675781,30.0,
267,10,2,car,0.25006234645843506,456.57916259765625,360.9151916503906,584.25146484375,452.0216979980469,18.0,22.572847
268,0,2,car,0.9190183877944946,10.067413330078125,380.75299072265625,397.98248291015625,669.0978393554688,105.0,7.1322002
268,1,0,person,0.9110206365585327,597.3212280273438,297.3549499511719,775.3687133789062,803.8831787109375,130.0,4.601397
268,2,0,person,0.8831678032875061,1077.257568359375,284.61456298828125,1234.8046875,816.2633056640625,123.0,4.3839803
268,3,16,dog,0.8236991167068481,896.1226196289062,614.8557739257812,1027.6849365234375,808.3532104492188,136.0,
268,4,16,dog,0.7951446175575256,895.5247192382812,613.0596923828125,1086.5732421875,810.5409545898438,137.0,
268,5,2,car,0.7074538469314575,326.9361267089844,371.36993408203125,407.9813537597656,445.61041259765625,28.0,27.70097
268,6,2,car,0.6711057424545288,0.0,377.8736572265625,68.9725112915039,511.46484375,48.0,15.394228
268,7,2,car,0.5231507420539856,528.0765380859375,384.4215087890625,593.0430908203125,452.2020263671875,23.0,30.341066
268,8,2,car,0.458467036485672,6.52423095703125,363.36016845703125,117.67945861816406,424.89532470703125,37.0,33.42046
268,9,7,truck,0.30358895659446716,339.9744873046875,322.30157470703125,434.7078552246094,446.8900451660156,27.0,
269,0,2,car,0.9300269484519958,5.643951416015625,380.9917907714844,398.2573547363281,674.3528442382812,108.0,7.0102463
269,1,0,person,0.8969506621360779,602.6676635742188,296.486572265625,779.1646728515625,800.7769775390625,129.0,4.621816
269,2,0,person,0.8816245198249817,1079.8741455078125,285.7202453613281,1242.0924072265625,817.8432006835938,126.0,4.3800735
269,3,16,dog,0.8262606263160706,901.8973388671875,612.8159790039062,1023.14208984375,810.4812622070312,139.0,
269,4,2,car,0.702196478843689,330.48974609375,370.9067687988281,411.0997009277344,445.4784851074219,28.0,27.577925
269,5,2,car,0.5888822674751282,531.10888671875,385.7719421386719,596.4210205078125,450.6458435058594,23.0,31.70047
269,6,2,car,0.5732027292251587,0.032329559326171875,376.2098083496094,69.15774536132812,510.69464111328125,51.0,15.291934
269,7,16,dog,0.5297067761421204,902.236083984375,612.0062866210938,1089.516357421875,812.7207641601562,140.0,
269,8,7,truck,0.382682740688324,335.8362121582031,321.3709716796875,440.6349792480469,448.2627868652344,28.0,
269,9,2,car,0.3516227900981903,7.111061096191406,362.90966796875,122.51355743408203,419.06756591796875,41.0,36.620552
270,0,2,car,0.9263489842414856,2.0504150390625,381.07122802734375,400.1347961425781,675.5121459960938,108.0,6.984536
270,1,0,person,0.9065808653831482,606.2631225585938,297.3359680175781,783.7503662109375,802.4871826171875,129.0,4.6139402
270,2,0,person,0.8745121955871582,1084.0975341796875,289.4724426269531,1245.0908203125,818.3818359375,124.0,4.406686
270,3,2,car,0.7034197449684143,332.7672119140625,369.72857666015625,415.0360107421875,444.7672119140625,26.0,27.406324
270,4,16,dog,0.6746839284896851,907.6159057617188,614.4212036132812,1025.651123046875,813.3543090820312,139.0,
270,5,16,dog,0.6093466877937317,908.1727294921875,612.2783203125,1098.591796875,816.2867431640625,137.0,
270,6,2,car,0.5291621088981628,538.1242065429688,386.3067626953125,598.41357421875,451.61517333984375,21.0,31.489561
270,7,2,car,0.4574969410896301,0.0,377.3976745605469,66.57728576660156,514.9758911132812,51.0,14.948102
270,8,2,car,0.40868979692459106,495.0879821777344,382.70721435546875,599.8734741210938,451.89892578125,20.0,29.722248
270,9,7,truck,0.4007189869880676,349.9786376953125,321.312744140625,444.95343017578125,446.3588562011719,26.0,
270,10,2,car,0.37680378556251526,18.402191162109375,362.52117919921875,127.59883117675781,418.8966064453125,38.0,36.479248
271,0,0,person,0.916090726852417,609.1143188476562,298.8136291503906,791.5831298828125,803.299072265625,130.0,4.6200294
271,1,2,car,0.9128076434135437,0.1780242919921875,381.4573059082031,401.76995849609375,675.1312866210938,111.0,7.002776
271,2,0,person,0.8882389068603516,1091.6031494140625,296.4642333984375,1251.2410888671875,820.3917846679688,126.0,4.4485874
271,3,16,dog,0.8134922981262207,913.2079467773438,615.5317993164062,1031.677490234375,813.1162719726562,138.0,
271,4,2,car,0.727436900138855,340.9043884277344,371.2785949707031,420.9652404785156,444.57232666015625,29.0,28.058786
271,5,2,car,0.47740697860717773,536.4774169921875,383.8270568847656,608.0458374023438,451.7831726074219,24.0,30.262665
271,6,2,car,0.4746423065662384,493.9288330078125,380.3980407714844,607.951904296875,452.0958251953125,20.0,28.683357
271,7,7,truck,0.45805466175079346,350.7160949707031,321.99114990234375,450.56231689453125,442.2671813964844,28.0,
271,8,2,car,0.4404425024986267,0.12764739990234375,374.5609130859375,68.25666046142578,516.509033203125,54.0,14.487922
271,9,2,car,0.3191659152507782,13.612174987792969,362.5254821777344,133.62808227539062,418.9201354980469,40.0,36.466812
271,10,9,traffic light,0.25469088554382324,710.0736694335938,249.96253967285156,740.6738891601562,309.5398254394531,24.0,
272,0,0,person,0.9209577441215515,608.3765869140625,301.4298400878906,794.1896362304688,798.2698974609375,130.0,4.6911225
272,1,2,car,0.8999407887458801,0.0,380.9735412597656,402.8040466308594,673.34423828125,112.0,7.0339923
272,2,0,person,0.8896325826644897,1096.2733154296875,300.15032958984375,1255.8699951171875,813.2199096679688,127.0,4.542732
272,3,16,dog,0.8152447938919067,918.2847900390625,616.3775024414062,1039.0098876953125,814.391845703125,140.0,
272,4,2,car,0.752966046333313,348.0564880371094,370.2671813964844,423.56744384765625,444.9621276855469,28.0,27.532427
272,5,2,car,0.5541948676109314,540.00732421875,384.25946044921875,615.9356689453125,452.7466735839844,22.0,30.027988
272,6,2,car,0.44373074173927307,495.5032653808594,380.9733581542969,615.7387084960938,452.8915100097656,20.0,28.595469
272,7,2,car,0.4321599304676056,0.0429840087890625,371.97802734375,73.27922821044922,516.9622192382812,54.0,14.184534
272,8,9,traffic light,0.37288880348205566,716.1595458984375,249.07241821289062,744.9066772460938,313.638916015625,25.0,
272,9,7,truck,0.37044236063957214,360.1600646972656,320.95428466796875,454.60357666015625,444.6530456542969,27.0,
272,10,2,car,0.34281063079833984,22.565505981445312,357.2244873046875,144.6522674560547,415.582763671875,37.0,35.239788
273,0,0,person,0.9111844301223755,1102.6534423828125,301.94879150390625,1262.6435546875,822.6630249023438,126.0,4.4760394
273,1,0,person,0.9066951870918274,608.0398559570312,306.4378967285156,797.9820556640625,799.8396606445312,131.0,4.7238126
273,2,2,car,0.8922373056411743,0.014373779296875,379.559326171875,403.181884765625,685.1705932617188,113.0,6.729245
273,3,16,dog,0.7961696982383728,923.3948974609375,616.7553100585938,1042.0194091796875,814.8256225585938,140.0,
273,4,2,car,0.6949746608734131,350.09051513671875,369.6468200683594,430.88507080078125,446.7320251464844,26.0,26.678701
273,5,2,car,0.5276791453361511,554.8905639648438,390.5896911621094,620.922607421875,451.4094543457031,21.0,33.81357
273,6,2,car,0.3277820348739624,0.022207260131835938,367.1328125,76.60401916503906,516.4729614257812,50.0,13.7708
273,7,2,car,0.31283900141716003,503.0748596191406,378.31329345703125,618.2908325195312,451.288330078125,18.0,28.181324
273,8,2,car,0.3067796230316162,26.412677764892578,356.8626708984375,144.9864501953125,402.2882995605469,33.0,45.27253
273,9,7,truck,0.2999955415725708,369.8665466308594,319.6147155761719,461.2259216308594,445.771728515625,25.0,
273,10,2,car,0.2649485468864441,18.783061981201172,361.3586730957031,144.6056671142578,418.20220947265625,35.0,36.17884
273,11,9,traffic light,0.2602190375328064,719.79443359375,249.70376586914062,749.3075561523438,311.65338134765625,22.0,
274,0,0,person,0.906982421875,1109.764892578125,303.45758056640625,1270.9368896484375,826.0135498046875,126.0,4.4602637
274,1,0,person,0.9042284488677979,609.6853637695312,309.05950927734375,802.4427490234375,801.02197265625,130.0,4.7376328
274,2,2,car,0.9035585522651672,0.0333251953125,383.0975646972656,403.8583679199219,688.9049072265625,117.0,6.724931
274,3,16,dog,0.8808796405792236,924.003662109375,616.2173461914062,1051.367431640625,818.319091796875,139.0,
274,4,2,car,0.6602154970169067,355.74627685546875,367.58563232421875,437.4833679199219,444.3730163574219,28.0,26.782175
274,5,2,car,0.5853588581085205,565.0404052734375,393.8829345703125,627.0046997070312,451.06146240234375,23.0,35.96688
274,6,2,car,0.3784366846084595,0.0,363.6885681152344,72.00119018554688,515.2665405273438,55.0,13.567493
274,7,7,truck,0.33236151933670044,371.14410400390625,319.0530090332031,467.8632507324219,445.95318603515625,27.0,
274,8,2,car,0.27106180787086487,0.19454383850097656,363.2596435546875,45.84996032714844,515.7989501953125,56.0,13.481989
275,0,0,person,0.9073695540428162,616.3636474609375,306.685546875,803.253662109375,798.8388061523438,127.0,4.7357965
275,1,2,car,0.8974860906600952,0.0,382.8445129394531,405.521240234375,692.0563354492188,117.0,6.650888
275,2,0,person,0.8813498616218567,1117.49560546875,298.9258117675781,1278.8929443359375,829.2205810546875,126.0,4.395173
275,3,16,dog,0.8063201904296875,926.8856201171875,613.1506958007812,1053.107177734375,815.7841796875,139.0,
275,4,2,car,0.7309901714324951,362.3427429199219,366.9311828613281,442.8123779296875,445.7481994628906,26.0,26.092503
275,5,2,car,0.5782460570335388,570.0849609375,395.6376647949219,638.5084228515625,451.80389404296875,21.0,36.61512
275,6,38,tennis racket,0.4607340097427368,1044.3221435546875,590.8997192382812,1142.8651123046875,737.7786865234375,93.0,
275,7,7,truck,0.37448424100875854,379.7135925292969,318.92083740234375,472.610595703125,438.8074951171875,24.0,
275,8,2,car,0.27372756600379944,0.0,363.826171875,76.11221313476562,512.080810546875,60.0,13.871628
276,0,0,person,0.8996376991271973,626.8668823242188,302.9880065917969,809.4060668945312,797.2692260742188,127.0,4.715408
276,1,2,car,0.896033763885498,0.033416748046875,383.1186218261719,404.5458068847656,698.3888549804688,120.0,6.523081
276,2,0,person,0.8877138495445251,1124.25146484375,299.03631591796875,1287.4688720703125,832.4961547851562,128.0,4.3690968
276,3,16,dog,0.7915506362915039,929.0663452148438,613.500244140625,1057.783935546875,819.2651977539062,143.0,
276,4,2,car,0.7378807663917542,365.6175842285156,370.6558532714844,446.0115966796875,446.5089416503906,27.0,27.112057
276,5,38,tennis racket,0.5936444401741028,1049.9227294921875,594.95654296875,1145.73388671875,736.5330200195312,96.0,
276,6,2,car,0.5579727292060852,571.9303588867188,390.9576416015625,645.2531127929688,452.82366943359375,22.0,33.241722
276,7,7,truck,0.42984679341316223,370.93280029296875,320.5758972167969,476.791748046875,448.869873046875,27.0,
276,8,2,car,0.3722209930419922,0.04862022399902344,364.4001159667969,88.2874984741211,485.9010314941406,58.0,16.926071
276,9,9,traffic light,0.31825345754623413,735.6602783203125,249.01364135742188,764.5438842773438,309.2966613769531,23.0,
276,10,2,car,0.2751995921134949,0.133941650390625,362.6891784667969,56.37880325317383,509.4106750488281,61.0,14.016578
277,0,2,car,0.9020441174507141,0.0,383.4247741699219,404.9227294921875,693.3941040039062,119.0,6.6346345
277,1,0,person,0.8797192573547363,634.1371459960938,300.6598205566406,812.8613891601562,795.6350708007812,125.0,4.708796
277,2,0,person,0.8721498250961304,1130.7491455078125,293.1287841796875,1294.231689453125,829.0587768554688,128.0,4.348959
277,3,16,dog,0.8380897641181946,929.8696899414062,615.5057983398438,1063.3857421875,823.5238037109375,143.0,
277,4,2,car,0.7466875314712524,373.8040771484375,371.6163330078125,447.9664611816406,449.7935791015625,26.0,26.306032
277,5,2,car,0.5403968095779419,569.923828125,389.3965759277344,647.0857543945312,453.1201171875,20.0,32.27274
277,6,38,tennis racket,0.4694381356239319,1055.1357421875,623.9209594726562,1153.291259765625,734.6201171875,100.0,
277,7,7,truck,0.38642990589141846,387.87835693359375,321.2875671386719,481.58148193359375,446.7869567871094,25.0,
277,8,2,car,0.34405314922332764,0.1889019012451172,365.1562805175781,91.19769287109375,493.2387390136719,52.0,16.056322
277,9,2,car,0.339950293302536,587.127197265625,394.8093566894531,648.032470703125,452.6463317871094,20.0,35.55741
277,10,38,tennis racket,0.272956520318985,1059.58935546875,584.3890380859375,1149.07080078125,739.3313598632812,94.0,
277,11,2,car,0.25027063488960266,529.493408203125,386.14996337890625,645.227783203125,452.35833740234375,19.0,31.061527
278,0,2,car,0.893837034702301,0.7068328857421875,386.05572509765625,405.3805847167969,711.4017944335938,122.0,6.3210635
278,1,0,person,0.8852014541625977,641.360595703125,299.81982421875,819.4736938476562,798.3208618164062,123.0,4.675492
278,2,16,dog,0.8834676146507263,930.2144165039062,621.6051635742188,1078.1632080078125,825.17431640625,142.0,
278,3,0,person,0.8814306259155273,1135.86474609375,290.98883056640625,1301.177734375,831.3898315429688,126.0,4.312978
278,4,2,car,0.6450825333595276,378.0473937988281,374.7720642089844,456.0531005859375,450.380615234375,26.0,27.199743
278,5,2,car,0.5133817791938782,588.5205688476562,398.7678527832031,653.7158203125,453.75653076171875,19.0,37.39921
278,6,7,truck,0.39108145236968994,381.85418701171875,324.27032470703125,485.7521667480469,454.0055236816406,24.0,
278,7,38,tennis racket,0.3743847608566284,1061.6990966796875,625.4916381835938,1157.03369140625,733.2261352539062,99.0,
278,8,2,car,0.3519027829170227,572.4635620117188,391.2040100097656,649.5117797851562,443.3370666503906,19.0,39.447777
278,9,2,car,0.30029433965682983,0.10316848754882812,365.12249755859375,76.84944915771484,506.0766296386719,51.0,14.590088
279,0,2,car,0.9059507846832275,0.344879150390625,389.98004150390625,406.3997497558594,715.8072509765625,127.0,6.3117294
279,1,0,person,0.8916070461273193,1144.184326171875,286.85321044921875,1309.3497314453125,833.8086547851562,127.0,4.2612934
279,2,0,person,0.8870139718055725,648.216064453125,304.9874267578125,826.0441284179688,797.7858276367188,124.0,4.7295966
279,3,16,dog,0.8608716726303101,932.1893920898438,628.4974365234375,1083.424560546875,826.4229125976562,144.0,
279,4,2,car,0.6154635548591614,384.6409912109375,379.59173583984375,458.325927734375,450.9122314453125,26.0,28.835094
279,5,2,car,0.40181592106819153,0.15170860290527344,367.9013671875,78.44517517089844,509.88409423828125,84.0,14.48439
279,6,2,car,0.39861080050468445,598.1807250976562,404.33807373046875,663.8584594726562,456.92816162109375,21.0,39.104958
279,7,38,tennis racket,0.3823694586753845,1078.0048828125,597.4066162109375,1161.5147705078125,728.8529663085938,94.0,
279,8,7,truck,0.36521390080451965,391.58587646484375,327.91015625,491.7689208984375,453.96435546875,25.0,
280,0,0,person,0.9002363681793213,656.7631225585938,314.3297424316406,841.3012084960938,799.1663818359375,127.0,4.807264
280,1,2,car,0.8973928093910217,0.343505859375,392.7212219238281,406.8088073730469,719.0077514648438,129.0,6.3028445
280,2,0,person,0.891404390335083,1150.0201416015625,291.1306457519531,1313.9010009765625,838.7254028320312,129.0,4.2563186
280,3,16,dog,0.8905377984046936,933.30126953125,635.3651733398438,1083.68994140625,833.0176391601562,146.0,
280,4,2,car,0.5998693704605103,602.2141723632812,407.4374084472656,669.8297119140625,462.4199523925781,22.0,37.403385
280,5,2,car,0.5960898399353027,389.2234802246094,381.71722412109375,469.2467956542969,457.57855224609375,27.0,27.109112
280,6,2,car,0.4543856084346771,0.2476673126220703,374.32464599609375,76.24488067626953,503.93878173828125,79.0,15.866581
280,7,7,truck,0.45152729749679565,398.25439453125,331.878662109375,496.97296142578125,457.8167724609375,26.0,
280,8,9,traffic light,0.3782869875431061,761.0115966796875,260.3824157714844,786.9239501953125,312.19366455078125,17.0,
280,9,38,tennis racket,0.3493407666683197,1072.8377685546875,606.9269409179688,1175.28369140625,731.7053833007812,95.0,
281,0,0,person,0.9068455696105957,663.26171875,329.53656005859375,851.3298950195312,801.8555297851562,128.0,4.9346685
281,1,2,car,0.8954035639762878,1.0167388916015625,392.9030456542969,406.6023864746094,732.3131103515625,131.0,6.05914
281,2,0,person,0.8665516376495361,1155.254638671875,290.21502685546875,1326.2828369140625,849.3812255859375,130.0,4.1682377
281,3,16,dog,0.8502011895179749,936.2083740234375,639.0557861328125,1082.1793212890625,839.5841674804688,146.0,
281,4,2,car,0.7178285717964172,614.4807739257812,409.14422607421875,680.8751831054688,467.2552185058594,21.0,35.389744
281,5,2,car,0.7028177976608276,396.77008056640625,383.845947265625,471.7474670410156,460.9988098144531,27.0,26.655306
281,6,2,car,0.4526490569114685,0.09015083312988281,378.39715576171875,75.74685668945312,507.2354736328125,112.0,15.962124
281,7,7,truck,0.4432663321495056,409.4883117675781,334.8434143066406,502.61822509765625,458.8039855957031,25.0,
281,8,38,tennis racket,0.2804919183254242,1067.52294921875,605.8591918945312,1185.2264404296875,734.8869018554688,95.0,
282,0,0,person,0.9338191747665405,665.34326171875,339.3456115722656,862.3228149414062,807.1447143554688,129.0,4.982347
282,1,2,car,0.9137929081916809,0.9449615478515625,392.8180847167969,405.82666015625,739.7557983398438,133.0,5.927673
282,2,0,person,0.862821638584137,1162.578369140625,296.7044677734375,1331.8909912109375,852.47119140625,131.0,4.1937337
282,3,16,dog,0.772034227848053,947.4224853515625,642.5713500976562,1086.3489990234375,842.261962890625,148.0,
282,4,29,frisbee,0.6829520463943481,939.37060546875,699.8670043945312,1006.9791870117188,767.8405151367188,146.0,
282,5,2,car,0.6597031950950623,619.0880737304688,414.955810546875,679.7725219726562,468.47259521484375,21.0,38.42782
282,6,2,car,0.5694101452827454,396.8531799316406,388.4002990722656,482.2224426269531,466.3658752441406,26.0,26.37745
282,7,2,car,0.4648253321647644,0.0,380.06854248046875,74.40660095214844,489.81683349609375,46.0,18.738636
282,8,7,truck,0.4559132158756256,414.8324890136719,337.87078857421875,508.0778503417969,467.0951843261719,24.0,
283,0,0,person,0.924466073513031,672.7242431640625,344.4273986816406,864.7333984375,813.30615234375,128.0,4.970875
283,1,2,car,0.9068063497543335,0.7700958251953125,399.3388366699219,405.54266357421875,745.8809204101562,138.0,5.93444
283,2,0,person,0.8671965599060059,1170.5372314453125,302.493896484375,1345.2236328125,854.302978515625,133.0,4.2238116
283,3,16,dog,0.7295976877212524,959.3935546875,644.442626953125,1089.500244140625,845.4164428710938,151.0,
283,4,29,frisbee,0.7273313999176025,944.3519897460938,700.144775390625,1010.7815551757812,771.2858276367188,150.0,
283,5,2,car,0.6199876070022583,404.17071533203125,390.90960693359375,486.87689208984375,468.6658020019531,27.0,26.44848
283,6,2,car,0.47642698884010315,624.5440063476562,416.04998779296875,691.9559326171875,473.35137939453125,24.0,35.88976
283,7,2,car,0.4722082018852234,0.056247711181640625,383.93133544921875,76.39515686035156,486.0943908691406,47.0,20.129911
283,8,7,truck,0.44098976254463196,421.65435791015625,341.0693664550781,515.805908203125,464.55267333984375,25.0,
283,9,2,car,0.31486600637435913,594.7987060546875,409.239990234375,641.883544921875,466.4271240234375,19.0,35.961468
283,10,2,car,0.2949819564819336,985.4974975585938,424.42340087890625,1039.36669921875,469.35107421875,23.0,45.774307
284,0,0,person,0.9217543601989746,682.3471069335938,345.2379455566406,868.3427124023438,812.87060546875,128.0,4.9841204
284,1,2,car,0.9089622497558594,0.636932373046875,407.1319885253906,405.2424621582031,757.4273681640625,141.0,5.8708544
284,2,0,person,0.8720882534980774,1174.2012939453125,309.61175537109375,1346.6544189453125,859.11865234375,132.0,4.2415075
284,3,16,dog,0.8568010330200195,968.1912231445312,645.9287109375,1096.627197265625,850.1729736328125,151.0,
284,4,2,car,0.7448299527168274,410.0506286621094,395.1632080078125,489.3633117675781,473.3553771972656,26.0,26.301012
284,5,29,frisbee,0.719505250453949,948.78076171875,703.7556762695312,1014.025634765625,773.23193359375,151.0,
284,6,2,car,0.48641178011894226,0.13941192626953125,387.1665344238281,89.22805786132812,484.2711181640625,115.0,21.17854
284,7,7,truck,0.37402570247650146,426.2179870605469,346.7002258300781,518.8700561523438,467.8187255859375,25.0,
284,8,2,car,0.32622790336608887,634.0786743164062,419.6595153808594,697.25390625,477.0341491699219,22.0,35.843945
284,9,2,car,0.2787221670150757,592.9005737304688,415.04534912109375,698.3257446289062,478.33941650390625,21.0,32.491722
284,10,38,tennis racket,0.2749994695186615,1087.5614013671875,622.2356567382812,1207.9969482421875,751.9109497070312,97.0,
285,0,2,car,0.9161486625671387,0.6165618896484375,418.4267578125,403.7693786621094,763.9019165039062,145.0,5.9527674
285,1,0,person,0.9129282236099243,687.95166015625,343.0818786621094,866.8006591796875,813.7800903320312,126.0,4.95166
285,2,0,person,0.8759759068489075,1179.7166748046875,318.32318115234375,1351.1143798828125,862.979736328125,130.0,4.279279
285,3,16,dog,0.8723407983779907,968.5662231445312,650.6204223632812,1098.500732421875,858.7575073242188,153.0,
285,4,29,frisbee,0.6610589623451233,951.9262084960938,704.677001953125,1017.8049926757812,778.16748046875,150.0,
285,5,2,car,0.6208951473236084,411.9943542480469,402.9101257324219,495.3829650878906,477.6708068847656,27.0,27.508219
285,6,2,car,0.5049440860748291,638.3025512695312,423.799072265625,703.7999267578125,480.54052734375,22.0,36.243927
285,7,2,car,0.4497963786125183,0.061145782470703125,388.0904846191406,101.24935913085938,484.5391845703125,117.0,21.32256
285,8,7,truck,0.3526217043399811,415.9106140136719,356.34295654296875,519.794921875,478.1839904785156,26.0,
285,9,2,car,0.29281073808670044,599.2067260742188,416.5979919433594,678.6095581054688,474.83660888671875,20.0,35.31219
285,10,2,car,0.2840755879878998,584.7490234375,415.8998107910156,653.893310546875,475.2902526855469,19.0,34.627342
286,0,2,car,0.9190183877944946,0.536224365234375,423.0564880371094,401.53143310546875,773.5708618164062,149.0,5.8671865
286,1,0,person,0.8984706401824951,696.112060546875,336.5216369628906,864.298095703125,817.38427734375,127.0,4.8469925
286,2,0,person,0.8765235543251038,1185.7525634765625,327.08770751953125,1351.4964599609375,877.4871826171875,134.0,4.234629
286,3,16,dog,0.8696534037590027,964.6331787109375,654.9299926757812,1100.8585205078125,867.5059204101562,153.0,
286,4,2,car,0.6909300684928894,417.51287841796875,403.9029235839844,500.2489013671875,479.87640380859375,28.0,27.069094
286,5,2,car,0.6026420593261719,642.7262573242188,427.6756896972656,707.2650756835938,485.6225280761719,22.0,35.489998
286,6,29,frisbee,0.3758922219276428,956.7708129882812,716.3988647460938,1019.9178466796875,783.100341796875,151.0,
286,7,2,car,0.3751624524593353,0.21202468872070312,389.57464599609375,109.49755096435547,477.2098388671875,118.0,23.466978
286,8,7,truck,0.3665922284126282,436.11505126953125,355.70703125,525.0778198242188,477.0657653808594,26.0,
286,9,2,car,0.3387359082698822,606.7557373046875,424.7399597167969,653.942138671875,468.9456481933594,20.0,46.52191
286,10,38,tennis racket,0.3314794898033142,1099.529296875,622.902099609375,1207.57470703125,762.5908813476562,98.0,
286,11,9,traffic light,0.32299748063087463,788.888916015625,282.3288879394531,815.4141235351562,340.99798583984375,19.0,
286,12,7,truck,0.2504609227180481,440.34210205078125,356.8337707519531,523.084716796875,429.2933654785156,25.0,
287,0,2,car,0.9181767702102661,0.6121673583984375,424.8108215332031,400.4471130371094,785.283203125,153.0,5.7051063
287,1,0,person,0.8971764445304871,699.7344360351562,341.54644775390625,865.2526245117188,823.8837890625,125.0,4.8321733
287,2,0,person,0.8768622279167175,1191.309814453125,333.322998046875,1357.030517578125,886.5780029296875,136.0,4.212773
287,3,16,dog,0.8282231092453003,964.4716186523438,659.8359375,1106.687255859375,869.3126220703125,153.0,
287,4,2,car,0.5824978351593018,425.9353942871094,407.5934143066406,506.9958190917969,485.2544860839844,28.0,26.480875
287,5,2,car,0.5150595307350159,648.4284057617188,431.38232421875,711.2484741210938,487.21466064453125,24.0,36.834087
287,6,2,car,0.5144857168197632,0.17576980590820312,393.12689208984375,97.34051513671875,473.09912109375,80.0,25.715591
287,7,7,truck,0.4439677894115448,429.8979797363281,359.37799072265625,530.7020874023438,484.14459228515625,27.0,
287,8,2,car,0.25336211919784546,92.8036880493164,400.014404296875,219.84458923339844,432.60516357421875,34.0,63.101727
288,0,2,car,0.9133086204528809,0.2747955322265625,428.0629577636719,398.945556640625,790.6344604492188,154.0,5.672076
288,1,0,person,0.894487738609314,700.9405517578125,339.4421081542969,865.6195678710938,821.0864868164062,126.0,4.8391256
288,2,0,person,0.890180766582489,1193.4061279296875,333.08056640625,1361.9666748046875,881.9989624023438,137.0,4.2460546
288,3,16,dog,0.8663974404335022,967.3807983398438,663.5877685546875,1109.6873779296875,872.9503784179688,155.0,
288,4,2,car,0.6811729669570923,430.6459655761719,411.9011535644531,508.8977355957031,489.3218994140625,27.0,26.563076
288,5,2,car,0.4799826741218567,0.21260833740234375,398.79852294921875,98.00333404541016,471.12481689453125,57.0,28.434101
288,6,2,car,0.46174588799476624,657.4891357421875,432.0632629394531,716.2135620117188,493.7231140136719,23.0,33.352875
288,7,7,truck,0.3966335654258728,443.2489013671875,360.5787048339844,536.9840698242188,482.8929748535156,26.0,
288,8,9,traffic light,0.27915236353874207,229.1901397705078,287.64398193359375,262.9110107421875,357.0456237792969,28.0,
288,9,2,car,0.2725638151168823,592.4718017578125,430.7502136230469,674.9767456054688,488.2852478027344,21.0,35.744015
289,0,2,car,0.914834201335907,0.3037261962890625,431.5976257324219,398.5309753417969,798.8551635742188,156.0,5.5997033
289,1,0,person,0.8997490406036377,704.5280151367188,342.4414367675781,867.0385131835938,822.8807373046875,124.0,4.8512635
289,2,0,person,0.8803260922431946,1195.92529296875,336.53411865234375,1364.8067626953125,889.5499877929688,138.0,4.2145944
289,3,16,dog,0.7842123508453369,968.6900024414062,663.8237915039062,1112.1727294921875,876.2603759765625,158.0,
289,4,2,car,0.5780808925628662,433.16815185546875,410.6298522949219,512.173828125,490.5184020996094,25.0,25.742527
289,5,2,car,0.49897903203964233,0.2678947448730469,400.423583984375,113.44397735595703,462.7709045410156,47.0,32.98511
289,6,2,car,0.4765286445617676,663.5169677734375,432.85760498046875,717.5484619140625,492.1280212402344,21.0,34.697464
289,7,2,car,0.35569775104522705,594.98681640625,432.4435729980469,672.6129150390625,490.9866027832031,19.0,35.128574
289,8,7,truck,0.3223632276058197,448.44647216796875,362.0168151855469,538.9440307617188,485.8742980957031,24.0,
289,9,9,traffic light,0.28800296783447266,234.66751098632812,292.0496826171875,266.3174743652344,357.26837158203125,28.0,
289,10,2,car,0.2587950825691223,114.91605377197266,396.3199768066406,235.34469604492188,438.8260803222656,33.0,48.38207
290,0,0,person,0.9012078046798706,706.7501220703125,349.3774108886719,867.1034545898438,814.6045532226562,126.0,5.0098915
290,1,2,car,0.8987193703651428,0.33599853515625,430.1686706542969,395.7521667480469,809.2307739257812,161.0,5.42532
290,2,0,person,0.8982651233673096,1199.1043701171875,336.9873046875,1365.1396484375,890.876953125,140.0,4.207946
290,3,16,dog,0.827751874923706,968.4530639648438,663.5196533203125,1118.1431884765625,876.90673828125,159.0,
290,4,2,car,0.6967555284500122,437.6041259765625,412.9456787109375,517.37646484375,492.07196044921875,29.0,25.99052
290,5,2,car,0.43233922123908997,595.593017578125,433.5345458984375,682.7188110351562,495.3913269042969,22.0,33.24669
290,6,2,car,0.4110596776008606,0.3056602478027344,401.231689453125,109.29560852050781,458.27947998046875,53.0,36.049305
290,7,2,car,0.4072987735271454,109.49130249023438,401.63067626953125,240.26641845703125,442.51080322265625,39.0,50.30643
290,8,2,car,0.3686712384223938,666.6712646484375,441.03680419921875,718.6924438476562,496.824462890625,25.0,36.863586
290,9,7,truck,0.255695641040802,450.12591552734375,364.6051330566406,540.3312377929688,483.94091796875,27.0,
291,0,0,person,0.9142411947250366,710.021728515625,353.6590576171875,869.0995483398438,816.1016235351562,126.0,5.0400586
291,1,2,car,0.9011932611465454,0.486419677734375,423.0169372558594,390.67913818359375,814.3869018554688,162.0,5.2547035
291,2,0,person,0.8786361217498779,1201.6845703125,332.4024353027344,1373.345947265625,885.6240234375,138.0,4.2130275
291,3,16,dog,0.8729869723320007,967.3604736328125,663.4949340820312,1123.23193359375,881.8547973632812,157.0,
291,4,2,car,0.6650228500366211,443.1424255371094,411.8717956542969,518.2348022460938,492.4587097167969,27.0,25.519444
291,5,2,car,0.43083110451698303,598.0651245117188,433.45367431640625,686.2764892578125,492.87652587890625,20.0,34.608456
291,6,7,truck,0.4001736342906952,454.1426696777344,365.0019836425781,549.4591064453125,485.87420654296875,26.0,
291,7,2,car,0.36996588110923767,673.4346313476562,443.20770263671875,718.6990966796875,496.80889892578125,23.0,38.367302
291,8,2,car,0.31203943490982056,128.6544952392578,404.912841796875,241.72857666015625,443.23114013671875,37.0,53.669743
291,9,9,traffic light,0.28965166211128235,810.271240234375,292.454345703125,840.268310546875,359.58612060546875,22.0,
292,0,0,person,0.9195688962936401,707.6860961914062,362.71270751953125,872.548095703125,817.0680541992188,126.0,5.129768
292,1,2,car,0.9035232663154602,0.51983642578125,422.1885681152344,388.4447021484375,821.4994506835938,166.0,5.1502056
292,2,16,dog,0.8886833190917969,966.2279663085938,664.79150390625,1127.97216796875,882.3521118164062,158.0,
292,3,0,person,0.880877673625946,1205.967041015625,328.5802917480469,1376.6279296875,884.4501342773438,139.0,4.1929555
292,4,2,car,0.6982210874557495,442.75946044921875,416.26666259765625,520.5743408203125,494.6058654785156,28.0,26.251648
292,5,7,truck,0.4313855469226837,457.0460205078125,366.9151611328125,553.1964111328125,493.37255859375,26.0,
292,6,2,car,0.40934160351753235,597.5761108398438,435.818115234375,700.0701293945312,496.8593444824219,22.0,33.690887
292,7,2,car,0.36919236183166504,631.5714111328125,437.31005859375,697.6007690429688,494.24249267578125,23.0,36.12235
292,8,2,car,0.31654277443885803,118.03287506103516,405.3825988769531,247.4042510986328,447.38287353515625,38.0,48.964756
293,0,0,person,0.9168215990066528,706.4865112304688,358.95391845703125,876.6563110351562,815.5870971679688,124.0,5.1041794
293,1,2,car,0.9085453152656555,0.6454010009765625,422.9171447753906,386.3507385253906,834.7069702148438,169.0,4.994133
293,2,0,person,0.87874436378479,1210.416259765625,322.83087158203125,1382.7401123046875,885.7084350585938,137.0,4.140754
293,3,16,dog,0.8698413372039795,963.4548950195312,667.5634155273438,1134.2928466796875,883.30029296875,157.0,
293,4,2,car,0.6564600467681885,445.83673095703125,414.86627197265625,528.6491088867188,496.5570373535156,28.0,25.17461
293,5,7,truck,0.37523165345191956,463.10369873046875,366.43304443359375,557.635009765625,494.6168518066406,26.0,
293,6,2,car,0.36786219477653503,635.2064208984375,438.36895751953125,693.58740234375,493.7873840332031,23.0,37.109196
293,7,38,tennis racket,0.3472064435482025,1130.490966796875,619.5414428710938,1242.8492431640625,773.1149291992188,97.0,
293,8,2,car,0.3300885260105133,121.18853759765625,407.0735778808594,243.10858154296875,448.3199157714844,39.0,49.859776
293,9,2,car,0.28133633732795715,631.6292724609375,439.90899658203125,718.4412231445312,496.1720886230469,23.0,36.552082
293,10,2,car,0.26353514194488525,609.8679809570312,437.0697326660156,701.7340087890625,496.8214416503906,22.0,34.41798
293,11,38,tennis racket,0.2618871331214905,1126.1326904296875,661.1167602539062,1229.7352294921875,770.6544799804688,104.0,
294,0,0,person,0.923085629940033,708.9069213867188,357.4098815917969,883.29931640625,815.6727905273438,123.0,5.086027
294,1,2,car,0.9102963209152222,0.6600494384765625,423.84722900390625,385.8738098144531,827.3809814453125,170.0,5.09631
294,2,0,person,0.8810158371925354,1215.4244384765625,321.8653564453125,1393.367431640625,888.7024536132812,140.0,4.1118298
294,3,16,dog,0.8685262799263,963.7366333007812,671.1895141601562,1140.9971923828125,885.74560546875,159.0,
294,4,2,car,0.6131847500801086,454.3501281738281,415.88079833984375,531.0533447265625,496.5754699707031,27.0,25.485365
294,5,38,tennis racket,0.44948384165763855,1142.6358642578125,616.5231323242188,1241.9742431640625,781.9506225585938,98.0,
294,6,2,car,0.44822096824645996,639.1788940429688,437.8040771484375,701.1770629882812,493.02392578125,22.0,37.242645
294,7,7,truck,0.4192725718021393,469.21600341796875,366.1035461425781,563.4349365234375,488.9548645019531,26.0,
294,8,38,tennis racket,0.33541837334632874,1137.9056396484375,657.6768188476562,1234.363037109375,779.2403564453125,105.0,
294,9,2,car,0.3339952528476715,129.86903381347656,408.898681640625,258.8506774902344,451.31524658203125,37.0,48.4842
295,0,2,car,0.9128057360649109,0.6672821044921875,420.2075500488281,383.4445495605469,851.1253662109375,172.0,4.7724485
295,1,0,person,0.9087352752685547,704.7685546875,349.1948547363281,887.209716796875,825.9807739257812,123.0,4.8884363
295,2,0,person,0.8942791223526001,1218.338134765625,321.3782043457031,1395.2742919921875,892.6463623046875,140.0,4.079936
295,3,16,dog,0.8729069828987122,965.0423583984375,676.5955810546875,1150.900634765625,887.7266235351562,160.0,
295,4,38,tennis racket,0.6934788227081299,1142.698974609375,625.0455322265625,1245.48779296875,788.751220703125,101.0,
295,5,2,car,0.6592007875442505,457.85845947265625,416.18133544921875,537.0692138671875,493.60400390625,27.0,26.562416
295,6,7,truck,0.45515358448028564,469.31890869140625,367.8767395019531,565.9647216796875,494.4004211425781,25.0,
295,7,2,car,0.3876191973686218,137.96937561035156,412.1913146972656,261.6513366699219,453.1048583984375,39.0,50.26534
295,8,7,truck,0.33719974756240845,595.8614501953125,399.8777160644531,757.282470703125,495.5369567871094,19.0,
295,9,38,tennis racket,0.29941439628601074,1126.538818359375,646.6807861328125,1237.07763671875,785.6497802734375,104.0,
295,10,2,car,0.2726441025733948,640.9764404296875,438.43121337890625,703.521240234375,493.2132568359375,21.0,37.54028
296,0,0,person,0.9110107421875,705.0070190429688,349.008544921875,891.33349609375,819.774169921875,121.0,4.950951
296,1,2,car,0.9067645072937012,0.6845169067382812,434.00390625,380.09124755859375,857.7405395507812,178.0,4.8533287
296,2,0,person,0.905136227607727,1221.560791015625,323.9271240234375,1400.209716796875,896.6131591796875,141.0,4.0698347
296,3,16,dog,0.7279889583587646,965.3126220703125,681.7882080078125,1148.8758544921875,889.3445434570312,160.0,
296,4,2,car,0.7246476411819458,460.3465576171875,417.76043701171875,541.1925659179688,495.60662841796875,28.0,26.417904
296,5,38,tennis racket,0.6361289620399475,1134.763671875,630.2548828125,1237.704833984375,796.4906616210938,103.0,
296,6,7,truck,0.5131316184997559,469.5879821777344,370.1774597167969,569.5560302734375,490.4424133300781,26.0,
296,7,2,car,0.47128114104270935,642.0198364257812,434.56732177734375,718.2763061523438,493.8399353027344,22.0,34.69618
296,8,2,car,0.34648948907852173,139.40054321289062,412.4226379394531,265.3067321777344,455.89727783203125,40.0,47.304203
296,9,2,car,0.31180474162101746,1.0080070495605469,410.2299499511719,153.5837860107422,468.3245544433594,53.0,35.399727
296,10,38,tennis racket,0.29948651790618896,1123.845703125,675.6064453125,1235.77001953125,793.8689575195312,109.0,
297,0,2,car,0.9151897430419922,0.4686126708984375,422.67755126953125,379.0536193847656,875.3545532226562,182.0,4.543048
297,1,0,person,0.9130614995956421,708.1422729492188,349.8603515625,893.4671630859375,819.7088623046875,123.0,4.960615
297,2,0,person,0.8942533731460571,1229.073486328125,327.079833984375,1402.705078125,897.9534301757812,144.0,4.082756
297,3,16,dog,0.7865566611289978,969.73388671875,681.6026000976562,1138.7841796875,890.211181640625,161.0,
297,4,2,car,0.67714524269104,467.896728515625,419.693115234375,541.8693237304688,496.69866943359375,27.0,26.706297
297,5,2,car,0.5325605869293213,650.9733276367188,438.2768859863281,717.4576416015625,495.083251953125,22.0,36.202515
297,6,7,truck,0.5304151773452759,473.84576416015625,371.46875,572.3223266601562,498.3677062988281,26.0,
297,7,38,tennis racket,0.44117453694343567,1126.7205810546875,659.1286010742188,1239.402587890625,800.1915893554688,109.0,
297,8,2,car,0.343576580286026,141.2134246826172,410.32196044921875,276.54974365234375,466.77520751953125,38.0,36.428963
297,9,2,car,0.25213050842285156,1049.8115234375,447.50848388671875,1116.4798583984375,498.59674072265625,24.0,40.25452
298,0,2,car,0.9096757769584656,0.4679718017578125,425.2793884277344,375.89373779296875,879.0985717773438,184.0,4.531614
298,1,0,person,0.9060046076774597,705.75732421875,349.6932678222656,896.2840576171875,813.6190795898438,121.0,5.0239444
298,2,0,person,0.8847498297691345,1234.7559814453125,330.6087951660156,1409.413330078125,898.4719848632812,143.0,4.1044
298,3,16,dog,0.8225916028022766,971.4847412109375,680.4049682617188,1140.1065673828125,889.0800170898438,159.0,
298,4,2,car,0.6442374587059021,473.01617431640625,420.1760559082031,544.6261596679688,497.11907958984375,28.0,26.728
298,5,2,car,0.4711483418941498,657.4583740234375,438.9143371582031,711.8055419921875,493.4226379394531,24.0,37.72881
298,6,38,tennis racket,0.4583996832370758,1127.4541015625,672.8184204101562,1250.312744140625,798.431396484375,111.0,
298,7,2,car,0.43897363543510437,138.59024047851562,410.8799743652344,281.6293029785156,466.4202575683594,39.0,37.027775
298,8,7,truck,0.39645877480506897,479.3465881347656,371.0657043457031,575.6928100585938,495.7101745605469,26.0,
299,0,0,person,0.9051568508148193,705.1875610351562,350.5250244140625,901.2764892578125,809.7191162109375,121.0,5.075713
299,1,2,car,0.9023752212524414,0.0,422.8298034667969,371.1427307128906,891.800537109375,190.0,4.3852057
299,2,16,dog,0.8975391387939453,983.56884765625,681.704833984375,1143.07763671875,890.8429565429688,162.0,
299,3,0,person,0.8933895230293274,1240.863525390625,331.8732604980469,1412.6787109375,899.2705688476562,142.0,4.1077695
299,4,2,car,0.6519280076026917,473.125244140625,422.4339294433594,549.722900390625,499.4248352050781,29.0,26.711378
299,5,2,car,0.36965951323509216,658.512939453125,437.5763854980469,713.7335815429688,491.9934997558594,24.0,37.79203
299,6,2,car,0.3628665804862976,143.8069610595703,409.26153564453125,288.5914611816406,473.82928466796875,41.0,31.85078
299,7,38,tennis racket,0.31772536039352417,1129.6348876953125,667.291259765625,1263.77783203125,798.330322265625,111.0,
299,8,7,truck,0.3010711073875427,478.5954895019531,370.86529541015625,579.5462646484375,499.060546875,27.0,
299,9,2,car,0.2935740649700165,0.3209495544433594,409.770263671875,143.0900115966797,456.92413330078125,55.0,43.613243
300,0,0,person,0.9171825051307678,717.7362670898438,360.1962890625,907.5368041992188,805.871337890625,121.0,5.229679
300,1,2,car,0.9047127366065979,0.259552001953125,429.0191345214844,364.9487609863281,897.84326171875,194.0,4.386577
300,2,0,person,0.8987566232681274,1244.8203125,334.2591247558594,1419.75048828125,899.5426025390625,143.0,4.123131
300,3,2,car,0.6402760148048401,479.3299255371094,419.5771179199219,555.5473022460938,495.3344421386719,27.0,27.146328
300,4,0,person,0.5572537183761597,999.688720703125,679.0602416992188,1142.8992919921875,892.551513671875,163.0,10.91725
300,5,16,dog,0.49803388118743896,993.9358520507812,679.897705078125,1143.763671875,891.7188720703125,163.0,
300,6,2,car,0.4929843544960022,144.72817993164062,413.3929138183594,297.1746826171875,494.5567932128906,37.0,25.338036
300,7,7,truck,0.32407262921333313,484.0401306152344,371.533203125,585.6993408203125,498.0396728515625,26.0,
300,8,2,car,0.32273486256599426,0.37744903564453125,408.1189270019531,147.2895965576172,455.3832092285156,51.0,43.51136
300,9,2,car,0.3132508099079132,658.62548828125,435.7876281738281,725.1956787109375,492.3500061035156,22.0,36.358677
300,10,2,car,0.3018081784248352,140.8004150390625,412.7661437988281,292.8144836425781,473.1887512207031,36.0,34.035824
301,0,0,person,0.9201153516769409,718.2969970703125,368.0716552734375,906.5043334960938,806.042724609375,122.0,5.32167
301,1,2,car,0.9079241156578064,0.383056640625,439.7139587402344,360.1764221191406,905.3317260742188,196.0,4.4167843
301,2,0,person,0.8887067437171936,1248.421142578125,333.2796936035156,1426.201171875,902.0631103515625,146.0,4.0977592
301,3,16,dog,0.7873833775520325,994.074462890625,677.5480346679688,1144.0909423828125,894.0670166015625,164.0,
301,4,2,car,0.7089849710464478,482.0687255859375,418.5183410644531,559.244384765625,494.2042541503906,27.0,27.171942
301,5,2,car,0.631911039352417,149.6188201904297,413.7475891113281,300.8122863769531,506.1867370605469,37.0,22.247427
301,6,2,car,0.4561760127544403,1.0445709228515625,408.38470458984375,154.2971954345703,459.8134460449219,51.0,39.988014
301,7,7,truck,0.3619121313095093,491.04217529296875,369.9723815917969,588.5000610351562,496.60272216796875,26.0,
301,8,2,car,0.2967492640018463,148.77548217773438,413.80645751953125,296.1900329589844,478.383544921875,37.0,31.846174
301,9,7,truck,0.26689380407333374,484.4691467285156,418.9452209472656,559.1602172851562,493.4103698730469,27.0,
302,0,0,person,0.9055574536323547,718.2390747070312,365.57666015625,898.2647094726562,805.3207397460938,122.0,5.300214
302,1,2,car,0.8955790996551514,0.31331634521484375,433.47235107421875,355.1646728515625,914.6553955078125,199.0,4.2739105
302,2,0,person,0.8682863116264343,1249.9259033203125,334.60418701171875,1429.4549560546875,903.9393310546875,146.0,4.093788
302,3,16,dog,0.7995378375053406,1002.1622314453125,679.8981323242188,1147.1158447265625,896.8702392578125,164.0,
302,4,2,car,0.7428433299064636,483.4339599609375,418.4957275390625,561.7966918945312,495.7398681640625,27.0,26.623808
302,5,2,car,0.735906720161438,152.3627471923828,414.17852783203125,300.7380065917969,542.7994995117188,146.0,15.989097
302,6,2,car,0.388173371553421,0.38166046142578125,407.76849365234375,154.800537109375,455.24810791015625,51.0,43.314026
302,7,7,truck,0.32880690693855286,484.9468688964844,418.4447937011719,562.151611328125,495.3705139160156,27.0,
302,8,7,truck,0.2632143199443817,490.38116455078125,369.8932800292969,589.5884399414062,497.3432922363281,26.0,
303,0,2,car,0.9059908390045166,0.5536422729492188,438.3437805175781,345.3742980957031,924.2186889648438,205.0,4.2326393
303,1,0,person,0.9020597338676453,720.6677856445312,367.0780334472656,891.3026733398438,806.1835327148438,122.0,5.3079214
303,2,0,person,0.8701362013816833,1255.2703857421875,327.7647399902344,1434.4556884765625,905.8125,144.0,4.032085
303,3,2,car,0.8687850832939148,151.92088317871094,414.9056396484375,300.3323974609375,538.1802978515625,153.0,16.68253
303,4,16,dog,0.7778410911560059,1012.201904296875,681.297607421875,1150.2755126953125,897.1844482421875,162.0,
303,5,2,car,0.7038393020629883,485.0423583984375,418.1164855957031,564.76611328125,495.1451110839844,28.0,26.698298
303,6,2,car,0.47244325280189514,0.3754005432128906,406.5887145996094,156.3061981201172,455.1561584472656,52.0,42.343864
303,7,7,truck,0.4046427309513092,487.0914001464844,370.2386474609375,593.3018798828125,497.7912902832031,27.0,
303,8,9,traffic light,0.25298428535461426,852.1012573242188,294.5202331542969,882.1616821289062,359.6363830566406,22.0,
304,0,2,car,0.9086225628852844,0.5760040283203125,431.85626220703125,337.3625183105469,928.6190185546875,207.0,4.13987
304,1,0,person,0.9068107604980469,719.7865600585938,360.3944091796875,880.4528198242188,805.612060546875,122.0,5.235052
304,2,0,person,0.8668164014816284,1258.86328125,322.2953796386719,1438.163818359375,904.1314086914062,144.0,4.005832
304,3,2,car,0.8048200011253357,159.99961853027344,415.2983093261719,306.3472900390625,538.3766479492188,47.0,16.70914
304,4,16,dog,0.7822602987289429,1018.605712890625,683.5458984375,1155.110595703125,896.18115234375,166.0,
304,5,2,car,0.5885544419288635,487.4839782714844,419.154052734375,565.112060546875,496.4842529296875,28.0,26.59418
304,6,7,truck,0.45917370915412903,488.3903503417969,369.85211181640625,596.43310546875,498.35150146484375,27.0,
304,7,2,car,0.3910106420516968,0.38653564453125,406.7344970703125,158.49032592773438,458.62969970703125,54.0,39.628582
304,8,9,traffic light,0.3743908703327179,854.4876708984375,294.9611511230469,883.2220458984375,357.61737060546875,23.0,
304,9,7,truck,0.29124197363853455,487.6701354980469,420.1778869628906,565.5267333984375,495.97686767578125,28.0,
305,0,2,car,0.9113895297050476,0.708892822265625,442.4660339355469,331.0291748046875,937.3858032226562,211.0,4.155286
305,1,0,person,0.8847683072090149,717.5157470703125,356.114501953125,871.1962280273438,805.1087036132812,120.0,5.191019
305,2,0,person,0.8680597543716431,1260.7254638671875,319.53973388671875,1443.8382568359375,905.4767456054688,145.0,3.9777954
305,3,16,dog,0.8462077379226685,1020.7062377929688,683.4724731445312,1155.799560546875,896.6956787109375,166.0,
305,4,2,car,0.7399432063102722,156.7230987548828,414.92864990234375,310.4761962890625,537.42333984375,47.0,16.788754
305,5,2,car,0.686554491519928,491.6611633300781,417.74462890625,566.4000244140625,495.7779541015625,29.0,26.354551
305,6,7,truck,0.3767591416835785,495.1494140625,368.8859558105469,596.0176391601562,493.0365905761719,27.0,
305,7,2,car,0.3754079341888428,0.2752876281738281,406.36798095703125,168.3132781982422,462.7486267089844,54.0,36.475872
305,8,9,traffic light,0.34080854058265686,858.6303100585938,293.55462646484375,885.8251342773438,356.4214172363281,22.0,
306,0,2,car,0.9152902960777283,0.5913619995117188,446.0549011230469,321.4171142578125,954.16357421875,217.0,4.0474277
306,1,16,dog,0.8808649182319641,1025.6068115234375,681.5576171875,1153.861572265625,901.5571899414062,167.0,
306,2,0,person,0.8663187026977539,717.14599609375,352.5147399902344,866.3154296875,801.0703735351562,119.0,5.1960945
306,3,0,person,0.862810492515564,1260.4910888671875,315.72418212890625,1447.31396484375,905.6859741210938,145.0,3.9506586
306,4,2,car,0.7072644829750061,490.8043518066406,415.7864074707031,567.3187255859375,495.0890197753906,29.0,25.93273
306,5,2,car,0.7030048966407776,156.93324279785156,414.70458984375,311.5273132324219,534.7091674804688,49.0,17.137123
306,6,2,car,0.41530609130859375,0.2642097473144531,405.1680908203125,169.26626586914062,464.215576171875,56.0,34.828465
306,7,2,car,0.3788016736507416,0.0,405.6985778808594,232.775390625,469.7197570800781,55.0,32.1227
306,8,9,traffic light,0.2760527729988098,862.2918090820312,292.33514404296875,890.8099365234375,362.1737365722656,26.0,
306,9,5,bus,0.2543405592441559,878.6134643554688,408.39434814453125,950.6932983398438,496.8728332519531,25.0,
306,10,7,truck,0.2511141002178192,501.5561218261719,367.1256408691406,599.4010009765625,492.2862854003906,28.0,
307,0,2,car,0.9109110236167908,0.5256500244140625,447.9401550292969,315.8471984863281,959.4357299804688,221.0,4.0206275
307,1,16,dog,0.8629858493804932,1032.2919921875,680.0477905273438,1159.9512939453125,897.0963134765625,167.0,
307,2,0,person,0.8608881831169128,1263.6329345703125,313.2588195800781,1448.943359375,905.6438598632812,144.0,3.9344978
307,3,0,person,0.8469836115837097,706.0706176757812,351.3864440917969,862.8988037109375,798.3096923828125,118.0,5.2150736
307,4,2,car,0.6862923502922058,489.5126953125,417.00128173828125,569.7779541015625,494.4788818359375,29.0,26.543585
307,5,2,car,0.6703464388847351,156.84640502929688,416.00244140625,312.037353515625,537.2127685546875,51.0,16.96665
307,6,2,car,0.45340850949287415,4.113899230957031,407.0226745605469,237.1237335205078,486.8059387207031,55.0,25.776499
307,7,9,traffic light,0.39922159910202026,862.94970703125,290.8963623046875,891.380126953125,361.5997009277344,28.0,
307,8,2,car,0.3307405114173889,0.21086883544921875,405.7050476074219,252.6555633544922,535.6954345703125,176.0,15.820656
307,9,7,truck,0.31321537494659424,506.5476379394531,366.7434997558594,600.5156860351562,492.4859619140625,28.0,
307,10,2,car,0.26349571347236633,152.38523864746094,422.8327331542969,246.83694458007812,532.3240966796875,150.0,18.782606
308,0,2,car,0.9077367782592773,0.0601043701171875,441.9415283203125,305.1962585449219,973.3983764648438,223.0,3.8696146
308,1,0,person,0.8756468296051025,702.1307373046875,350.44537353515625,857.759765625,791.3221435546875,115.0,5.2865963
308,2,0,person,0.8738036751747131,1266.29736328125,313.3708190917969,1451.9820556640625,903.8740234375,144.0,3.9470365
308,3,16,dog,0.7979640960693359,1032.1435546875,676.9402465820312,1163.8350830078125,896.1114501953125,168.0,
308,4,2,car,0.662887692451477,490.6718444824219,414.1012878417969,576.1095581054688,492.58990478515625,28.0,26.201675
308,5,2,car,0.6312047839164734,169.4015655517578,410.42340087890625,312.2991027832031,533.64697265625,48.0,16.689447
308,6,2,car,0.5045381188392639,5.069068908691406,404.5147705078125,238.64654541015625,493.6564636230469,57.0,23.070385
308,7,2,car,0.4638625979423523,0.3065185546875,401.600830078125,244.91738891601562,535.7239379882812,175.0,15.333176
308,8,29,frisbee,0.4092633128166199,1033.884765625,741.177978515625,1111.30908203125,816.270263671875,167.0,
308,9,7,truck,0.259809285402298,511.13543701171875,365.0908203125,603.0263671875,489.196044921875,27.0,
309,0,2,car,0.9076506495475769,0.6169967651367188,443.5755615234375,292.5829772949219,979.9824829101562,229.0,3.833905
309,1,0,person,0.8901619911193848,696.2664184570312,354.1769714355469,855.04541015625,784.9774169921875,113.0,5.4102488
309,2,0,person,0.8719596862792969,1269.8349609375,313.3243103027344,1459.2333984375,902.7877807617188,144.0,3.953998
309,3,16,dog,0.8032405376434326,1031.9169921875,675.0664672851562,1166.8624267578125,895.7178955078125,166.0,
309,4,2,car,0.6546759605407715,181.92604064941406,406.7862854003906,312.5511779785156,531.8119506835938,48.0,16.448889
309,5,2,car,0.5758365988731384,495.16387939453125,410.7276611328125,579.8453979492188,488.78900146484375,28.0,26.345093
309,6,2,car,0.49548986554145813,154.0232391357422,410.5283203125,243.49703979492188,539.3291015625,53.0,15.966776
309,7,29,frisbee,0.4573657214641571,1035.9488525390625,743.6259765625,1112.4730224609375,813.9859008789062,166.0,
309,8,2,car,0.43730661273002625,0.24163055419921875,399.9714660644531,244.17645263671875,540.2437133789062,186.0,14.661013
309,9,2,car,0.41017356514930725,2.4263763427734375,399.5814514160156,196.7779998779297,479.1825256347656,55.0,25.835495
309,10,7,truck,0.37537798285484314,504.8887023925781,361.5562438964844,607.2019653320312,486.06805419921875,26.0,
309,11,7,truck,0.28620681166648865,888.6580810546875,404.7995910644531,961.718994140625,491.7349548339844,26.0,
310,0,2,car,0.917607307434082,0.04010009765625,435.6235656738281,286.12774658203125,989.8971557617188,235.0,3.7103217
310,1,0,person,0.9078646898269653,688.62890625,352.2626037597656,847.634033203125,778.9735717773438,116.0,5.462099
310,2,0,person,0.8787578344345093,1270.933349609375,314.2676696777344,1461.624755859375,898.4924926757812,145.0,3.9894528
310,3,16,dog,0.7740147113800049,1035.4134521484375,675.2850952148438,1168.1934814453125,893.3280029296875,166.0,
310,4,2,car,0.5821137428283691,174.93429565429688,401.5128479003906,316.4422607421875,531.1355590820312,49.0,15.865532
310,5,2,car,0.5525209307670593,499.49945068359375,408.5733337402344,579.6480102539062,485.9938049316406,28.0,26.563171
310,6,2,car,0.5243867039680481,1.301513671875,394.6643371582031,246.80406188964844,530.1300659179688,181.0,15.181207
310,7,7,truck,0.4254218637943268,504.988525390625,359.49298095703125,609.6641235351562,483.31329345703125,27.0,
310,8,2,car,0.40016722679138184,5.1946563720703125,396.28289794921875,217.5538330078125,505.8134765625,60.0,18.775883
310,9,2,car,0.2593490779399872,151.84828186035156,406.6824645996094,244.77915954589844,528.8104858398438,53.0,16.839159
311,0,2,car,0.902775228023529,0.14636993408203125,428.7453918457031,279.4980773925781,996.92236328125,234.0,3.619529
311,1,0,person,0.8929582834243774,674.077392578125,347.5617980957031,844.416748046875,778.2789916992188,117.0,5.4112945
311,2,0,person,0.877270519733429,1275.5291748046875,313.36419677734375,1463.02587890625,897.2578735351562,145.0,3.9917157
311,3,16,dog,0.8146793842315674,1035.8621826171875,675.8724365234375,1161.48388671875,888.5901489257812,167.0,
311,4,2,car,0.6868887543678284,190.36752319335938,395.4291076660156,319.72210693359375,523.5310668945312,48.0,16.053877
311,5,2,car,0.6540728211402893,9.049169540405273,389.31243896484375,198.8565216064453,516.8113403320312,175.0,16.12981
311,6,2,car,0.6425403356552124,502.13507080078125,405.28118896484375,578.3966674804688,479.1791687011719,28.0,27.829357
311,7,2,car,0.4316089451313019,165.18186950683594,406.00885009765625,250.46900939941406,529.568603515625,51.0,16.644037
311,8,5,bus,0.3765582740306854,893.75830078125,392.2408447265625,968.8985595703125,482.0079345703125,27.0,
311,9,7,truck,0.3531956970691681,893.7214965820312,393.0960388183594,967.5210571289062,482.21063232421875,27.0,
311,10,2,car,0.3105594515800476,6.50840950012207,388.2703857421875,198.45562744140625,478.3436279296875,57.0,22.831789
311,11,2,car,0.28279587626457214,79.30618286132812,396.8028259277344,255.02613830566406,525.9287719726562,57.0,15.926568
311,12,7,truck,0.2726275622844696,507.8556823730469,353.5102844238281,607.965576171875,476.3487854003906,28.0,
312,0,0,person,0.9017360806465149,665.2944946289062,343.96160888671875,839.22216796875,772.7720947265625,115.0,5.4353557
312,1,2,car,0.8850389719009399,0.0,430.8747253417969,268.83331298828125,1003.320556640625,237.0,3.5925379
312,2,0,person,0.8795694708824158,1277.74853515625,311.8288879394531,1463.91064453125,889.9603271484375,140.0,4.031501
312,3,16,dog,0.8538334369659424,1037.6290283203125,673.5559692382812,1168.4945068359375,883.8240966796875,167.0,
312,4,2,car,0.698750913143158,9.283744812011719,387.93072509765625,195.31517028808594,523.5258178710938,180.0,15.166723
312,5,2,car,0.6718456149101257,190.54127502441406,392.1083984375,318.4728698730469,518.7210693359375,46.0,16.242712
312,6,2,car,0.6142484545707703,504.35650634765625,397.3305358886719,579.3184204101562,474.0654602050781,26.0,26.800486
312,7,2,car,0.6008294820785522,168.03269958496094,397.9427490234375,254.4502410888672,525.947021484375,50.0,16.06613
312,8,7,truck,0.46044257283210754,515.6370849609375,348.73095703125,612.3797607421875,474.36126708984375,25.0,
312,9,7,truck,0.2670145630836487,895.6613159179688,388.15679931640625,968.7799072265625,476.1805419921875,25.0,
313,0,0,person,0.9140287637710571,659.2308349609375,337.4029541015625,836.6080322265625,761.9778442382812,111.0,5.489579
313,1,2,car,0.901594877243042,0.0,431.6419372558594,262.39215087890625,1011.375244140625,239.0,3.5473783
313,2,0,person,0.8752159476280212,1283.31884765625,310.65399169921875,1464.0816650390625,897.0195922851562,142.0,3.9748878
313,3,2,car,0.7809362411499023,206.44891357421875,391.2840270996094,322.46929931640625,512.5613403320312,45.0,16.95728
313,4,16,dog,0.7538070678710938,1040.991455078125,671.2301025390625,1160.4979248046875,880.9790649414062,166.0,
313,5,2,car,0.7500050663948059,11.197866439819336,383.3887939453125,199.93231201171875,527.7427368164062,184.0,14.246464
313,6,2,car,0.7375482320785522,169.79022216796875,394.5052490234375,256.55419921875,521.7498779296875,50.0,16.162043
313,7,2,car,0.669306218624115,506.083740234375,390.58538818359375,585.0011596679688,469.22186279296875,26.0,26.152409
313,8,7,truck,0.5242282748222351,520.113525390625,341.7183837890625,617.6256103515625,463.62725830078125,25.0,
313,9,5,bus,0.33781006932258606,899.4534301757812,383.8419189453125,973.9312133789062,470.5526123046875,23.0,
313,10,7,truck,0.26394572854042053,898.5106811523438,383.29168701171875,974.1588745117188,470.944091796875,23.0,
314,0,2,car,0.9169104099273682,0.10279083251953125,427.63165283203125,249.7445068359375,1020.6044311523438,239.0,3.4681747
314,1,0,person,0.9053768515586853,651.933349609375,324.1868591308594,836.9338989257812,754.3755493164062,109.0,5.4179425
314,2,0,person,0.8808345198631287,1284.16015625,304.5235290527344,1467.165283203125,889.5899047851562,144.0,3.9837146
314,3,2,car,0.800986647605896,175.04510498046875,388.9061584472656,257.99591064453125,518.8772583007812,50.0,15.823004
314,4,16,dog,0.7640219926834106,1044.8551025390625,664.7109375,1162.2152099609375,877.22607421875,166.0,
314,5,2,car,0.7521358132362366,17.487768173217773,376.5425720214844,202.22007751464844,531.302734375,183.0,13.288518
314,6,2,car,0.72269606590271,193.1454620361328,382.8027648925781,324.7330017089844,505.5383605957031,46.0,16.7558
314,7,7,truck,0.6243667006492615,898.0382080078125,377.5016784667969,981.330322265625,468.6594543457031,25.0,
314,8,2,car,0.5213038325309753,502.880126953125,390.1377868652344,591.2076416015625,465.2822570800781,28.0,27.367725
314,9,7,truck,0.4092232286930084,522.1934204101562,339.3954162597656,623.6614379882812,461.3128967285156,27.0,
314,10,5,bus,0.40014374256134033,901.7711791992188,378.5787048339844,980.2000122070312,467.46807861328125,25.0,
315,0,2,car,0.9179361462593079,0.165618896484375,425.00006103515625,237.54103088378906,1032.1583251953125,236.0,3.3871453
315,1,0,person,0.9091215133666992,646.8050537109375,320.0907897949219,831.2738037109375,754.0932006835938,103.0,5.370333
315,2,0,person,0.8813996911048889,1283.237548828125,299.0171813964844,1468.6942138671875,888.0157470703125,138.0,3.9571195
315,3,2,car,0.7953431010246277,18.758697509765625,376.1700744628906,205.8975372314453,528.6280517578125,60.0,13.489181
315,4,2,car,0.7645677924156189,177.16873168945312,388.7939758300781,258.0075378417969,514.9814453125,48.0,16.297443
315,5,2,car,0.7366971373558044,200.50296020507812,383.3575744628906,329.1608581542969,504.5338439941406,44.0,16.971418
315,6,7,truck,0.555287778377533,521.5374755859375,336.822998046875,623.0244140625,459.90283203125,25.0,
315,7,16,dog,0.5345864295959473,1047.2041015625,660.2611083984375,1165.8564453125,875.5014038085938,160.0,
315,8,2,car,0.5025004744529724,508.874267578125,384.9633483886719,591.0422973632812,462.9613342285156,26.0,26.366491
315,9,9,traffic light,0.32814958691596985,877.74462890625,262.06524658203125,907.335205078125,328.46771240234375,29.0,
315,10,2,car,0.3181345760822296,1096.71728515625,411.4644470214844,1148.7576904296875,455.5311584472656,23.0,46.668633
315,11,9,traffic light,0.30688339471817017,470.4842834472656,302.4344177246094,498.5770568847656,353.9225769042969,25.0,
315,12,7,truck,0.2580702602863312,908.1749267578125,375.68310546875,984.0963134765625,463.7250671386719,23.0,
316,0,2,car,0.9200966954231262,0.08095550537109375,426.0926513671875,227.03768920898438,1040.9139404296875,230.0,3.3449285
316,1,0,person,0.9055003523826599,639.8324584960938,308.6891784667969,823.4436645507812,745.1504516601562,99.0,5.340079
316,2,0,person,0.8761308789253235,1284.6573486328125,292.37896728515625,1466.5352783203125,883.5849609375,132.0,3.9423442
316,3,2,car,0.8316688537597656,24.925283432006836,372.94171142578125,213.5771484375,527.660888671875,54.0,13.292038
316,4,2,car,0.6893090009689331,197.25723266601562,380.600830078125,329.8622131347656,503.7243347167969,43.0,16.70301
316,5,2,car,0.6409686803817749,182.04135131835938,387.35870361328125,259.489013671875,511.85284423828125,46.0,16.519117
316,6,7,truck,0.6168332695960999,521.5994873046875,334.96514892578125,623.5311889648438,458.5851745605469,24.0,
316,7,2,car,0.5712908506393433,513.00439453125,381.948486328125,590.9679565429688,459.31036376953125,25.0,26.58329
316,8,5,bus,0.420491099357605,909.8973999023438,372.72216796875,988.0098266601562,462.0684814453125,23.0,
316,9,7,truck,0.36597850918769836,910.3200073242188,371.4302673339844,987.0034790039062,464.0109558105469,23.0,
316,10,9,traffic light,0.35208961367607117,878.7284545898438,259.072021484375,907.9736938476562,330.4682312011719,29.0,
316,11,2,car,0.2548235058784485,1099.0225830078125,407.9523010253906,1149.5208740234375,451.2382507324219,22.0,47.51041
317,0,2,car,0.9066009521484375,0.0569000244140625,425.59307861328125,215.96717834472656,1052.945068359375,226.0,3.278117
317,1,0,person,0.8956282138824463,636.98974609375,303.5212707519531,816.0467529296875,740.3551025390625,95.0,5.3355246
317,2,0,person,0.8822536468505859,1285.7940673828125,282.59619140625,1471.0001220703125,879.6329956054688,124.0,3.9038424
317,3,2,car,0.7872409224510193,30.369821548461914,370.8793029785156,213.94102478027344,527.5320434570312,51.0,13.1279745
317,4,2,car,0.656394898891449,203.42601013183594,380.04840087890625,331.6458740234375,501.9846496582031,41.0,16.865643
317,5,2,car,0.6269643902778625,181.93572998046875,386.8385925292969,261.83782958984375,510.9240417480469,44.0,16.573524
317,6,10,fire hydrant,0.6123082041740417,1056.767333984375,648.2076416015625,1169.59326171875,874.777587890625,150.0,
317,7,2,car,0.5940634608268738,515.375244140625,381.2875671386719,595.0371704101562,458.0959167480469,24.0,26.774864
317,8,7,truck,0.5243405699729919,524.6585083007812,332.4405212402344,625.7968139648438,458.6220703125,22.0,
317,9,7,truck,0.4306120276451111,910.677978515625,369.9459228515625,989.8128662109375,460.7156982421875,21.0,
317,10,2,car,0.2830241024494171,792.1409912109375,400.3076477050781,851.443359375,454.7084655761719,26.0,37.803352
318,0,0,person,0.9036919474601746,632.8798828125,303.7314147949219,812.7515258789062,735.042724609375,91.0,5.4038405
318,1,2,car,0.8867878913879395,0.07303619384765625,398.1748352050781,203.66844177246094,1062.51416015625,217.0,3.0956066
318,2,0,person,0.8845556974411011,1289.43505859375,280.4936828613281,1471.4718017578125,875.7228393554688,115.0,3.915698
318,3,10,fire hydrant,0.811475932598114,1066.0986328125,651.934814453125,1168.229736328125,875.275146484375,139.0,
318,4,2,car,0.7559005618095398,34.23905563354492,369.85931396484375,214.08303833007812,526.955078125,47.0,13.090953
318,5,2,car,0.705769956111908,208.9270477294922,378.26202392578125,333.841552734375,500.75079345703125,36.0,16.789566
318,6,2,car,0.612646758556366,181.77099609375,383.24249267578125,266.756103515625,511.8251953125,40.0,15.993855
318,7,2,car,0.5174639225006104,518.6548461914062,382.36260986328125,599.0401611328125,457.3008117675781,21.0,27.443054
318,8,7,truck,0.48531121015548706,529.3145141601562,331.7031555175781,630.192626953125,458.2167663574219,20.0,
318,9,7,truck,0.4799536466598511,914.9675903320312,366.8467712402344,994.2453002929688,457.5929260253906,20.0,
318,10,2,car,0.44948291778564453,17.02466583251953,382.2568359375,129.2862548828125,529.5582275390625,52.0,13.961397
318,11,2,car,0.37174656987190247,775.1204833984375,395.1781311035156,855.3897094726562,453.51397705078125,22.0,35.253338
318,12,2,car,0.29655933380126953,791.1322631835938,401.7569274902344,854.0425415039062,454.3358459472656,21.0,39.113266
318,13,9,traffic light,0.275106817483902,885.6511840820312,254.85113525390625,913.3515625,332.4522399902344,23.0,
319,0,0,person,0.9244993925094604,623.5647583007812,309.16754150390625,809.7478637695312,732.7005615234375,88.0,5.503083
319,1,0,person,0.893631637096405,1290.45849609375,273.9825439453125,1473.5340576171875,875.4935302734375,116.0,3.8748047
319,2,2,car,0.8728740215301514,0.05692291259765625,407.3873596191406,192.33993530273438,1064.454345703125,215.0,3.1298683
319,3,10,fire hydrant,0.8567908406257629,1068.579833984375,653.208251953125,1176.095703125,870.361083984375,137.0,
319,4,2,car,0.7763072848320007,37.276336669921875,368.594970703125,219.44015502929688,526.4755249023438,47.0,13.02588
319,5,2,car,0.6399040222167969,203.49993896484375,377.1120300292969,335.5531311035156,498.7803039550781,37.0,16.90279
319,6,2,car,0.6053348183631897,185.552490234375,381.3248291015625,265.9168395996094,509.67315673828125,40.0,16.023062
319,7,5,bus,0.5902528762817383,918.9981689453125,366.2736511230469,996.6716918945312,455.2034912109375,21.0,
319,8,2,car,0.572705864906311,24.147193908691406,384.7867126464844,133.9793701171875,532.6959838867188,51.0,13.904018
319,9,2,car,0.4502268135547638,521.3582153320312,382.6482238769531,598.653076171875,456.5397033691406,23.0,27.831804
319,10,7,truck,0.4402971863746643,526.09716796875,331.08599853515625,629.8855590820312,455.9827880859375,22.0,
319,11,2,car,0.40487849712371826,765.5755615234375,394.2024841308594,858.5515747070312,454.1610107421875,21.0,34.299263
319,12,7,truck,0.3504791259765625,918.5068359375,366.2266845703125,996.2398681640625,455.4462890625,21.0,
319,13,2,car,0.3269267678260803,793.6644287109375,398.6374816894531,859.63623046875,454.4934387207031,20.0,36.818512
320,0,0,person,0.9151685833930969,620.9376220703125,317.2130126953125,801.239013671875,732.0590209960938,90.0,5.61832
320,1,0,person,0.9015881419181824,1291.6153564453125,270.1835632324219,1481.8773193359375,876.216796875,114.0,3.8458908
320,2,2,car,0.84532630443573,0.10188674926757812,408.3721618652344,182.8871307373047,1065.6275634765625,216.0,3.1289713
320,3,2,car,0.7299989461898804,37.37561798095703,368.1357421875,224.17510986328125,527.2093505859375,46.0,12.928186
320,4,2,car,0.7185945510864258,215.1002197265625,375.29827880859375,343.22845458984375,496.395263671875,36.0,16.98253
320,5,2,car,0.6305979490280151,526.9317626953125,379.597900390625,599.5413208007812,452.95892333984375,22.0,28.03305
320,6,2,car,0.5376539826393127,801.353759765625,397.1015625,862.0048828125,452.2957763671875,19.0,37.25994
320,7,2,car,0.5324299931526184,193.5692596435547,380.54937744140625,276.14715576171875,505.75872802734375,40.0,16.424757
320,8,16,dog,0.4482935965061188,1075.323486328125,653.8333740234375,1185.236572265625,871.47802734375,138.0,
320,9,7,truck,0.43435072898864746,926.206787109375,365.27398681640625,1000.7252197265625,452.18389892578125,20.0,
320,10,2,car,0.3781524896621704,888.7598876953125,410.174560546875,941.408203125,462.8262634277344,18.0,39.059196
320,11,7,truck,0.37684279680252075,534.17822265625,326.9535827636719,634.9369506835938,454.2902526855469,21.0,
320,12,2,car,0.32966935634613037,0.12174224853515625,364.86639404296875,111.31587982177734,525.1219482421875,53.0,12.832836
321,0,0,person,0.9041851758956909,1295.6248779296875,270.6643981933594,1485.0767822265625,877.6878662109375,119.0,3.839617
321,1,0,person,0.9030123353004456,622.8668212890625,325.64215087890625,795.389892578125,730.3334350585938,92.0,5.759298
321,2,2,car,0.8423552513122559,0.16544723510742188,418.3343200683594,170.8983154296875,1068.191650390625,219.0,3.164592
321,3,2,car,0.7067622542381287,226.1282501220703,374.50579833984375,343.89288330078125,495.5496826171875,38.0,16.98998
321,4,2,car,0.7062378525733948,197.09564208984375,378.3167724609375,275.8623962402344,507.48834228515625,42.0,15.920943
321,5,2,car,0.7028635740280151,40.98184585571289,365.6996154785156,223.7068634033203,522.4482421875,49.0,13.119944
321,6,2,car,0.5894772410392761,802.8176879882812,397.4934387207031,866.7910766601562,452.33197021484375,21.0,37.50161
321,7,2,car,0.5795302987098694,530.7506713867188,373.5314025878906,607.3189086914062,449.4176330566406,23.0,27.100216
321,8,16,dog,0.5297231078147888,1084.307373046875,652.6928100585938,1185.339111328125,870.9217529296875,141.0,
321,9,7,truck,0.37557125091552734,532.5686645507812,374.40435791015625,611.109375,448.27203369140625,23.0,
321,10,2,car,0.365570604801178,35.59846115112305,368.70989990234375,140.53060913085938,526.8216552734375,54.0,13.006833
321,11,7,truck,0.34820201992988586,930.9605712890625,362.6944885253906,1007.3193969726562,449.4396057128906,21.0,
321,12,7,truck,0.3428405225276947,541.9545288085938,324.4739990234375,637.4947509765625,451.79345703125,22.0,
321,13,2,car,0.29419952630996704,0.039768218994140625,363.72686767578125,126.47158813476562,525.8006591796875,53.0,12.688869
322,0,0,person,0.9146419763565063,1301.158203125,266.8363952636719,1493.738525390625,878.363037109375,122.0,3.8113427
322,1,0,person,0.8955749869346619,624.8745727539062,321.6096496582031,784.2086791992188,729.2875366210938,90.0,5.717106
322,2,2,car,0.8511154055595398,0.22039031982421875,427.7208251953125,156.3928680419922,1032.8470458984375,222.0,3.3985195
322,3,2,car,0.7664802074432373,534.4290771484375,371.55194091796875,612.4684448242188,446.5785827636719,22.0,27.410706
322,4,2,car,0.7527616024017334,46.8624267578125,363.06939697265625,230.3391876220703,518.1373901367188,48.0,13.262138
322,5,2,car,0.7158480882644653,202.34866333007812,376.1684875488281,278.98968505859375,499.4187927246094,42.0,16.685827
322,6,2,car,0.6630861163139343,221.0935516357422,372.0377197265625,348.5302734375,491.30987548828125,38.0,17.242357
322,7,2,car,0.5334977507591248,35.23611831665039,378.6598205566406,145.47312927246094,527.9344482421875,52.0,13.776844
322,8,16,dog,0.487720251083374,1094.811279296875,649.9114990234375,1194.35009765625,874.0882568359375,144.0,
322,9,7,truck,0.475698858499527,934.37646484375,359.45428466796875,1010.951171875,448.3748779296875,20.0,
322,10,2,car,0.44760584831237793,812.4933471679688,395.2621765136719,875.6817626953125,449.8188171386719,19.0,37.695377
322,11,7,truck,0.43212857842445374,540.3280639648438,322.7474060058594,642.3676147460938,447.19329833984375,22.0,
322,12,2,car,0.3774782717227936,902.5572509765625,412.30242919921875,949.6422729492188,453.1739501953125,18.0,50.31702
322,13,5,bus,0.3154881000518799,934.2659912109375,360.3013000488281,1012.3060913085938,447.7878112792969,20.0,
322,14,38,tennis racket,0.2747451663017273,1221.3209228515625,587.9512939453125,1328.7174072265625,758.2364501953125,87.0,
322,15,2,car,0.27058619260787964,901.9597778320312,415.5263671875,950.1128540039062,465.5445556640625,19.0,41.115707
322,16,2,car,0.26433682441711426,1119.927734375,397.3338317871094,1175.7152099609375,439.8172302246094,19.0,48.407925
322,17,10,fire hydrant,0.2547449469566345,1095.882568359375,650.4990844726562,1193.0057373046875,873.0026245117188,144.0,
323,0,0,person,0.9238842129707336,1306.6846923828125,267.4468688964844,1499.966796875,877.0081787109375,123.0,3.8236313
323,1,0,person,0.8704590797424316,630.9320068359375,320.1348571777344,772.2952880859375,728.6249389648438,91.0,5.7057385
323,2,2,car,0.8336742520332336,0.5941085815429688,430.0914306640625,142.92413330078125,1043.506103515625,224.0,3.3525987
323,3,2,car,0.7943445444107056,51.9241828918457,365.2164001464844,241.9691619873047,516.5159912109375,46.0,13.592457
323,4,2,car,0.7757234573364258,539.7478637695312,369.8945007324219,615.1272583007812,445.8920593261719,21.0,27.060516
323,5,2,car,0.6542981863021851,223.4484100341797,369.73443603515625,356.79034423828125,490.56903076171875,36.0,17.019407
323,6,2,car,0.5879349708557129,206.55917358398438,377.72698974609375,284.6697692871094,497.265380859375,40.0,17.203957
323,7,7,truck,0.5844519734382629,939.5255126953125,355.9536437988281,1017.6058959960938,447.7766418457031,19.0,
323,8,2,car,0.5369772911071777,47.66691970825195,377.3434753417969,151.15585327148438,524.3306274414062,50.0,13.991244
323,9,2,car,0.5120043754577637,819.2982788085938,392.9314270019531,880.8682250976562,449.3639831542969,18.0,36.442318
323,10,16,dog,0.5020548105239868,1097.47412109375,647.6736450195312,1202.5767822265625,869.193603515625,140.0,
323,11,2,car,0.39435961842536926,7.456809997558594,366.3694152832031,147.9664306640625,524.6521606445312,51.0,12.992782
323,12,2,car,0.35940423607826233,1123.1055908203125,399.59161376953125,1177.9713134765625,440.43951416015625,18.0,50.34612
323,13,2,car,0.30876269936561584,0.030996322631835938,359.2973327636719,61.859596252441406,517.14501953125,57.0,13.028593
323,14,2,car,0.28612297773361206,749.2706909179688,396.3695068359375,798.7791137695312,446.3193054199219,21.0,41.172
323,15,2,car,0.2786327302455902,735.2528686523438,390.7409362792969,798.977294921875,447.1945495605469,22.0,36.428726
323,16,7,truck,0.2548240125179291,553.4630126953125,321.0252685546875,644.7171020507812,415.7214660644531,18.0,
324,0,0,person,0.9216691851615906,1311.9580078125,269.6402893066406,1506.41015625,879.8610229492188,120.0,3.8194993
324,1,0,person,0.8737689256668091,634.3369140625,322.62396240234375,770.944580078125,728.5580444335938,89.0,5.741665
324,2,2,car,0.8278771042823792,0.5915794372558594,432.575439453125,130.83892822265625,1048.9154052734375,226.0,3.3366864
324,3,2,car,0.7513960599899292,55.30760192871094,364.75360107421875,244.77951049804688,518.2410888671875,47.0,13.398703
324,4,16,dog,0.7237145304679871,1104.078857421875,644.5055541992188,1213.266845703125,875.96484375,141.0,
324,5,2,car,0.6861522793769836,226.3647003173828,368.5335388183594,362.72503662109375,488.3581237792969,35.0,17.162865
324,6,2,car,0.6634287238121033,543.58251953125,369.2699890136719,622.0565185546875,448.04241943359375,21.0,26.107271
324,7,2,car,0.6318305134773254,827.4539794921875,390.12994384765625,890.0203857421875,446.6217346191406,18.0,36.404106
324,8,7,truck,0.600554347038269,946.611328125,356.1167907714844,1025.8916015625,446.2169494628906,18.0,
324,9,2,car,0.5961914658546448,0.26363182067871094,357.3336181640625,73.4848403930664,529.7169799804688,57.0,11.929998
324,10,2,car,0.5816312432289124,54.608463287353516,366.760986328125,157.3369903564453,525.129638671875,50.0,12.985734
324,11,2,car,0.5759133696556091,211.20904541015625,375.1961975097656,290.97784423828125,496.5663757324219,40.0,16.944304
324,12,2,car,0.5727729201316833,738.594970703125,386.0336608886719,807.0020751953125,447.9040832519531,21.0,33.23936
324,13,38,tennis racket,0.3918824791908264,1201.59375,628.1461181640625,1332.4310302734375,763.134765625,91.0,
324,14,2,car,0.308662474155426,234.8059844970703,364.5193176269531,355.8774719238281,457.3380432128906,34.0,22.156446
324,15,9,traffic light,0.2717159688472748,912.9785766601562,243.18392944335938,941.5177612304688,313.1422119140625,22.0,
325,0,0,person,0.9106909036636353,1323.382568359375,275.5688781738281,1511.244873046875,880.855224609375,120.0,3.850636
325,1,0,person,0.8668540120124817,635.3289184570312,313.05303955078125,774.3989868164062,725.3232421875,90.0,5.6534224
325,2,2,car,0.8217587471008301,0.13731765747070312,488.3052978515625,119.26106262207031,1069.3077392578125,230.0,3.5396292
325,3,16,dog,0.7232142090797424,1114.037109375,644.6907958984375,1219.0638427734375,874.5379638671875,143.0,
325,4,2,car,0.7205410599708557,261.769775390625,367.78924560546875,368.1100158691406,487.17694091796875,36.0,17.225672
325,5,7,truck,0.711388349533081,952.0213623046875,354.7405700683594,1034.2584228515625,446.0428161621094,19.0,
325,6,2,car,0.7093407511711121,0.010980606079101562,352.67596435546875,80.49627685546875,530.4208984375,56.0,11.570137
325,7,2,car,0.6870306730270386,62.92470169067383,362.07403564453125,251.1544647216797,515.1575927734375,48.0,13.434057
325,8,2,car,0.6796134114265442,216.4694366455078,372.7281188964844,301.143798828125,494.4106750488281,41.0,16.900805
325,9,2,car,0.6726979613304138,835.9395141601562,390.02593994140625,899.8949584960938,444.2329406738281,18.0,37.93852
325,10,2,car,0.5830226540565491,554.0253295898438,365.0900573730469,632.1112060546875,441.8407287597656,22.0,26.794987
325,11,2,car,0.542828381061554,740.84326171875,385.1532897949219,815.5292358398438,445.7017822265625,21.0,33.96506
325,12,0,person,0.5060880780220032,1115.6478271484375,645.4962158203125,1218.5157470703125,872.8209228515625,143.0,10.2529
325,13,38,tennis racket,0.32999318838119507,1202.6151123046875,627.6703491210938,1346.5340576171875,766.4036865234375,93.0,
326,0,0,person,0.9046750068664551,1331.80126953125,273.9078063964844,1525.2298583984375,883.5631713867188,120.0,3.823041
326,1,0,person,0.8718741536140442,624.8720092773438,311.25860595703125,775.9385375976562,728.0929565429688,88.0,5.59152
326,2,2,car,0.8065902590751648,0.14659881591796875,524.2582397460938,110.0851821899414,1068.9683837890625,230.0,3.7754633
326,3,2,car,0.7747771143913269,0.0,350.763427734375,89.6598129272461,539.17822265625,56.0,10.914925
326,4,2,car,0.7567394375801086,67.7544937133789,373.7225646972656,176.9556121826172,522.2435913085938,49.0,13.846747
326,5,2,car,0.6932036280632019,227.826416015625,372.366943359375,307.927734375,496.8724365234375,40.0,16.51761
326,6,2,car,0.6855215430259705,265.64093017578125,366.85308837890625,381.39324951171875,488.581787109375,35.0,16.8944
326,7,2,car,0.6696534156799316,76.6358642578125,361.2380676269531,260.73883056640625,515.69775390625,47.0,13.314368
326,8,2,car,0.6111595034599304,848.5310668945312,387.71319580078125,910.8396606445312,444.365478515625,19.0,36.300976
326,9,5,bus,0.5971933007240295,964.956298828125,352.71124267578125,1045.338623046875,443.9210205078125,19.0,
326,10,2,car,0.5953492522239685,744.245361328125,384.706787109375,824.4625854492188,443.73321533203125,19.0,34.84089
326,11,16,dog,0.4936782717704773,1122.3526611328125,647.61474609375,1230.8724365234375,872.9426879882812,137.0,
326,12,38,tennis racket,0.4783132076263428,1224.9129638671875,635.9269409179688,1352.4122314453125,772.7114868164062,94.0,
326,13,2,car,0.4487954080104828,562.4881591796875,366.33819580078125,639.1710815429688,444.0567626953125,22.0,26.461287
326,14,7,truck,0.44671937823295593,966.3688354492188,353.0098571777344,1046.3231201171875,443.0415344238281,19.0,
326,15,2,car,0.30439674854278564,137.8805694580078,369.0461730957031,258.9815673828125,513.1982421875,46.0,14.266415
326,16,0,person,0.3012561500072479,1122.700927734375,648.1790771484375,1230.6683349609375,871.4571533203125,137.0,10.438721
326,17,2,car,0.27430757880210876,565.9932250976562,316.76806640625,668.3199462890625,439.8948669433594,21.0,16.702564
327,0,0,person,0.902486264705658,1344.3292236328125,277.9955749511719,1540.8673095703125,881.8112182617188,119.0,3.860015
327,1,0,person,0.8521825671195984,616.5103149414062,310.1455993652344,787.4765625,724.5353393554688,86.0,5.624506
327,2,2,car,0.8107156753540039,0.13071441650390625,346.56072998046875,102.39640045166016,534.9286499023438,53.0,10.917641
327,3,2,car,0.7895506024360657,0.2761116027832031,532.8078002929688,101.36815643310547,1069.2642822265625,231.0,3.833551
327,4,2,car,0.6673733592033386,85.0316162109375,354.4482421875,276.10870361328125,515.5759887695312,45.0,12.7633705
327,5,2,car,0.653621256351471,860.7288208007812,387.7000427246094,926.8884887695312,443.0877990722656,17.0,37.129745
327,6,2,car,0.6499060988426208,266.3891906738281,363.84649658203125,391.791259765625,487.0850830078125,34.0,16.687412
327,7,2,car,0.6388086676597595,240.726806640625,369.73004150390625,322.81207275390625,492.374267578125,38.0,16.768284
327,8,2,car,0.6321480870246887,83.12054443359375,368.5660400390625,187.35296630859375,518.5360717773438,47.0,13.712961
327,9,7,truck,0.5877109169960022,980.9805908203125,352.1590576171875,1060.4443359375,444.3046875,18.0,
327,10,5,bus,0.5466626882553101,981.2777709960938,351.9476623535156,1061.0208740234375,443.5774841308594,18.0,
327,11,2,car,0.5313321948051453,774.7036743164062,386.8721923828125,835.6221313476562,443.11376953125,17.0,36.566067
327,12,2,car,0.502300500869751,743.2020263671875,382.69775390625,837.432861328125,444.2438049316406,17.0,33.414543
327,13,2,car,0.37203308939933777,576.8173828125,353.028076171875,657.7362670898438,443.159912109375,20.0,22.816946
327,14,9,traffic light,0.33042213320732117,379.3088684082031,243.31878662109375,410.31182861328125,312.49871826171875,24.0,
327,15,0,person,0.3182750642299652,1134.4234619140625,652.1917114257812,1240.85498046875,872.2954711914062,135.0,10.589268
327,16,2,car,0.3105425238609314,577.2217407226562,318.79833984375,666.8749389648438,442.70068359375,19.0,16.598017
327,17,16,dog,0.260148823261261,1134.4931640625,649.7939453125,1241.3763427734375,872.9561157226562,135.0,
328,0,0,person,0.8776849508285522,1366.5242919921875,275.28485107421875,1560.84814453125,885.5087280273438,115.0,3.8194795
328,1,0,person,0.8583642244338989,619.6528930664062,309.0039367675781,795.4813842773438,731.8134765625,82.0,5.5125
328,2,2,car,0.8246533274650574,0.0,347.2362976074219,117.21479034423828,539.3208618164062,52.0,10.706395
328,3,2,car,0.7604766488075256,100.99708557128906,356.2712707519531,288.8022155761719,512.3284912109375,43.0,13.178071
328,4,2,car,0.7596743106842041,0.2206707000732422,552.5391235351562,94.58829498291016,1070.0350341796875,232.0,3.9740086
328,5,16,dog,0.7528355717658997,1148.0401611328125,651.2017822265625,1258.47265625,873.9468383789062,131.0,
328,6,2,car,0.6858197450637817,101.5191879272461,360.7795715332031,206.38331604003906,519.461669921875,45.0,12.960083
328,7,2,car,0.6143909692764282,272.63153076171875,360.81475830078125,408.5443115234375,487.208984375,33.0,16.270784
328,8,2,car,0.6092455983161926,260.2859802246094,368.01983642578125,341.41265869140625,495.8302001953125,37.0,16.090504
328,9,2,car,0.6015638709068298,793.9934692382812,383.630126953125,854.7808227539062,442.52197265625,17.0,34.92051
328,10,7,truck,0.5773017406463623,998.6968383789062,349.32220458984375,1078.353759765625,443.3851318359375,18.0,
328,11,2,car,0.5252571105957031,877.4161987304688,385.30316162109375,943.010986328125,443.260986328125,18.0,35.483273
328,12,2,car,0.4405803382396698,588.6612548828125,318.301513671875,669.3574829101562,439.5866394042969,20.0,16.956186
328,13,2,car,0.3902926743030548,770.5100708007812,384.22027587890625,857.3335571289062,445.45220947265625,18.0,33.58596
328,14,9,traffic light,0.37579038739204407,960.2246704101562,240.44642639160156,987.1741333007812,306.80181884765625,21.0,
328,15,2,car,0.25694364309310913,1174.87109375,392.0741271972656,1230.4300537109375,438.8454895019531,18.0,43.969925
329,0,0,person,0.8920906782150269,1383.2392578125,269.43731689453125,1578.260009765625,884.8453369140625,118.0,3.7873044
329,1,0,person,0.8624832034111023,638.340087890625,312.1531677246094,801.76611328125,732.7742309570312,86.0,5.541181
329,2,2,car,0.7924696207046509,272.02001953125,367.31414794921875,353.8741149902344,493.01239013671875,38.0,16.360874
329,3,2,car,0.7523300647735596,113.33560180664062,365.1671447753906,221.020751953125,515.8107299804688,47.0,13.651648
329,4,2,car,0.7486668825149536,0.2924652099609375,343.65814208984375,131.9757080078125,538.9319458007812,54.0,10.531536
329,5,2,car,0.7191038727760315,0.22867584228515625,596.1534423828125,84.095947265625,1068.7164306640625,236.0,4.351871
329,6,2,car,0.7006022930145264,115.24665832519531,356.5284118652344,299.285888671875,509.2651062011719,46.0,13.464565
329,7,2,car,0.6539013981819153,299.1076354980469,357.9697265625,421.54962158203125,481.765869140625,34.0,16.612255
329,8,2,car,0.620427131652832,889.6828002929688,383.9208984375,960.3464965820312,440.525390625,19.0,36.331627
329,9,2,car,0.5903187990188599,805.6887817382812,386.0574645996094,869.0227661132812,440.58709716796875,19.0,37.71405
329,10,16,dog,0.5863401889801025,1163.6302490234375,651.481201171875,1270.1558837890625,871.1757202148438,136.0,
329,11,7,truck,0.40404829382896423,1014.2706909179688,350.4153747558594,1089.662353515625,439.0459289550781,19.0,
329,12,2,car,0.3804236650466919,604.4583129882812,344.23443603515625,675.0346069335938,438.20855712890625,21.0,21.884037
329,13,9,traffic light,0.29303231835365295,914.7496948242188,248.4298553466797,942.5469360351562,286.05242919921875,13.0,
329,14,2,car,0.2875271141529083,0.0,360.3382873535156,78.66342163085938,542.1795043945312,56.0,11.3095
329,15,2,car,0.28158479928970337,1193.019775390625,389.1460876464844,1245.6116943359375,433.4955139160156,19.0,46.371136
329,16,2,car,0.2690359950065613,786.6859130859375,382.38665771484375,869.8780517578125,442.6541748046875,19.0,34.12341
329,17,9,traffic light,0.25311610102653503,973.8942260742188,240.13522338867188,1001.8412475585938,302.20587158203125,14.0,
330,0,0,person,0.9109432101249695,1400.6729736328125,267.516357421875,1594.2337646484375,886.372802734375,116.0,3.7662005
330,1,0,person,0.844102144241333,646.0090942382812,326.4212951660156,800.326171875,735.4585571289062,87.0,5.698106
330,2,2,car,0.8183090686798096,0.08877182006835938,342.4764404296875,142.08961486816406,541.3798828125,53.0,10.3393545
330,3,2,car,0.7135963439941406,125.44214630126953,365.92578125,231.2141876220703,516.0872802734375,45.0,13.695476
330,4,2,car,0.6865770220756531,129.720947265625,356.28607177734375,317.5184326171875,510.20159912109375,43.0,13.361441
330,5,2,car,0.6830132603645325,0.0,613.684326171875,73.37141418457031,1071.09716796875,236.0,4.4960113
330,6,2,car,0.6424387693405151,283.5996398925781,366.07391357421875,365.58447265625,494.2406005859375,36.0,16.04577
330,7,2,car,0.6144543290138245,904.0603637695312,383.7986755371094,973.8938598632812,441.7156677246094,17.0,35.508286
330,8,2,car,0.5891881585121155,309.61553955078125,361.48370361328125,435.0166931152344,484.5035705566406,33.0,16.717081
330,9,16,dog,0.5846774578094482,1177.6651611328125,649.7147827148438,1284.4058837890625,873.0891723632812,135.0,
330,10,7,truck,0.5379178524017334,1029.0677490234375,348.3012390136719,1105.94384765625,441.91583251953125,16.0,
330,11,2,car,0.4967985153198242,821.2366333007812,383.8710021972656,879.8860473632812,439.5636291503906,17.0,36.92649
330,12,2,car,0.4851352870464325,798.7620849609375,382.7762145996094,881.6934814453125,441.7596130371094,17.0,34.866306
330,13,5,bus,0.4355682134628296,1028.441162109375,348.8214111328125,1108.08251953125,441.88201904296875,16.0,
330,14,2,car,0.42937585711479187,617.0499877929688,367.692626953125,676.9060668945312,437.6517333984375,20.0,29.39622
330,15,2,car,0.41606026887893677,776.4400634765625,379.2316589355469,882.9122314453125,445.8053283691406,17.0,30.89109
330,16,0,person,0.3449709117412567,1177.3736572265625,651.8687744140625,1285.1748046875,873.3418579101562,135.0,10.523796
330,17,9,traffic light,0.3412333130836487,420.8106994628906,240.07708740234375,452.026611328125,314.1761169433594,23.0,
330,18,2,car,0.2983490824699402,190.67601013183594,364.02685546875,313.42529296875,507.83587646484375,42.0,14.3004465
330,19,38,tennis racket,0.2870658040046692,1280.3756103515625,609.5863647460938,1413.30615234375,777.8450927734375,87.0,
331,0,0,person,0.9010260105133057,1409.7191162109375,264.202392578125,1606.9036865234375,886.9287109375,120.0,3.742796
331,1,0,person,0.865431547164917,646.7886352539062,330.3697814941406,790.5465087890625,736.816650390625,90.0,5.7344213
331,2,16,dog,0.837069034576416,1190.3673095703125,647.0106201171875,1297.267578125,876.0862426757812,137.0,
331,3,2,car,0.7670693397521973,299.101806640625,366.2102355957031,376.2924499511719,489.9131774902344,36.0,16.624771
331,4,2,car,0.7161310315132141,143.3150634765625,350.93939208984375,326.33770751953125,511.5069580078125,43.0,12.807899
331,5,2,car,0.6796585321426392,138.40211486816406,370.12493896484375,239.80133056640625,514.8292236328125,45.0,14.211971
331,6,2,car,0.6666790246963501,0.06822967529296875,344.2115783691406,149.02536010742188,541.4691772460938,53.0,10.425622
331,7,2,car,0.6548961400985718,0.0,625.2565307617188,63.33643341064453,1071.554443359375,235.0,4.607983
331,8,38,tennis racket,0.5972206592559814,1295.943603515625,594.843017578125,1436.66748046875,773.83447265625,87.0,
331,9,2,car,0.5873898267745972,317.8213806152344,360.1201171875,446.13116455078125,483.9018859863281,32.0,16.614185
331,10,2,car,0.5741593241691589,917.9522705078125,382.874267578125,988.087890625,438.81390380859375,17.0,36.763435
331,11,0,person,0.5543377995491028,1192.136474609375,648.4721069335938,1300.6593017578125,876.455810546875,137.0,10.223264
331,12,38,tennis racket,0.4953206479549408,1292.254150390625,632.7239379882812,1423.2694091796875,771.7919921875,92.0,
331,13,7,truck,0.4092189073562622,1039.2296142578125,347.4356994628906,1116.3272705078125,436.3830261230469,17.0,
331,14,2,car,0.39849817752838135,836.1522216796875,387.885986328125,890.804443359375,437.37957763671875,16.0,41.551506
331,15,9,traffic light,0.3672422766685486,998.23046875,238.08526611328125,1026.3526611328125,299.2728271484375,15.0,
331,16,2,car,0.33467069268226624,0.04904937744140625,346.0932312011719,103.43378448486328,542.6461181640625,55.0,10.463002
331,17,2,car,0.3268449008464813,40.62609100341797,349.4995422363281,155.9355926513672,525.2171630859375,52.0,11.703626
331,18,2,car,0.32486867904663086,1212.64306640625,383.7625427246094,1312.636962890625,444.2898864746094,17.0,33.97693
331,19,2,car,0.305789053440094,1214.236572265625,385.8140563964844,1274.088623046875,436.6726989746094,17.0,40.436256
331,20,2,car,0.27275997400283813,857.977294921875,345.9859313964844,906.76171875,382.8230895996094,10.0,55.827682
331,21,2,car,0.2659853994846344,628.5789184570312,364.3212890625,679.28466796875,430.10980224609375,20.0,31.259762
331,22,2,car,0.26535022258758545,758.1026611328125,425.52642822265625,802.5271606445312,467.4292907714844,31.0,49.078587
331,23,9,traffic light,0.26367977261543274,431.893798828125,239.3470001220703,460.1905517578125,310.2506408691406,23.0,
332,0,0,person,0.9108328819274902,1424.1966552734375,256.55072021484375,1622.6817626953125,887.5841674804688,121.0,3.6935246
332,1,0,person,0.865481972694397,640.4962158203125,331.0013122558594,782.1781005859375,734.858154296875,95.0,5.7711973
332,2,16,dog,0.8452070355415344,1206.735107421875,642.657958984375,1312.95751953125,880.4524536132812,142.0,
332,3,2,car,0.6958292126655579,848.1080932617188,386.3407287597656,903.601318359375,437.6430358886719,19.0,40.086563
332,4,2,car,0.683253824710846,0.673919677734375,342.84002685546875,166.83888244628906,538.855712890625,56.0,10.491676
332,5,2,car,0.6391312479972839,149.6001434326172,363.027099609375,259.46478271484375,515.3602294921875,48.0,13.500236
332,6,2,car,0.6379467248916626,150.8455047607422,349.2447509765625,338.716064453125,509.340087890625,46.0,12.845678
332,7,2,car,0.5776216387748718,328.8076171875,355.7668762207031,459.9276123046875,480.0229797363281,35.0,16.550762
332,8,2,car,0.5319617986679077,306.42694091796875,364.7057189941406,391.0617370605469,490.6295471191406,39.0,16.331566
332,9,2,car,0.5114123821258545,0.08734703063964844,656.5466918945312,46.46099090576172,1070.0855712890625,238.0,4.9730105
332,10,38,tennis racket,0.5033002495765686,1306.8519287109375,586.1627197265625,1445.7821044921875,766.5391845703125,89.0,
332,11,2,car,0.49878737330436707,929.0308227539062,380.7010803222656,1002.2990112304688,441.4192199707031,19.0,33.870163
332,12,7,truck,0.48260316252708435,1051.810546875,347.32745361328125,1131.3211669921875,439.5467834472656,19.0,
332,13,5,bus,0.42670947313308716,1051.8597412109375,348.0902099609375,1133.249755859375,440.3313293457031,19.0,
332,14,2,car,0.3890783488750458,0.573394775390625,348.440673828125,113.6158218383789,542.772705078125,58.0,10.582575
332,15,9,traffic light,0.30961453914642334,1008.966796875,236.69801330566406,1036.1370849609375,299.6784973144531,19.0,
333,0,0,person,0.9143950343132019,1429.7666015625,255.55865478515625,1635.741943359375,886.599609375,119.0,3.6934807
333,1,0,person,0.8787205219268799,631.14208984375,339.51434326171875,779.471435546875,734.304443359375,93.0,5.9037385
333,2,16,dog,0.7829743027687073,1219.679931640625,640.5170288085938,1329.8427734375,880.3071899414062,142.0,
333,3,2,car,0.7622255682945251,159.93898010253906,363.49127197265625,267.5604553222656,513.5227661132812,46.0,13.707343
333,4,2,car,0.694490373134613,322.7182922363281,365.18115234375,401.73260498046875,487.7376708984375,37.0,16.780285
333,5,2,car,0.6802641749382019,166.05926513671875,347.260986328125,346.53948974609375,505.959228515625,44.0,12.958765
333,6,2,car,0.6778723001480103,340.1587829589844,354.76263427734375,467.026611328125,478.69061279296875,34.0,16.594584
333,7,5,bus,0.6660283207893372,1062.5860595703125,345.1139221191406,1141.2642822265625,435.6021728515625,18.0,
333,8,2,car,0.5943141579627991,941.4805297851562,377.622802734375,1014.0979614257812,439.1157531738281,18.0,33.443398
333,9,2,car,0.5941665768623352,0.01338958740234375,342.9630432128906,129.00059509277344,540.6094360351562,55.0,10.405114
333,10,2,car,0.5359324812889099,60.34015655517578,344.162841796875,179.0313262939453,528.3176879882812,52.0,11.167413
333,11,2,car,0.4430898129940033,858.8046264648438,382.1974182128906,916.0106201171875,436.4801330566406,17.0,37.8856
333,12,0,person,0.439384788274765,1220.91796875,641.5253295898438,1330.0411376953125,880.2586669921875,142.0,9.762933
333,13,2,car,0.4126585125923157,0.30242156982421875,340.7303466796875,181.27383422851562,538.1060180664062,54.0,10.419386
333,14,2,car,0.3430525064468384,0.04224586486816406,403.25372314453125,35.97960662841797,544.4016723632812,58.0,14.570054
333,15,9,traffic light,0.28603294491767883,1019.2381591796875,234.71878051757812,1049.6121826171875,300.94775390625,21.0,
333,16,2,car,0.27816280722618103,1241.56787109375,383.8365783691406,1291.177734375,427.1604309082031,18.0,47.468845
334,0,0,person,0.9021008610725403,1449.099365234375,249.43698120117188,1648.275634765625,885.32763671875,101.0,3.665312
334,1,0,person,0.8916113972663879,624.9291381835938,331.5000915527344,786.5592041015625,731.9254760742188,74.0,5.820654
334,2,16,dog,0.8089368343353271,1233.3905029296875,640.9227294921875,1339.1727294921875,876.0364379882812,117.0,
334,3,2,car,0.782508134841919,170.39776611328125,367.4284973144531,276.0985107421875,515.3130493164062,38.0,13.9063425
334,4,2,car,0.6774386167526245,176.1698760986328,343.3486633300781,362.95166015625,507.681884765625,36.0,12.514409
334,5,2,car,0.637332022190094,351.31475830078125,352.7852783203125,478.94970703125,476.98443603515625,28.0,16.558352
334,6,2,car,0.6180270910263062,330.3214416503906,362.89691162109375,409.8813171386719,488.348876953125,31.0,16.392994
334,7,2,car,0.5687529444694519,36.870460510253906,343.3935241699219,189.57025146484375,531.3993530273438,43.0,10.938667
334,8,2,car,0.553301990032196,953.2640991210938,374.9053649902344,1027.666015625,440.5843811035156,14.0,31.311876
334,9,5,bus,0.5261579751968384,1075.135498046875,344.49041748046875,1156.5496826171875,436.2682800292969,16.0,
334,10,7,truck,0.4831556975841522,1075.2298583984375,345.4151306152344,1155.2117919921875,437.0531921386719,16.0,
334,11,38,tennis racket,0.45462766289711,1356.8782958984375,578.1759033203125,1476.409912109375,748.7020263671875,69.0,
334,12,2,car,0.4453190267086029,0.02785491943359375,401.14251708984375,42.27412033081055,545.811767578125,49.0,14.215413
334,13,2,car,0.4262011647224426,0.0,340.3444519042969,138.22142028808594,538.5255126953125,46.0,10.377042
334,14,2,car,0.4120318591594696,870.43798828125,381.91717529296875,926.2298583984375,436.66717529296875,14.0,37.562252
334,15,2,car,0.3838159739971161,76.18372344970703,344.219970703125,187.32586669921875,524.6054077148438,42.0,11.400772
334,16,2,car,0.3228798508644104,821.2282104492188,379.6512451171875,927.0822143554688,438.3271179199219,14.0,35.04904
334,17,2,car,0.2844175398349762,890.7991333007812,343.31512451171875,938.7658081054688,381.0592346191406,10.0,54.486202
334,18,38,tennis racket,0.2664314806461334,1346.6868896484375,629.6978759765625,1457.2935791015625,748.5491333007812,74.0,
335,0,0,person,0.9059219360351562,1459.923095703125,243.69252014160156,1661.6591796875,883.9879760742188,148.0,3.640097
335,1,0,person,0.8826781511306763,622.9893188476562,314.8673400878906,796.4583129882812,729.9329833984375,107.0,5.615347
335,2,16,dog,0.7761883735656738,1248.1396484375,642.974853515625,1353.4498291015625,874.2797241210938,168.0,
335,3,2,car,0.7662184834480286,345.8965148925781,361.89239501953125,419.1644287109375,484.77227783203125,45.0,16.736126
335,4,2,car,0.7595970034599304,190.11204528808594,342.7627868652344,372.1339416503906,506.34136962890625,53.0,12.572143
335,5,2,car,0.667012095451355,179.81654357910156,365.30712890625,286.8952941894531,512.7910766601562,56.0,13.944116
335,6,2,car,0.6650654673576355,361.97344970703125,354.6180725097656,489.4603576660156,477.8198547363281,40.0,16.692398
335,7,2,car,0.5988481044769287,0.3543548583984375,340.11566162109375,194.3787384033203,537.0253295898438,66.0,10.444044
335,8,5,bus,0.5485786199569702,1086.1732177734375,344.0508728027344,1166.171630859375,432.8513488769531,23.0,
335,9,2,car,0.5458052754402161,967.376953125,371.2362976074219,1038.5694580078125,436.8320007324219,22.0,31.351645
335,10,2,car,0.39009660482406616,0.0,363.84979248046875,55.59246826171875,542.716552734375,72.0,11.497571
335,11,9,traffic light,0.3168811500072479,475.62451171875,232.97044372558594,504.63226318359375,302.9869384765625,31.0,
335,12,2,car,0.29863375425338745,898.6924438476562,343.5392150878906,949.0178833007812,379.5364685058594,14.0,57.13028
335,13,2,car,0.2689343988895416,86.11532592773438,343.75628662109375,199.8252410888672,525.8128051757812,63.0,11.296125
335,14,2,car,0.26712557673454285,884.0057983398438,384.2937927246094,936.570068359375,435.4349670410156,21.0,40.212868
336,0,0,person,0.9058101177215576,1478.3809814453125,252.6551513671875,1673.647705078125,883.4723510742188,148.0,3.6947908
336,1,0,person,0.8949422836303711,624.7584228515625,317.55303955078125,796.8795776367188,728.52099609375,108.0,5.6713367
336,2,16,dog,0.825107753276825,1260.5194091796875,643.8087158203125,1367.0794677734375,876.55810546875,171.0,
336,3,2,car,0.7392326593399048,196.3765869140625,356.2418518066406,303.30908203125,511.9441223144531,55.0,13.208113
336,4,2,car,0.7317379117012024,381.8551330566406,352.06805419921875,502.9593505859375,476.512939453125,40.0,16.525654
336,5,2,car,0.7292069792747498,196.651611328125,344.78192138671875,384.3807678222656,501.9454650878906,52.0,13.085307
336,6,2,car,0.6912022829055786,979.802001953125,368.9343566894531,1049.97802734375,436.3670654296875,22.0,30.497562
336,7,2,car,0.6592500805854797,0.0,358.7701110839844,67.43976593017578,545.3958740234375,72.0,11.019557
336,8,5,bus,0.6194596290588379,1100.457763671875,342.48577880859375,1181.44384765625,432.77911376953125,23.0,
336,9,2,car,0.6066356897354126,352.6163635253906,358.9838562011719,430.13214111328125,484.9668273925781,45.0,16.323898
336,10,2,car,0.5328822135925293,2.7078323364257812,338.04656982421875,200.25741577148438,534.2146606445312,67.0,10.483525
336,11,7,truck,0.5123608708381653,1100.0645751953125,342.39508056640625,1180.18212890625,433.9594421386719,23.0,
336,12,2,car,0.45654937624931335,894.1212158203125,382.3702697753906,950.3426513671875,435.91241455078125,21.0,38.409615
336,13,2,car,0.42956098914146423,89.23567199707031,339.9704284667969,214.1435089111328,524.8591918945312,62.0,11.123084
336,14,36,skateboard,0.35987159609794617,686.7730102539062,678.771484375,754.7131958007812,731.85009765625,121.0,
336,15,9,traffic light,0.3260609805583954,1055.22216796875,232.39651489257812,1081.3773193359375,302.1337890625,27.0,
336,16,2,car,0.29472771286964417,1053.6680908203125,384.95947265625,1103.0633544921875,436.23980712890625,20.0,40.10374
336,17,0,person,0.2617982029914856,778.9955444335938,349.2764587402344,820.9596557617188,458.98858642578125,33.0,21.24412
336,18,2,car,0.25351905822753906,910.3225708007812,341.7190856933594,958.7810668945312,381.53302001953125,14.0,51.653603
337,0,0,person,0.9143631458282471,1488.693359375,254.67266845703125,1689.355712890625,889.7128295898438,149.0,3.6702206
337,1,0,person,0.8813857436180115,627.5438842773438,317.6766357421875,802.5912475585938,724.6182861328125,108.0,5.727449
337,2,16,dog,0.8357105851173401,1282.5118408203125,644.7405395507812,1429.4345703125,883.3569946289062,173.0,
337,3,2,car,0.7908875346183777,206.84262084960938,360.6546936035156,314.33404541015625,512.9002685546875,56.0,13.507999
337,4,2,car,0.739537239074707,367.8722839355469,360.5505065917969,446.24957275390625,483.9606628417969,45.0,16.664213
337,5,2,car,0.7051621675491333,406.200927734375,351.5898742675781,512.8804321289062,476.7626037597656,40.0,16.429564
337,6,2,car,0.6938446164131165,213.89854431152344,339.16827392578125,396.377685546875,504.5845642089844,53.0,12.432471
337,7,2,car,0.6552821397781372,1.391143798828125,338.4878234863281,224.58192443847656,531.1007080078125,66.0,10.677029
337,8,5,bus,0.6501263976097107,1109.49609375,341.4965515136719,1190.6971435546875,431.9092712402344,23.0,
337,9,2,car,0.5870960354804993,993.9669799804688,368.2132873535156,1062.65771484375,434.7875061035156,23.0,30.890835
337,10,2,car,0.5332567691802979,0.18079376220703125,361.1231689453125,79.8046875,547.2354125976562,73.0,11.049962
337,11,2,car,0.3097690939903259,909.519287109375,378.829833984375,964.6029052734375,434.85699462890625,21.0,36.706005
338,0,0,person,0.9130417704582214,1504.7784423828125,256.47564697265625,1701.188720703125,886.0045166015625,146.0,3.702352
338,1,0,person,0.8841426968574524,634.0951538085938,317.9197082519531,801.2200927734375,724.5880737304688,108.0,5.731298
338,2,16,dog,0.8036544919013977,1295.1331787109375,643.4209594726562,1410.851806640625,884.4256591796875,172.0,
338,3,2,car,0.7739167809486389,218.0565948486328,361.8050537109375,322.3291015625,508.3359375,56.0,14.034811
338,4,2,car,0.7167456150054932,225.93447875976562,338.2126159667969,403.5753479003906,503.54608154296875,53.0,12.438699
338,5,2,car,0.7062336206436157,401.5170593261719,347.14990234375,527.2694702148438,476.0153503417969,41.0,15.958763
338,6,2,car,0.6844062209129333,0.0,355.9241638183594,88.90868377685547,554.5507202148438,74.0,10.353767
338,7,2,car,0.6654152274131775,378.8249206542969,358.0611877441406,456.7017822265625,487.0924987792969,45.0,15.93825
338,8,2,car,0.6553110480308533,1006.1039428710938,365.8682861328125,1075.78759765625,432.90557861328125,22.0,30.67745
338,9,0,person,0.6335647106170654,796.3480224609375,345.6607360839844,843.1483154296875,460.7126770019531,35.0,20.258133
338,10,2,car,0.6218393445014954,12.214736938476562,336.48419189453125,235.73263549804688,532.3107299804688,66.0,10.50181
338,11,2,car,0.5024308562278748,97.9617919921875,338.8468933105469,236.52809143066406,527.8617553710938,63.0,10.880273
338,12,7,truck,0.49139881134033203,1126.4256591796875,338.7757263183594,1204.3046875,429.71734619140625,23.0,
338,13,5,bus,0.47747012972831726,1126.9215087890625,340.2136535644531,1205.35205078125,430.2916564941406,23.0,
338,14,2,car,0.2950897812843323,922.3468017578125,378.76373291015625,977.3284301757812,432.5565490722656,22.0,38.23063
339,0,0,person,0.9022320508956909,1517.1021728515625,238.74838256835938,1717.515869140625,897.2814331054688,148.0,3.5392869
339,1,0,person,0.886690080165863,639.61767578125,326.96392822265625,803.0105590820312,720.2741088867188,107.0,5.925953
339,2,2,car,0.7827564477920532,238.39279174804688,340.8385009765625,418.947509765625,504.3495788574219,51.0,12.5773325
339,3,2,car,0.7646328210830688,393.8477783203125,358.6163635253906,469.333740234375,482.9405822753906,44.0,16.541695
339,4,2,car,0.7505260109901428,233.65635681152344,359.70355224609375,336.7562561035156,507.6910400390625,54.0,13.896669
339,5,2,car,0.7131665349006653,0.20011138916015625,355.8260498046875,99.05973815917969,558.572509765625,74.0,10.143374
339,6,2,car,0.7109827399253845,2.3177490234375,336.41473388671875,239.32278442382812,533.217041015625,67.0,10.449741
339,7,16,dog,0.6741212010383606,1309.8564453125,641.2562255859375,1413.5794677734375,885.056396484375,173.0,
339,8,0,person,0.6546316742897034,1310.3533935546875,642.4112548828125,1412.52734375,885.9116821289062,173.0,9.5718
339,9,2,car,0.6254003643989563,416.3108825683594,348.22686767578125,535.8135375976562,474.0650939941406,39.0,16.342674
339,10,2,car,0.5854657292366028,1019.2349853515625,365.031005859375,1087.76953125,432.04559326171875,21.0,30.687843
339,11,7,truck,0.5712020397186279,1137.626708984375,338.0490417480469,1219.1741943359375,430.5515441894531,22.0,
339,12,5,bus,0.5444794297218323,1137.134765625,338.148193359375,1217.8421630859375,429.7437744140625,22.0,
339,13,0,person,0.49625787138938904,793.8292236328125,343.3288879394531,853.4637451171875,459.1128845214844,30.0,20.130049
339,14,2,car,0.38476964831352234,129.48391723632812,337.6002502441406,247.48023986816406,520.9574584960938,60.0,11.215993
339,15,9,traffic light,0.3690364956855774,524.011474609375,231.01597595214844,553.3422241210938,300.0953369140625,28.0,
339,16,2,car,0.25845056772232056,0.05369997024536133,366.5332946777344,47.96134567260742,564.5792236328125,78.0,10.384123
340,0,0,person,0.9041728973388672,1528.1524658203125,250.37677001953125,1728.2918701171875,901.9652709960938,151.0,3.5770085
340,1,0,person,0.8873539566993713,647.507080078125,324.8538513183594,802.6163330078125,716.0044555664062,109.0,5.9586706
340,2,16,dog,0.8644036054611206,1319.3389892578125,641.409423828125,1430.7498779296875,884.9496459960938,175.0,
340,3,2,car,0.7597787976264954,0.13962364196777344,357.9288024902344,74.33323669433594,561.0635986328125,77.0,10.123982
340,4,2,car,0.7460724711418152,245.62875366210938,340.44171142578125,428.616943359375,504.9040222167969,52.0,12.504586
340,5,2,car,0.7082209587097168,5.032859802246094,331.794921875,262.1142883300781,528.7713623046875,67.0,10.440503
340,6,2,car,0.6992308497428894,427.7479248046875,347.04730224609375,550.0301513671875,471.9214782714844,40.0,16.468843
340,7,2,car,0.6625217199325562,404.8253173828125,356.3730773925781,478.7362060546875,483.3829040527344,44.0,16.191921
340,8,2,car,0.6342569589614868,1029.8115234375,365.26568603515625,1099.34521484375,431.6375732421875,22.0,30.985004
340,9,2,car,0.6091269850730896,0.5138511657714844,354.5358581542969,114.62418365478516,548.9046630859375,74.0,10.580572
340,10,7,truck,0.5920389294624329,1150.47802734375,337.3294677734375,1231.27392578125,427.17327880859375,22.0,
340,11,2,car,0.5772123336791992,245.03892517089844,346.8157653808594,352.74713134765625,506.2702331542969,55.0,12.897306
340,12,2,car,0.4918271601200104,948.3550415039062,377.8680725097656,1002.8756103515625,430.6936340332031,21.0,38.930645
340,13,5,bus,0.4454444348812103,1151.2490234375,338.9765930175781,1230.4322509765625,427.3470458984375,22.0,
340,14,7,truck,0.3537379205226898,744.0331420898438,302.27325439453125,865.0288696289062,455.9039611816406,30.0,
340,15,0,person,0.3351183533668518,799.5362548828125,344.0002746582031,865.9634399414062,457.202392578125,32.0,20.589169
340,16,2,car,0.27574458718299866,1320.224609375,381.2835388183594,1369.817626953125,422.0629577636719,20.0,50.430664
340,17,2,car,0.25529634952545166,138.4895782470703,335.6379089355469,259.3052062988281,521.1458129882812,62.0,11.08596
341,0,0,person,0.9170132279396057,1534.3372802734375,249.6265869140625,1738.10302734375,901.6111450195312,149.0,3.5748355
341,1,0,person,0.8784434795379639,653.0300903320312,332.2249450683594,803.781005859375,715.9507446289062,108.0,6.073966
341,2,16,dog,0.8616368174552917,1326.4420166015625,642.4850463867188,1441.237060546875,887.4651489257812,174.0,
341,3,2,car,0.745040237903595,416.3515625,357.0643615722656,494.71136474609375,482.5330810546875,44.0,16.390804
341,4,2,car,0.7349018454551697,255.49127197265625,355.44305419921875,362.7550354003906,507.7869873046875,55.0,13.499279
341,5,2,car,0.7156347632408142,0.035877227783203125,355.3297119140625,69.02845001220703,562.802001953125,77.0,9.912327
341,6,5,bus,0.702737033367157,1161.1102294921875,334.8510437011719,1243.189453125,427.9557800292969,22.0,
341,7,2,car,0.6520699858665466,258.9447326660156,336.95281982421875,442.56646728515625,500.194091796875,52.0,12.598121
341,8,2,car,0.6327964663505554,436.92645263671875,345.80133056640625,560.1859130859375,472.1600646972656,41.0,16.275354
341,9,2,car,0.6170022487640381,23.07117462158203,333.6119079589844,274.44122314453125,529.4192504882812,66.0,10.50284
341,10,2,car,0.6145167946815491,1.5658721923828125,342.31689453125,129.26409912109375,550.679443359375,74.0,9.869975
341,11,2,car,0.4704005718231201,1043.7352294921875,365.5545959472656,1111.8544921875,429.5426330566406,20.0,32.13934
341,12,2,car,0.4347032606601715,747.3685913085938,349.4383850097656,824.9353637695312,451.5365295410156,32.0,20.14271
341,13,7,truck,0.4082892835140228,750.811767578125,302.5290832519531,871.1646118164062,454.1119384765625,28.0,
341,14,2,car,0.40169382095336914,151.4008026123047,333.5309143066406,270.9677429199219,518.5633544921875,61.0,11.114447
341,15,2,car,0.25461986660957336,37.51729202270508,356.71160888671875,124.20658111572266,542.5330810546875,72.0,11.067253
342,0,0,person,0.9073138236999512,1546.914306640625,252.88119506835938,1747.7960205078125,902.2765502929688,152.0,3.5890884
342,1,0,person,0.8689868450164795,661.5858764648438,329.3808898925781,800.3834838867188,719.2467041015625,108.0,5.9783072
342,2,2,car,0.7617583870887756,0.05521202087402344,352.7047119140625,84.98682403564453,561.0855102539062,77.0,9.869111
342,3,2,car,0.7416277527809143,423.39111328125,355.99249267578125,500.4187316894531,480.2821044921875,45.0,16.5463
342,4,2,car,0.7204798460006714,265.3185729980469,357.3934020996094,368.8879699707031,505.364501953125,54.0,13.898209
342,5,2,car,0.7167307734489441,271.8915100097656,337.0634765625,447.7738342285156,500.578125,52.0,12.577058
342,6,2,car,0.7162859439849854,449.1533203125,344.58905029296875,574.39111328125,471.190185546875,40.0,16.244192
342,7,7,truck,0.6640127301216125,1174.81494140625,333.9471130371094,1251.7041015625,424.0439758300781,21.0,
342,8,2,car,0.6456555128097534,3.408233642578125,341.62896728515625,133.2899932861328,547.0736694335938,75.0,10.010155
342,9,16,dog,0.5731707811355591,1336.1920166015625,647.8375854492188,1453.4842529296875,886.3385009765625,175.0,
342,10,2,car,0.5536374449729919,19.244659423828125,334.6888122558594,279.59417724609375,534.4617309570312,67.0,10.294354
342,11,2,car,0.5246202349662781,138.32791137695312,327.8085632324219,282.05517578125,517.8475341796875,62.0,10.821639
342,12,2,car,0.48479703068733215,1055.5057373046875,362.8310852050781,1124.8939208984375,428.1757507324219,21.0,31.47209
342,13,5,bus,0.414028525352478,1175.8731689453125,335.7323913574219,1252.4227294921875,425.33074951171875,21.0,
342,14,2,car,0.40195801854133606,755.6884155273438,350.3778991699219,830.0848999023438,417.1408996582031,31.0,30.803486
342,15,0,person,0.36016249656677246,1337.5545654296875,648.8133544921875,1455.2677001953125,886.9281005859375,175.0,9.788296
342,16,2,car,0.33579930663108826,973.6813354492188,370.3078308105469,1027.566650390625,428.5306091308594,19.0,35.321796
342,17,2,car,0.300967812538147,754.7147827148438,350.9592590332031,830.8412475585938,447.69873046875,32.0,21.25847
342,18,2,car,0.2995929419994354,39.29887390136719,352.3616027832031,135.85914611816406,539.656494140625,72.0,10.980188
343,0,0,person,0.8996796011924744,1558.814208984375,246.09365844726562,1758.331787109375,899.8817138671875,150.0,3.564974
343,1,0,person,0.8883904218673706,663.8126831054688,328.4781799316406,796.8922119140625,713.7425537109375,109.0,6.0497093
343,2,2,car,0.797705352306366,0.19594573974609375,351.90087890625,99.52498626708984,560.7973022460938,77.0,9.84475
343,3,2,car,0.7297977805137634,280.2228698730469,338.51251220703125,461.8747863769531,501.22698974609375,52.0,12.638907
343,4,2,car,0.7271580100059509,75.2552719116211,334.7170715332031,240.80923461914062,530.79638671875,67.0,10.488272
343,5,2,car,0.7157383561134338,457.5105285644531,344.3775329589844,582.416015625,471.06903076171875,41.0,16.232607
343,6,2,car,0.6834926605224609,435.36474609375,353.8267822265625,515.2386474609375,483.4303894042969,45.0,15.86787
343,7,2,car,0.6433777809143066,276.32061767578125,357.89703369140625,378.424072265625,503.84033203125,55.0,14.091316
343,8,2,car,0.5871522426605225,767.2188720703125,349.349609375,842.5166015625,415.7911682128906,32.0,30.952513
343,9,2,car,0.5555889010429382,2.9997825622558594,343.4779052734375,145.9628448486328,537.82421875,75.0,10.581797
343,10,2,car,0.5404636263847351,161.36422729492188,331.7771301269531,291.0334777832031,517.9193725585938,63.0,11.048182
343,11,38,tennis racket,0.5253946185112,1467.98779296875,580.1345825195312,1598.6507568359375,765.7002563476562,106.0,
343,12,2,car,0.5022673606872559,1067.0003662109375,361.896728515625,1134.259033203125,426.22607421875,21.0,31.968819
343,13,7,truck,0.44397470355033875,1182.84033203125,333.6121520996094,1264.846435546875,425.13037109375,23.0,
343,14,2,car,0.43551579117774963,38.23853302001953,355.4158630371094,143.9982452392578,543.8165283203125,73.0,10.915743
343,15,9,traffic light,0.43307870626449585,568.8327026367188,230.10882568359375,599.8311767578125,299.0787048339844,32.0,
343,16,16,dog,0.3992443382740021,1346.5052490234375,651.035400390625,1461.5079345703125,888.0927124023438,175.0,
343,17,2,car,0.3600793778896332,278.03167724609375,343.43695068359375,408.2241516113281,502.7457580566406,54.0,12.9091
343,18,7,truck,0.30514922738075256,769.6961059570312,349.44891357421875,843.1349487304688,427.620849609375,32.0,
343,19,5,bus,0.2982370853424072,1185.053466796875,334.587158203125,1264.98779296875,423.4470520019531,23.0,
344,0,0,person,0.8930105566978455,1567.51171875,242.12210083007812,1770.324462890625,896.4900512695312,152.0,3.561815
344,1,0,person,0.8916134834289551,669.8097534179688,315.65167236328125,794.9483642578125,714.1481323242188,105.0,5.848829
344,2,2,car,0.7960575819015503,0.14290237426757812,351.1043701171875,102.88854217529297,560.4688110351562,77.0,9.822743
344,3,2,car,0.7848305702209473,444.4957580566406,353.7111511230469,521.9176025390625,478.2735900878906,43.0,16.51006
344,4,2,car,0.7474716305732727,288.10858154296875,338.8212890625,475.9173278808594,498.018310546875,50.0,12.918164
344,5,7,truck,0.7274890542030334,1194.70458984375,331.31494140625,1273.9534912109375,423.2210998535156,21.0,
344,6,38,tennis racket,0.6922128200531006,1471.1990966796875,584.6093139648438,1613.6851806640625,772.948486328125,108.0,
344,7,2,car,0.6780651211738586,475.2259216308594,345.9953918457031,595.3765258789062,469.7812805175781,39.0,16.613632
344,8,2,car,0.6574479341506958,61.909461975097656,334.6363220214844,244.49569702148438,531.373779296875,66.0,10.453186
344,9,2,car,0.6464883685112,176.18370056152344,333.1469421386719,302.95294189453125,521.3511352539062,60.0,10.927138
344,10,2,car,0.6048648357391357,16.694194793701172,347.76348876953125,158.71725463867188,540.7423706054688,73.0,10.656778
344,11,2,car,0.5547388792037964,1078.077880859375,360.9987487792969,1146.29052734375,426.5327453613281,19.0,31.381166
344,12,2,car,0.550114095211029,996.9481201171875,370.8675231933594,1052.87255859375,428.3409423828125,19.0,35.782337
344,13,16,dog,0.44279712438583374,1359.2135009765625,652.0647583007812,1468.512451171875,881.7599487304688,175.0,
344,14,2,car,0.4359341561794281,287.5727233886719,342.8610534667969,407.826171875,502.5099792480469,53.0,12.8815975
344,15,2,car,0.36214348673820496,64.76837158203125,355.5301208496094,159.1962890625,539.9984130859375,70.0,11.1484375
344,16,7,truck,0.330586701631546,783.8298950195312,301.4830017089844,886.0701293945312,430.3056640625,26.0,
344,17,7,truck,0.3267998993396759,780.7644653320312,350.68377685546875,853.2705688476562,426.7437744140625,28.0,
344,18,2,car,0.31406307220458984,139.9283447265625,334.1407775878906,283.92578125,528.5482177734375,62.0,10.578469
344,19,2,car,0.3121052384376526,281.32379150390625,361.6863098144531,384.76043701171875,504.3968811035156,53.0,14.410518
344,20,2,car,0.2967999279499054,779.7907104492188,352.58673095703125,852.224853515625,432.5223388671875,28.0,25.727373
344,21,9,traffic light,0.2944655418395996,1144.43408203125,223.8922576904297,1172.7015380859375,293.6175231933594,21.0,
344,22,9,traffic light,0.2637956142425537,578.0849609375,232.04905700683594,604.7350463867188,295.3243408203125,28.0,
345,0,0,person,0.9106225967407227,1579.3170166015625,237.1219482421875,1780.203125,892.8099975585938,150.0,3.5546439
345,1,16,dog,0.8603441715240479,1371.672119140625,649.9982299804688,1482.464111328125,884.4576416015625,176.0,
345,2,0,person,0.860264003276825,670.7175903320312,310.699951171875,796.8095092773438,711.3816528320312,103.0,5.8169303
345,3,2,car,0.8545094132423401,0.0,353.7681884765625,118.38943481445312,566.9254760742188,77.0,9.647961
345,4,2,car,0.7242737412452698,475.456787109375,344.50653076171875,605.6072998046875,470.77935791015625,39.0,16.286427
345,5,2,car,0.7120416760444641,83.16973876953125,333.1053771972656,314.3489685058594,527.2890625,64.0,10.590659
345,6,2,car,0.6890944242477417,298.4622802734375,338.29302978515625,484.98541259765625,500.37799072265625,51.0,12.687995
345,7,7,truck,0.650398850440979,1205.28662109375,331.4367980957031,1287.1160888671875,424.12957763671875,21.0,
345,8,2,car,0.5961204171180725,49.669830322265625,348.6083679199219,172.6219482421875,541.9171752929688,72.0,10.63859
345,9,2,car,0.5803454518318176,455.5941467285156,352.01513671875,535.3507690429688,480.41015625,43.0,16.017235
345,10,38,tennis racket,0.5691000819206238,1487.4539794921875,582.1192626953125,1618.253173828125,774.359130859375,107.0,
345,11,5,bus,0.4567442238330841,1203.9925537109375,330.68695068359375,1285.42138671875,421.5502014160156,21.0,
345,12,2,car,0.43256857991218567,790.3326416015625,348.4210510253906,859.01220703125,429.8477783203125,28.0,25.256243
345,13,2,car,0.35711491107940674,298.2467956542969,347.26666259765625,418.6304626464844,505.34600830078125,53.0,13.0095
345,14,2,car,0.32544147968292236,1090.4091796875,357.6056213378906,1155.5185546875,424.74078369140625,20.0,30.632729
345,15,9,traffic light,0.31347572803497314,590.6851806640625,230.6956024169922,623.1985473632812,300.33990478515625,29.0,
345,16,2,car,0.2841350734233856,80.04943084716797,358.7115783691406,167.55245971679688,539.68017578125,70.0,11.364034
345,17,0,person,0.282233864068985,834.7084350585938,346.8929748535156,902.1157836914062,454.1070861816406,28.0,21.739094
345,18,2,car,0.2647443115711212,1372.1129150390625,375.041015625,1424.1925048828125,421.59173583984375,18.0,44.178333
346,0,0,person,0.9100906848907471,1590.83056640625,232.86471557617188,1793.548828125,889.6893310546875,152.0,3.5484931
346,1,0,person,0.8669417500495911,666.420654296875,305.8971862792969,799.0380249023438,711.7127075195312,105.0,5.7433424
346,2,16,dog,0.8413291573524475,1382.818115234375,648.426025390625,1499.3826904296875,885.9373168945312,176.0,
346,3,2,car,0.8203226327896118,0.0,352.10577392578125,130.9856414794922,569.9906616210938,77.0,9.438622
346,4,2,car,0.8092256784439087,467.4683532714844,354.1580505371094,549.3541870117188,482.0226135253906,44.0,16.083683
346,5,7,truck,0.769070565700531,1218.5750732421875,328.7940368652344,1297.0174560546875,421.97845458984375,23.0,
346,6,2,car,0.7590831518173218,88.92778015136719,335.8594970703125,269.68634033203125,530.6530151367188,66.0,10.557504
346,7,2,car,0.7483097314834595,306.8408508300781,356.51055908203125,411.1065979003906,507.345703125,54.0,13.634311
346,8,2,car,0.6978040933609009,311.77813720703125,337.5213623046875,493.1446838378906,499.84710693359375,52.0,12.669174
346,9,5,bus,0.6687173843383789,1218.814453125,329.8279113769531,1298.852783203125,421.8614807128906,23.0,
346,10,2,car,0.6331369876861572,207.12913513183594,333.0133972167969,323.7019348144531,515.2465209960938,61.0,11.285178
346,11,2,car,0.6257346868515015,68.12816619873047,347.5616455078125,178.70779418945312,543.095947265625,72.0,10.517506
346,12,2,car,0.6063284277915955,498.1918029785156,345.38433837890625,617.421630859375,467.64459228515625,40.0,16.820946
346,13,0,person,0.5807273387908936,846.8567504882812,346.5852966308594,906.8446655273438,452.945068359375,27.0,21.913713
346,14,2,car,0.5790726542472839,1101.0714111328125,356.00604248046875,1172.1646728515625,426.6600341796875,20.0,29.107105
346,15,38,tennis racket,0.527835488319397,1503.6785888671875,578.2008056640625,1628.2869873046875,777.390625,109.0,
346,16,2,car,0.5232943296432495,793.4815063476562,349.1228942871094,864.3187866210938,433.96197509765625,28.0,24.2404
346,17,38,tennis racket,0.42411383986473083,1582.633056640625,578.9791870117188,1629.1044921875,775.2779541015625,107.0,
346,18,2,car,0.3418402075767517,1020.533935546875,374.4165344238281,1075.565185546875,426.7195129394531,20.0,39.31962
346,19,36,skateboard,0.26852962374687195,665.0402221679688,666.06298828125,798.162109375,714.2169799804688,111.0,
347,0,0,person,0.9188482165336609,1607.2562255859375,223.45669555664062,1812.2457275390625,895.1475219726562,155.0,3.4699562
347,1,0,person,0.866380512714386,666.9351196289062,304.5422668457031,803.7565307617188,709.3903198242188,104.0,5.7570677
347,2,16,dog,0.8603132963180542,1394.17041015625,643.7224731445312,1517.268310546875,892.5201416015625,178.0,
347,3,2,car,0.7812358140945435,0.0,353.7060241699219,144.09312438964844,567.9826049804688,77.0,9.597564
347,4,2,car,0.7737744450569153,490.5898132324219,345.16839599609375,627.13720703125,469.2261047363281,39.0,16.57723
347,5,2,car,0.7219037413597107,319.6827697753906,358.9439392089844,419.43359375,503.7607727050781,53.0,14.200927
347,6,2,car,0.6850670576095581,324.6306457519531,340.1417236328125,507.969482421875,500.0168151855469,50.0,12.863375
347,7,7,truck,0.6470796465873718,1229.2449951171875,330.4365539550781,1311.4443359375,421.80718994140625,22.0,
347,8,0,person,0.6324561238288879,854.390625,346.5332336425781,893.4481201171875,451.2450256347656,31.0,22.258596
347,9,2,car,0.5797090530395508,89.17220306396484,331.8177185058594,334.87890625,530.6237182617188,65.0,10.344422
347,10,2,car,0.5750684142112732,479.2948913574219,354.891845703125,557.6341552734375,480.6680908203125,43.0,16.350729
347,11,2,car,0.5517048239707947,321.9862976074219,349.14056396484375,458.35308837890625,504.50921630859375,52.0,13.236474
347,12,2,car,0.4936630427837372,68.77413177490234,345.71856689453125,188.7631072998047,533.1541137695312,72.0,10.971949
347,13,5,bus,0.4907819628715515,1229.2525634765625,330.95330810546875,1310.673828125,424.8227233886719,22.0,
347,14,2,car,0.41889336705207825,808.6679077148438,346.7999572753906,872.1604614257812,414.4208984375,26.0,30.412668
347,15,2,car,0.4159206449985504,1115.19287109375,359.454833984375,1183.7548828125,422.56304931640625,20.0,32.58741
347,16,0,person,0.40151622891426086,889.0178833007812,347.1166076660156,914.8580932617188,451.9232482910156,25.0,22.238453
347,17,2,car,0.3997151553630829,172.11846923828125,334.34344482421875,335.6953125,524.9194946289062,61.0,10.7911415
347,18,9,traffic light,0.3432491719722748,613.5729370117188,229.37887573242188,646.1875,297.7191467285156,29.0,
347,19,38,tennis racket,0.33893170952796936,1519.80224609375,591.7413940429688,1621.9176025390625,776.5784912109375,112.0,
347,20,2,car,0.2957785427570343,221.5093231201172,332.4173278808594,334.0904235839844,518.4796142578125,59.0,11.052929
348,0,0,person,0.9124025702476501,1621.8673095703125,226.81861877441406,1825.346923828125,897.0611572265625,156.0,3.477454
348,1,0,person,0.876915693283081,667.58203125,308.684814453125,808.81640625,705.8561401367188,104.0,5.868343
348,2,16,dog,0.8728168606758118,1410.302978515625,643.4577026367188,1539.0250244140625,899.9197998046875,179.0,
348,3,2,car,0.7948312759399414,0.0,348.79248046875,150.4064483642578,563.7555541992188,78.0,9.566914
348,4,2,car,0.7850484251976013,490.6717529296875,353.51165771484375,572.4197998046875,476.66912841796875,44.0,16.698404
348,5,2,car,0.7388350963592529,335.93023681640625,338.9971923828125,518.3596801757812,499.2689514160156,51.0,12.831538
348,6,2,car,0.7349976301193237,509.8349304199219,345.0079650878906,640.1631469726562,466.6945495605469,40.0,16.900246
348,7,2,car,0.6977522373199463,99.07628631591797,332.9418640136719,294.7111511230469,532.7113037109375,67.0,10.294534
348,8,7,truck,0.6941332817077637,1241.6676025390625,328.6617431640625,1323.7171630859375,420.6832580566406,23.0,
348,9,2,car,0.6326471567153931,233.90025329589844,332.30206298828125,347.8759765625,515.6448364257812,61.0,11.216876
348,10,2,car,0.5995547771453857,98.13587951660156,348.0865478515625,205.7487030029297,536.4054565429688,71.0,10.920482
348,11,2,car,0.5106634497642517,334.8324279785156,345.1242370605469,452.5615539550781,501.7400207519531,54.0,13.131072
348,12,2,car,0.49598193168640137,1126.524169921875,354.9063720703125,1198.0906982421875,424.74517822265625,21.0,29.446856
348,13,0,person,0.4303464889526367,863.0802612304688,342.6555480957031,922.6724853515625,451.773681640625,30.0,21.359764
348,14,7,truck,0.39101070165634155,828.2781372070312,296.9669494628906,927.7651977539062,421.12518310546875,28.0,
348,15,5,bus,0.3880429267883301,1243.843505859375,328.49072265625,1323.1234130859375,419.3835754394531,23.0,
348,16,2,car,0.37841784954071045,820.3775634765625,344.9176025390625,881.8251953125,415.5590515136719,26.0,29.112274
348,17,2,car,0.3637503981590271,333.762939453125,362.58526611328125,417.5832824707031,504.654052734375,54.0,14.475616
348,18,2,car,0.362460196018219,1045.7681884765625,373.3185729980469,1100.570556640625,425.7612609863281,21.0,39.21487
348,19,38,tennis racket,0.32037627696990967,1520.63720703125,643.0936889648438,1645.6143798828125,776.9046020507812,121.0,
348,20,2,car,0.25699636340141296,1411.3660888671875,369.4691162109375,1465.0328369140625,415.8262939453125,20.0,44.362778
349,0,0,person,0.9118077754974365,1635.1845703125,232.1304931640625,1844.319580078125,901.5684814453125,159.0,3.4816332
349,1,0,person,0.86896812915802,669.1617431640625,319.10858154296875,812.8455200195312,700.882568359375,104.0,6.105019
349,2,16,dog,0.8438753485679626,1426.2630615234375,643.2610473632812,1551.6434326171875,895.3712768554688,180.0,
349,3,2,car,0.8346818685531616,0.6603469848632812,344.30816650390625,168.7286834716797,563.4963989257812,78.0,9.382498
349,4,2,car,0.7428803443908691,523.7943115234375,343.3525085449219,653.4760131835938,468.3065185546875,39.0,16.45832
349,5,5,bus,0.6715094447135925,1257.4267578125,327.4289245605469,1340.16552734375,418.9222412109375,21.0,
349,6,2,car,0.664987325668335,102.62374877929688,348.62200927734375,220.12513732910156,543.2015991210938,71.0,10.569111
349,7,2,car,0.65184086561203,346.97955322265625,339.0541076660156,532.0010375976562,496.4317932128906,50.0,13.067502
349,8,2,car,0.6411203145980835,249.9069366455078,333.6263122558594,361.8185729980469,516.7738647460938,59.0,11.228832
349,9,2,car,0.623335599899292,346.1943359375,349.6828308105469,447.7826232910156,505.5194091796875,53.0,13.19673
349,10,2,car,0.5765193700790405,502.2582092285156,354.2992858886719,582.4305419921875,477.9963684082031,43.0,16.625559
349,11,2,car,0.5168259739875793,152.1459197998047,333.6414489746094,309.47955322265625,526.9757080078125,65.0,10.63719
349,12,2,car,0.3668826222419739,176.68894958496094,378.52313232421875,303.73236083984375,530.1734619140625,64.0,13.56102
349,13,7,truck,0.35003048181533813,838.1050415039062,295.121337890625,943.2760620117188,446.1975402832031,29.0,
349,14,2,car,0.3401757478713989,648.3486938476562,370.5057678222656,692.595947265625,430.3700866699219,28.0,34.353237
349,15,2,car,0.260486364364624,0.2593803405761719,481.85430908203125,57.309024810791016,589.2778930664062,79.0,19.14415
349,16,2,car,0.2602403461933136,1135.9189453125,354.9963684082031,1211.5770263671875,419.518798828125,19.0,31.873152
349,17,0,person,0.2527742087841034,848.4630126953125,348.7965087890625,936.6845092773438,451.06109619140625,31.0,22.791248
350,0,0,person,0.8923325538635254,1651.4564208984375,237.8895263671875,1862.5462646484375,903.9609375,156.0,3.4992306
350,1,0,person,0.8719337582588196,672.0379028320312,316.3982238769531,816.1104736328125,701.5640258789062,106.0,6.0512576
350,2,2,car,0.8023365139961243,515.3358764648438,351.7478942871094,595.620849609375,475.76898193359375,43.0,16.582125
350,3,2,car,0.7689726948738098,541.1898803710938,342.252685546875,667.4976806640625,464.7798156738281,39.0,16.78431
350,4,2,car,0.7586371302604675,0.9670486450195312,343.1285705566406,202.06527709960938,562.431396484375,77.0,9.377596
350,5,2,car,0.7446956038475037,356.6702575683594,354.3346252441406,460.8316345214844,504.1998596191406,53.0,13.72255
350,6,2,car,0.6804074645042419,361.8572692871094,337.0457458496094,545.4599609375,495.11859130859375,50.0,13.010035
350,7,2,car,0.6765490770339966,255.99066162109375,330.7576599121094,375.3564758300781,514.25830078125,60.0,11.207226
350,8,2,car,0.6658387184143066,159.3878631591797,336.4593505859375,317.97528076171875,528.2750244140625,65.0,10.721403
350,9,7,truck,0.6507117748260498,1272.6761474609375,328.37432861328125,1351.40087890625,418.6133728027344,22.0,
350,10,2,car,0.6090983748435974,106.94233703613281,341.87457275390625,228.61016845703125,539.3639526367188,71.0,10.413386
350,11,16,dog,0.596552848815918,1444.0784912109375,650.1871948242188,1564.4224853515625,896.4219360351562,179.0,
350,12,0,person,0.44983527064323425,880.99609375,339.5212097167969,938.2623291015625,452.7659912109375,31.0,20.581413
350,13,2,car,0.39302435517311096,1156.8143310546875,355.0084533691406,1226.1756591796875,420.26385498046875,20.0,31.51514
350,14,2,car,0.3762636184692383,1070.8128662109375,368.32305908203125,1130.1046142578125,424.52105712890625,18.0,36.59442
350,15,7,truck,0.3159984350204468,851.505615234375,296.9231872558594,951.3402099609375,451.3199157714844,30.0,
350,16,2,car,0.29797548055648804,667.4505615234375,366.5490417480469,702.052734375,425.4961853027344,27.0,34.88775
350,17,2,car,0.2642418444156647,1436.837890625,369.9731140136719,1490.8106689453125,416.4049987792969,19.0,44.2914
350,18,2,car,0.2584211528301239,419.7245178222656,343.7508544921875,547.4971313476562,492.9839172363281,49.0,13.780681
350,19,2,car,0.2550852298736572,847.7660522460938,339.50286865234375,903.5855712890625,426.5977478027344,24.0,23.612562
351,0,0,person,0.9092081189155579,1669.9918212890625,252.52761840820312,1879.5919189453125,904.8988037109375,160.0,3.5727167
351,1,0,person,0.8901059627532959,675.3402099609375,318.5203857421875,821.3421020507812,703.2074584960938,106.0,6.0587883
351,2,2,car,0.8445202708244324,0.0243072509765625,343.8165283203125,200.30245971679688,563.28955078125,79.0,9.370323
351,3,16,dog,0.8427196145057678,1460.5423583984375,650.854248046875,1591.8519287109375,897.1505126953125,182.0,
351,4,7,truck,0.7696868777275085,1287.00048828125,326.6737060546875,1368.8358154296875,418.75982666015625,22.0,
351,5,2,car,0.7612119317054749,378.857666015625,337.7688293457031,561.1748657226562,495.6777038574219,51.0,13.023544
351,6,2,car,0.7396116256713867,554.2958374023438,343.68218994140625,676.1309204101562,465.6288757324219,40.0,16.864199
351,7,2,car,0.7031926512718201,534.596435546875,351.7865295410156,614.447998046875,475.2106018066406,44.0,16.662334
351,8,0,person,0.6936646103858948,888.6757202148438,340.4885559082031,951.4948120117188,450.9100341796875,33.0,21.107647
351,9,2,car,0.6362698674201965,114.60585021972656,346.5363464355469,248.99794006347656,537.0366821289062,72.0,10.795431
351,10,2,car,0.6258503198623657,153.7632293701172,332.45672607421875,338.39678955078125,530.8740844726562,65.0,10.364684
351,11,2,car,0.5919451713562012,1171.96728515625,356.1615905761719,1239.7529296875,420.7712707519531,20.0,31.83011
351,12,2,car,0.5660883784294128,372.93597412109375,358.5978088378906,474.0804138183594,502.56787109375,54.0,14.284451
351,13,2,car,0.4687369167804718,267.3556823730469,334.47784423828125,387.0129089355469,515.569580078125,60.0,11.356306
351,14,2,car,0.3488612174987793,1090.571044921875,368.2354736328125,1149.2816162109375,425.61175537109375,19.0,35.842915
351,15,38,tennis racket,0.3042696714401245,1551.0289306640625,638.7771606445312,1689.5701904296875,795.3912963867188,124.0,
351,16,9,traffic light,0.26911070942878723,665.0560913085938,223.85874938964844,696.4530029296875,296.32025146484375,30.0,
351,17,2,car,0.26671120524406433,145.40841674804688,353.6356201171875,244.32862854003906,542.0716552734375,70.0,10.913693
351,18,2,car,0.251183420419693,1451.2576904296875,372.0968017578125,1503.4874267578125,414.4438781738281,20.0,48.56376
352,0,0,person,0.901138186454773,1686.94921875,258.6732482910156,1891.47509765625,916.7301635742188,163.0,3.5418482
352,1,0,person,0.8880173563957214,677.6312255859375,315.72027587890625,828.3341674804688,702.1103515625,105.0,6.0320845
352,2,2,car,0.851211428642273,0.3770599365234375,343.67620849609375,210.03121948242188,565.7501831054688,79.0,9.260577
352,3,0,person,0.8162474632263184,904.194580078125,339.6945495605469,959.552490234375,451.9233703613281,32.0,20.767727
352,4,16,dog,0.8058043122291565,1477.5455322265625,652.614990234375,1594.396484375,900.9437255859375,183.0,
352,5,7,truck,0.7551660537719727,1300.805908203125,327.00048828125,1382.8675537109375,419.9049072265625,23.0,
352,6,2,car,0.7235158681869507,568.3836059570312,340.9788513183594,692.4600830078125,472.79217529296875,40.0,15.601861
352,7,2,car,0.7119197845458984,392.07550048828125,340.6492614746094,575.48876953125,493.9343566894531,51.0,13.416394
352,8,2,car,0.6442455649375916,147.87281799316406,349.81585693359375,266.0550842285156,535.3544311523438,70.0,11.084127
352,9,2,car,0.6368958950042725,548.6509399414062,353.839599609375,620.3836059570312,476.28643798828125,44.0,16.795315
352,10,2,car,0.5915842056274414,391.5301208496094,346.75518798828125,493.6749572753906,503.6554260253906,53.0,13.107266
352,11,2,car,0.5732517838478088,188.05824279785156,333.5876770019531,353.56121826171875,529.1224975585938,65.0,10.517478
352,12,2,car,0.5424498319625854,261.66522216796875,330.8500671386719,405.29937744140625,518.7363891601562,61.0,10.945625
352,13,2,car,0.4192278981208801,1187.4434814453125,357.5115966796875,1252.9410400390625,417.5478515625,20.0,34.254856
352,14,2,car,0.33533310890197754,1099.857421875,364.7687072753906,1165.1268310546875,425.5870056152344,19.0,33.81438
352,15,9,traffic light,0.3107459545135498,1247.94189453125,220.64895629882812,1274.233642578125,291.86297607421875,24.0,
352,16,2,car,0.3079168498516083,1469.196044921875,371.1475830078125,1519.138916015625,415.797119140625,20.0,46.059452
352,17,2,car,0.2674355208873749,207.97988891601562,330.44805908203125,402.26837158203125,525.4080200195312,63.0,10.54849
352,18,36,skateboard,0.26423296332359314,736.1658935546875,675.3199462890625,804.39208984375,702.3455810546875,115.0,
352,19,2,car,0.2632890045642853,443.6770935058594,344.0118713378906,575.4520263671875,493.1348876953125,50.0,13.790851
352,20,2,car,0.2518206536769867,553.6698608398438,347.89337158203125,661.3212280273438,470.21295166015625,42.0,16.812788
353,0,0,person,0.92280513048172,1704.705322265625,263.03173828125,1915.124267578125,919.3445434570312,162.0,3.5512602
353,1,0,person,0.8983979225158691,682.3541259765625,316.1221008300781,836.1314086914062,703.4647827148438,103.0,6.0172496
353,2,16,dog,0.857765257358551,1497.7237548828125,652.7625732421875,1605.5787353515625,906.7351684570312,184.0,
353,3,2,car,0.7880277037620544,0.028106689453125,341.6562194824219,228.7642364501953,564.2241821289062,78.0,9.240024
353,4,2,car,0.7177188992500305,400.6170959472656,353.9414978027344,505.87646484375,505.0118408203125,52.0,13.613084
353,5,0,person,0.7094793915748596,913.775390625,344.18963623046875,969.8349609375,452.3041076660156,30.0,21.558054
353,6,7,truck,0.7013927102088928,1316.3609619140625,326.77618408203125,1397.080810546875,419.9261474609375,20.0,
353,7,2,car,0.69674152135849,160.36566162109375,347.5317077636719,272.754150390625,541.8358154296875,70.0,10.584095
353,8,2,car,0.6885203719139099,191.03497314453125,334.8924255371094,366.45367431640625,529.314453125,64.0,10.577676
353,9,2,car,0.6844295263290405,561.7872924804688,351.4346008300781,635.222900390625,477.08880615234375,42.0,16.36661
353,10,2,car,0.6650142669677734,576.1455688476562,342.0360107421875,704.2857055664062,473.6822509765625,39.0,15.621663
353,11,2,car,0.6482402086257935,402.8518371582031,336.9638977050781,586.9767456054688,495.5868835449219,50.0,12.964913
353,12,2,car,0.5389748811721802,292.2973327636719,330.8857727050781,418.7055358886719,513.0148315429688,59.0,11.291626
353,13,5,bus,0.4100496470928192,1315.57080078125,329.46539306640625,1396.2158203125,419.6095275878906,20.0,
353,14,2,car,0.40783971548080444,1198.419189453125,351.0978088378906,1277.9093017578125,422.4045715332031,19.0,28.840647
353,15,0,person,0.2662276029586792,892.723388671875,342.09991455078125,928.775390625,425.355224609375,24.0,27.995062
354,0,0,person,0.9217000603675842,1723.3624267578125,274.373291015625,1918.73779296875,919.3401489257812,162.0,3.6137323
354,1,0,person,0.8771142959594727,692.1189575195312,307.0820617675781,841.8468627929688,698.6133422851562,102.0,5.952877
354,2,2,car,0.8212117552757263,0.37438201904296875,344.10662841796875,240.9601287841797,561.5747680664062,78.0,9.45671
354,3,16,dog,0.772520899772644,1505.52734375,653.2108764648438,1621.596435546875,905.263427734375,184.0,
354,4,2,car,0.7152541875839233,413.9932556152344,357.9827575683594,515.542724609375,503.525146484375,53.0,14.130133
354,5,2,car,0.7021177411079407,586.8797607421875,341.8277893066406,712.0945434570312,469.9354248046875,40.0,16.053167
354,6,2,car,0.6933947205543518,417.5852966308594,338.60321044921875,601.654052734375,497.94415283203125,50.0,12.906496
354,7,0,person,0.6205226182937622,924.3101806640625,341.25,980.6641845703125,451.46868896484375,31.0,21.146482
354,8,2,car,0.599280059337616,171.31704711914062,334.8994445800781,427.0108337402344,529.6768798828125,64.0,10.558375
354,9,2,car,0.576763391494751,164.4498748779297,347.0472106933594,288.6763916015625,539.4097290039062,70.0,10.690925
354,10,7,truck,0.5489949584007263,1328.1175537109375,327.8127746582031,1413.73291015625,421.49542236328125,22.0,
354,11,2,car,0.5258979201316833,575.8243408203125,352.86822509765625,647.8804321289062,478.98504638671875,44.0,16.306574
354,12,5,bus,0.5109438300132751,1329.0091552734375,329.5548095703125,1412.3946533203125,423.7581787109375,22.0,
354,13,2,car,0.45529863238334656,286.92437744140625,332.8892517089844,430.50494384765625,520.85302734375,60.0,10.941114
354,14,2,car,0.442052960395813,1214.2412109375,357.71539306640625,1280.2017822265625,417.51654052734375,20.0,34.389526
354,15,0,person,0.31598401069641113,907.0546875,339.080810546875,945.2032470703125,432.3397521972656,29.0,24.992107
354,16,2,car,0.29960086941719055,475.48333740234375,343.7418212890625,598.3185424804688,493.1596374511719,49.0,13.763641
354,17,0,person,0.29737138748168945,906.9607543945312,339.46978759765625,970.3692626953125,448.59881591796875,31.0,21.357632
355,0,0,person,0.9091934561729431,1739.71142578125,273.8337707519531,1919.4462890625,923.9535522460938,163.0,3.5850897
355,1,0,person,0.888209342956543,694.7757568359375,306.3305969238281,846.2122192382812,691.1599731445312,101.0,6.056548
355,2,2,car,0.8420581817626953,0.9843063354492188,344.7185363769531,251.2762908935547,564.4502563476562,77.0,9.359291
355,3,0,person,0.7477530241012573,944.5206298828125,344.4326477050781,991.007080078125,451.0916748046875,30.0,21.85223
355,4,2,car,0.7198876738548279,599.1781005859375,341.6293029785156,722.2174682617188,470.5023193359375,40.0,15.957827
355,5,2,car,0.7198174595832825,429.92449951171875,339.0804443359375,612.2294311523438,497.8151550292969,51.0,12.955788
355,6,2,car,0.6666316390037537,587.833740234375,351.7912902832031,664.1784057617188,476.7950134277344,43.0,16.451777
355,7,2,car,0.6443584561347961,197.89764404296875,332.2905578613281,389.00299072265625,532.6708374023438,65.0,10.263152
355,8,2,car,0.6249656677246094,320.30322265625,332.9087219238281,440.0307312011719,517.7238159179688,59.0,11.127518
355,9,2,car,0.5394589304924011,428.91998291015625,344.05157470703125,536.4318237304688,500.4978332519531,53.0,13.145301
355,10,7,truck,0.530328094959259,924.5403442382812,295.1737365722656,1028.3687744140625,420.2728576660156,24.0,
355,11,2,car,0.5197548866271973,166.6800079345703,347.2632141113281,301.7017517089844,536.5427856445312,71.0,10.865056
355,12,7,truck,0.4787525236606598,1344.663330078125,331.5180358886719,1425.02685546875,420.58538818359375,21.0,
355,13,10,fire hydrant,0.46411511301994324,1519.5948486328125,652.4498291015625,1632.64013671875,910.79443359375,185.0,
355,14,16,dog,0.4328473210334778,1519.5382080078125,652.2703857421875,1633.29248046875,908.7280883789062,185.0,
355,15,0,person,0.41156676411628723,924.6487426757812,345.5525207519531,995.7321166992188,451.8223571777344,30.0,21.932259
355,16,2,car,0.408714234828949,1224.7578125,351.5298156738281,1300.672607421875,422.4220275878906,20.0,29.009296
355,17,2,car,0.29334062337875366,1145.0068359375,371.413818359375,1206.1845703125,425.5269775390625,18.0,38.004307
355,18,0,person,0.26536497473716736,919.0878295898438,341.83685302734375,972.6069946289062,444.9555358886719,30.0,22.602476
355,19,2,car,0.26503175497055054,1507.40478515625,372.0011901855469,1560.136962890625,416.1812438964844,19.0,46.54891
356,0,0,person,0.898616373538971,1754.9879150390625,276.5376892089844,1919.4642333984375,924.1529541015625,159.0,3.5989542
356,1,0,person,0.8717296123504639,705.0844116210938,305.8420104980469,848.5572509765625,694.4855346679688,100.0,5.997109
356,2,16,dog,0.8557548522949219,1524.580078125,652.0446166992188,1646.4385986328125,912.2166137695312,183.0,
356,3,2,car,0.849002480506897,0.793487548828125,345.70001220703125,258.9921569824219,565.4029541015625,78.0,9.3605175
356,4,2,car,0.7365761399269104,616.359375,342.7470703125,724.0658569335938,473.3968505859375,40.0,15.7408085
356,5,2,car,0.6809463500976562,438.4398193359375,349.43255615234375,540.9039916992188,505.44244384765625,52.0,13.18207
356,6,0,person,0.6731392741203308,937.9859619140625,343.6717529296875,1002.3310546875,451.658203125,30.0,21.58361
356,7,2,car,0.6673430800437927,594.261474609375,353.052734375,672.9627685546875,478.2947692871094,43.0,16.420471
356,8,2,car,0.612346887588501,437.736328125,339.8484191894531,624.415283203125,495.0535583496094,50.0,13.25042
356,9,7,truck,0.5414742827415466,1353.8482666015625,329.937744140625,1437.115478515625,422.83428955078125,20.0,
356,10,2,car,0.5216611623764038,192.8729705810547,350.70611572265625,316.157958984375,536.5053100585938,69.0,11.06858
356,11,2,car,0.4829055964946747,309.2091369628906,332.0960388183594,453.9864196777344,519.1011962890625,59.0,10.9972
356,12,2,car,0.4629937708377838,183.14727783203125,342.1414489746094,373.9895324707031,534.7161865234375,67.0,10.679143
356,13,2,car,0.45960673689842224,194.2323760986328,332.4185485839844,434.3082275390625,529.55078125,64.0,10.432252
356,14,2,car,0.3168140649795532,1237.7786865234375,360.50811767578125,1301.91650390625,420.3570556640625,20.0,34.36207
356,15,36,skateboard,0.3080507516860962,768.7080688476562,638.470458984375,818.8412475585938,699.8505249023438,113.0,
356,16,2,car,0.2846792936325073,1515.696533203125,372.57659912109375,1565.2349853515625,417.35687255859375,18.0,45.92498
356,17,5,bus,0.27422386407852173,1352.2655029296875,329.9405822753906,1434.3780517578125,420.1417236328125,20.0,
356,18,9,traffic light,0.2701975405216217,1295.26953125,223.12179565429688,1321.923828125,293.8664245605469,18.0,
357,0,16,dog,0.9141947627067566,1533.3284912109375,658.9498901367188,1652.6531982421875,912.52587890625,186.0,
357,1,0,person,0.8906522393226624,1767.3482666015625,276.4479675292969,1919.5843505859375,925.5672607421875,160.0,3.5906153
357,2,0,person,0.8667515516281128,707.9346313476562,309.3724670410156,847.7567138671875,695.6273193359375,99.0,6.0341964
357,3,2,car,0.8241092562675476,0.458221435546875,344.27691650390625,269.3017272949219,565.0101928710938,78.0,9.316825
357,4,2,car,0.7229028344154358,619.787841796875,343.7747497558594,729.9236450195312,475.85137939453125,41.0,15.570758
357,5,7,truck,0.6860330104827881,1363.0086669921875,329.4296569824219,1445.375732421875,421.2006530761719,21.0,
357,6,2,car,0.670655369758606,205.57228088378906,352.0531311035156,318.54119873046875,542.1700439453125,70.0,10.817203
357,7,0,person,0.6485633850097656,942.3558349609375,336.4024963378906,1009.75,452.7195129394531,29.0,20.037804
357,8,2,car,0.6478184461593628,447.9595642089844,339.1092529296875,633.1132202148438,496.1768493652344,50.0,13.0933
357,9,2,car,0.579670250415802,1246.45654296875,351.6878662109375,1319.148681640625,418.760498046875,18.0,30.661287
357,10,2,car,0.5569087266921997,228.44448852539062,332.61236572265625,456.611572265625,526.8614501953125,64.0,10.587093
357,11,2,car,0.4996020495891571,341.5657958984375,333.6070251464844,464.14556884765625,516.1429443359375,59.0,11.266458
357,12,2,car,0.39342641830444336,445.4198913574219,348.4114685058594,550.8067626953125,503.30560302734375,53.0,13.277024
357,13,2,car,0.3318556249141693,603.8667602539062,354.45611572265625,678.7862548828125,478.455322265625,43.0,16.58505
357,14,5,bus,0.31133073568344116,1361.93310546875,331.0018310546875,1445.50390625,420.1967468261719,21.0,
357,15,0,person,0.267945259809494,971.77001953125,341.85968017578125,1012.3390502929688,452.6036071777344,28.0,21.046188
358,0,16,dog,0.9130841493606567,1541.621337890625,665.6443481445312,1663.527099609375,915.3804931640625,186.0,
358,1,0,person,0.8694760799407959,1775.991943359375,278.87274169921875,1919.408203125,924.3724365234375,159.0,3.6107492
358,2,0,person,0.8598746061325073,708.5466918945312,317.4750671386719,848.6312255859375,695.8862915039062,99.0,6.1592717
358,3,2,car,0.7816958427429199,0.9237899780273438,344.61102294921875,291.9382629394531,566.986572265625,77.0,9.248018
358,4,2,car,0.7464938759803772,610.6257934570312,353.4437255859375,693.3455200195312,479.62921142578125,42.0,16.2977
358,5,2,car,0.7196769714355469,451.3201904296875,355.7842712402344,555.2259521484375,508.5846862792969,53.0,13.45895
358,6,2,car,0.7182946801185608,353.75372314453125,332.03411865234375,470.501953125,516.9678955078125,58.0,11.120377
358,7,2,car,0.7027528882026672,454.95611572265625,338.0274353027344,637.9676513671875,499.0869140625,50.0,12.768781
358,8,2,car,0.6783438324928284,246.7082977294922,335.492919921875,412.0950927734375,528.0975341796875,64.0,10.677486
358,9,2,car,0.6720451712608337,639.3602905273438,344.94110107421875,739.783203125,469.6039123535156,39.0,16.496765
358,10,2,car,0.6271252036094666,207.07351684570312,346.1464538574219,322.866943359375,542.8677368164062,70.0,10.454045
358,11,0,person,0.5308828353881836,947.173095703125,343.1195068359375,1019.7896118164062,455.29541015625,28.0,20.777525
358,12,2,car,0.43873220682144165,1254.7789306640625,360.2946472167969,1327.6295166015625,425.9088439941406,19.0,31.342808
358,13,0,person,0.4359656274318695,979.1173095703125,346.37933349609375,1020.700927734375,449.4908752441406,24.0,22.604042
358,14,2,car,0.35230752825737,1172.425048828125,367.41943359375,1238.62060546875,427.212890625,17.0,34.39395
358,15,0,person,0.34319403767585754,948.7730712890625,342.3388977050781,997.647216796875,456.5782470703125,29.0,20.402231
358,16,2,car,0.33628296852111816,1184.624755859375,376.2322998046875,1238.274658203125,427.99969482421875,18.0,39.726418
358,17,0,person,0.28978240489959717,941.98974609375,347.5821838378906,969.809326171875,433.4683532714844,22.0,27.13752
358,18,7,truck,0.2555507719516754,958.635498046875,300.5587463378906,1054.724853515625,419.4125061035156,23.0,
359,0,16,dog,0.9455598592758179,1547.935546875,665.4402465820312,1673.7861328125,916.5514526367188,187.0,
359,1,0,person,0.8685188889503479,712.0237426757812,323.493408203125,849.4418334960938,692.3778686523438,100.0,6.3183403
359,2,0,person,0.861331045627594,1787.5404052734375,264.1953430175781,1919.3609619140625,924.6317138671875,159.0,3.529087
359,3,2,car,0.8187695741653442,1.8640594482421875,347.0506896972656,289.0536804199219,562.1937255859375,78.0,9.558911
359,4,2,car,0.75068199634552,462.428466796875,359.1775817871094,561.8428344726562,504.7656555175781,52.0,14.125698
359,5,0,person,0.693709135055542,953.7694702148438,343.4078063964844,1017.3088989257812,454.7765808105469,30.0,20.928106
359,6,2,car,0.6725861430168152,621.837158203125,354.9705505371094,700.1917114257812,483.670166015625,42.0,15.979326
359,7,2,car,0.6691791415214539,466.4469909667969,339.576171875,649.7640991210938,500.77471923828125,50.0,12.757765
359,8,0,person,0.6235067248344421,955.468505859375,342.0472412109375,1000.0762939453125,456.30230712890625,30.0,20.399424
359,9,2,car,0.5852208137512207,209.00701904296875,347.2266540527344,335.6485290527344,540.187744140625,70.0,10.657762
359,10,2,car,0.5512579083442688,633.9615478515625,347.06689453125,750.0656127929688,477.8822021484375,41.0,15.720891
359,11,2,car,0.5298436284065247,361.1029968261719,333.56597900390625,476.9454345703125,516.4838256835938,58.0,11.242933
359,12,2,car,0.5083410143852234,227.5243377685547,333.4344177246094,475.6002502441406,529.487548828125,63.0,10.489673
359,13,2,car,0.4507872462272644,1264.698974609375,360.6529541015625,1326.71240234375,420.6506652832031,19.0,34.27686
359,14,2,car,0.4046507477760315,1198.8760986328125,376.4616394042969,1248.0362548828125,427.1122741699219,19.0,40.602318
359,15,7,truck,0.39292851090431213,957.9873657226562,298.9536437988281,1057.1160888671875,427.1971435546875,23.0,
359,16,36,skateboard,0.31706535816192627,760.69189453125,617.8488159179688,816.9446411132812,692.4935913085938,109.0,
359,17,38,tennis racket,0.31184840202331543,1684.9110107421875,593.2639770507812,1825.5528564453125,784.2839965820312,111.0,
359,18,2,car,0.2628677487373352,270.6484069824219,337.7604064941406,436.6175842285156,528.5005493164062,63.0,10.781858
359,19,2,car,0.25447970628738403,1165.2308349609375,350.7821960449219,1215.2501220703125,405.29791259765625,15.0,37.723675
359,20,2,car,0.2508292496204376,306.3457946777344,331.7522277832031,478.3634033203125,523.09228515625,60.0,10.748054
360,0,16,dog,0.9111118912696838,1550.484375,663.2193603515625,1679.771484375,921.0997924804688,188.0,
360,1,0,person,0.8865057826042175,710.9672241210938,330.2933654785156,847.1530151367188,696.2866821289062,101.0,6.368252
360,2,0,person,0.8454360961914062,1795.581298828125,237.2199249267578,1919.751708984375,928.4265747070312,155.0,3.3719835
360,3,2,car,0.8255458474159241,2.2502059936523438,348.43414306640625,296.1557312011719,567.6226196289062,79.0,9.382488
360,4,0,person,0.7695947289466858,958.2114868164062,343.8634033203125,998.5880737304688,455.4241638183594,30.0,20.892092
360,5,2,car,0.7192018628120422,626.5572509765625,356.279052734375,716.3427124023438,481.27911376953125,43.0,16.452257
360,6,2,car,0.7009701132774353,473.748779296875,339.06573486328125,653.2728881835938,503.20330810546875,50.0,12.529326
360,7,2,car,0.6547881960868835,252.15948486328125,336.8795471191406,432.213134765625,530.33056640625,65.0,10.63077
360,8,2,car,0.6296766996383667,469.6226806640625,358.16595458984375,571.135986328125,506.6649475097656,53.0,13.848803
360,9,7,truck,0.5665883421897888,1388.64306640625,331.5929260253906,1470.5150146484375,425.1786804199219,21.0,
360,10,2,car,0.5224248766899109,203.05970764160156,348.1365051269531,338.0286560058594,545.4968872070312,72.0,10.420193
360,11,2,car,0.5012832283973694,643.3238525390625,347.014892578125,756.5101318359375,474.2522277832031,40.0,16.16297
360,12,2,car,0.4943183362483978,1270.7581787109375,357.9073181152344,1332.2933349609375,424.8428955078125,18.0,30.724068
360,13,2,car,0.48261481523513794,351.96075439453125,334.4376220703125,483.7107238769531,517.39697265625,59.0,11.240383
360,14,2,car,0.4521907567977905,657.96240234375,345.4056396484375,757.760498046875,433.7478332519531,37.0,23.279173
360,15,29,frisbee,0.4455163776874542,1599.9986572265625,740.748779296875,1684.1077880859375,825.2180786132812,189.0,
360,16,2,car,0.4067728519439697,1202.2298583984375,371.27362060546875,1253.7513427734375,426.0084228515625,18.0,37.57268
360,17,7,truck,0.3796880841255188,974.2263793945312,300.5068359375,1063.8458251953125,424.5223388671875,23.0,
360,18,9,traffic light,0.28401660919189453,759.9505004882812,231.08848571777344,792.7234497070312,303.7188720703125,27.0,
361,0,0,person,0.8881347179412842,713.70263671875,329.306640625,845.8802490234375,695.751953125,101.0,6.360397
361,1,2,car,0.8470878601074219,3.6800537109375,350.1636657714844,297.32366943359375,565.2310791015625,80.0,9.562272
361,2,0,person,0.8431931138038635,1806.17333984375,263.6089782714844,1919.7716064453125,934.1994018554688,154.0,3.4756498
361,3,16,dog,0.8423423767089844,1558.5992431640625,659.5563354492188,1693.9061279296875,916.9194946289062,186.0,
361,4,2,car,0.71209317445755,480.9342041015625,340.5579833984375,660.4618530273438,502.5730895996094,52.0,12.693466
361,5,0,person,0.6952885985374451,961.2969360351562,346.8843688964844,1004.8172607421875,456.3689880371094,31.0,21.288265
361,6,2,car,0.6872665882110596,240.7353057861328,335.2296142578125,439.6846008300781,532.5155029296875,67.0,10.424128
361,7,2,car,0.646499514579773,636.5248413085938,357.8817443847656,722.2174682617188,481.8172302246094,44.0,16.593578
361,8,2,car,0.617572546005249,477.26165771484375,361.8021545410156,576.2219848632812,507.54742431640625,54.0,14.110463
361,9,2,car,0.5887196063995361,366.9516906738281,333.8538513183594,488.4062805175781,521.7462158203125,61.0,10.945272
361,10,2,car,0.5405086874961853,204.22732543945312,348.419677734375,346.9428405761719,538.4954223632812,73.0,10.819546
361,11,2,car,0.5129565000534058,639.2002563476562,349.5899353027344,755.9210205078125,478.8365783691406,42.0,15.9116955
361,12,7,truck,0.4733889698982239,978.9140625,301.10577392578125,1072.3743896484375,425.5578918457031,24.0,
361,13,2,car,0.43802550435066223,1276.5081787109375,359.0457458496094,1347.869140625,426.6749267578125,19.0,30.408962
361,14,2,car,0.35587069392204285,653.6068725585938,345.973388671875,757.802490234375,444.5833740234375,39.0,20.855223
361,15,2,car,0.3277668058872223,322.0245666503906,334.3836364746094,448.30718994140625,529.5154418945312,64.0,10.539201
361,16,9,traffic light,0.27648213505744934,1336.631103515625,227.2206573486328,1361.2738037109375,289.63836669921875,22.0,
361,17,2,car,0.27411115169525146,1213.8717041015625,368.2305908203125,1258.8642578125,425.5638427734375,18.0,35.869816
361,18,2,car,0.26193714141845703,1556.4195556640625,378.4771728515625,1605.5562744140625,421.245849609375,20.0,48.085033
362,0,0,person,0.8703685998916626,713.3441162109375,326.12274169921875,842.2637329101562,695.8118286132812,103.0,6.3045883
362,1,16,dog,0.8560734391212463,1561.1956787109375,656.4580688476562,1705.4066162109375,929.042236328125,187.0,
362,2,2,car,0.8328811526298523,5.358695983886719,352.3343811035156,312.09942626953125,565.4716796875,80.0,9.648866
362,3,0,person,0.8149079084396362,1817.6448974609375,228.34817504882812,1919.4632568359375,938.6199340820312,151.0,3.2814732
362,4,2,car,0.7104252576828003,636.8475952148438,356.4588623046875,721.9951171875,478.4754943847656,45.0,16.854532
362,5,0,person,0.7079532146453857,962.1207275390625,349.9020080566406,1013.056640625,456.8642578125,30.0,21.790281
362,6,2,car,0.7075228095054626,484.2104187011719,340.7309875488281,668.5137329101562,504.5664367675781,52.0,12.552431
362,7,2,car,0.6745506525039673,374.3732604980469,337.6278991699219,498.8736267089844,521.709228515625,60.0,11.171873
362,8,2,car,0.5982000827789307,240.28660583496094,338.368408203125,444.3587341308594,531.1446533203125,67.0,10.66798
362,9,2,car,0.5897917747497559,483.61578369140625,351.6178283691406,587.0943603515625,507.0589904785156,55.0,13.2303
362,10,2,car,0.4716322720050812,211.99740600585938,351.4041442871094,353.449951171875,540.224609375,73.0,10.891474
362,11,5,bus,0.4210258424282074,1402.8570556640625,332.0516357421875,1488.179443359375,426.2608642578125,22.0,
362,12,9,traffic light,0.40799450874328613,1340.2977294921875,228.45411682128906,1367.65771484375,300.8491516113281,24.0,
362,13,2,car,0.3909080922603607,1284.5423583984375,363.3694152832031,1345.716796875,423.1350402832031,21.0,34.409966
362,14,7,truck,0.387807697057724,985.1116333007812,304.53546142578125,1075.9036865234375,432.2744140625,24.0,
362,15,2,car,0.33720216155052185,672.64306640625,347.47998046875,758.7015380859375,404.13922119140625,37.0,36.29652
362,16,2,car,0.33194971084594727,1181.603515625,357.2622985839844,1236.2117919921875,400.9289245605469,16.0,47.096226
362,17,2,car,0.29903313517570496,1218.7076416015625,379.92181396484375,1266.7606201171875,429.55419921875,19.0,41.43531
362,18,2,car,0.2747948467731476,301.0037536621094,334.7271728515625,496.9727783203125,525.1489868164062,63.0,10.799883
362,19,7,truck,0.2612651288509369,1403.1552734375,331.3050231933594,1487.8316650390625,426.6835632324219,22.0,
362,20,2,car,0.26073157787323,0.046085357666015625,410.7074890136719,184.1842803955078,566.366455078125,78.0,13.211787
363,0,0,person,0.873649537563324,715.6439819335938,323.19439697265625,838.0186767578125,695.1856079101562,102.0,6.2655716
363,1,2,car,0.8498221635818481,4.076179504394531,351.07086181640625,309.7436218261719,566.4462890625,79.0,9.548597
363,2,16,dog,0.8225809931755066,1568.2174072265625,653.9773559570312,1708.3729248046875,932.806884765625,187.0,
363,3,0,person,0.8019782900810242,1826.198486328125,267.35394287109375,1919.6529541015625,943.5262451171875,150.0,3.446958
363,4,0,person,0.6711108088493347,961.2500610351562,347.5108337402344,1010.2556762695312,456.6481018066406,29.0,21.356018
363,5,2,car,0.6710244417190552,487.8551330566406,342.5298156738281,673.9512329101562,501.4221496582031,51.0,12.942935
363,6,2,car,0.644355833530426,646.0928344726562,358.6893615722656,723.4411010742188,483.48095703125,43.0,16.479742
363,7,2,car,0.5671659111976624,487.8074645996094,349.8199157714844,592.6361694335938,508.6558532714844,53.0,12.947531
363,8,2,car,0.533272385597229,373.0110168457031,335.2826843261719,503.89837646484375,520.5819091796875,59.0,11.098445
363,9,7,truck,0.510373055934906,986.7220458984375,305.0359191894531,1082.3404541015625,427.87591552734375,22.0,
363,10,2,car,0.5057530999183655,230.42518615722656,349.93426513671875,363.31744384765625,537.7777709960938,71.0,10.94812
363,11,2,car,0.5022240281105042,273.32080078125,334.7062683105469,484.51812744140625,528.5804443359375,64.0,10.607567
363,12,2,car,0.47521451115608215,1189.4805908203125,357.5574645996094,1237.51025390625,396.8641662597656,14.0,52.320168
363,13,29,frisbee,0.3738846480846405,1641.115478515625,725.8770141601562,1719.5443115234375,817.7750854492188,192.0,
363,14,2,car,0.3604457378387451,1291.463134765625,362.82421875,1350.707275390625,424.43865966796875,20.0,33.377453
363,15,2,car,0.28004005551338196,673.342041015625,348.3943176269531,757.0737915039062,400.8710632324219,34.0,39.18942
363,16,2,car,0.2723410129547119,1228.982666015625,375.5538330078125,1273.1611328125,418.55523681640625,19.0,47.82479
363,17,7,truck,0.2699599266052246,1409.24951171875,332.52276611328125,1489.6380615234375,425.5592956542969,21.0,
363,18,2,car,0.25662049651145935,0.2545623779296875,387.6676025390625,193.9814453125,570.77490234375,79.0,11.231301
363,19,2,car,0.2517726719379425,1223.2314453125,376.8263854980469,1275.4476318359375,429.8150939941406,19.0,38.810783
364,0,16,dog,0.8997186422348022,1581.7196044921875,655.0638427734375,1709.0906982421875,931.587890625,187.0,
364,1,2,car,0.8521966338157654,0.05545806884765625,349.789306640625,319.7883605957031,571.0794067382812,80.0,9.293381
364,2,0,person,0.8477475643157959,714.5138549804688,319.3116760253906,833.9901733398438,692.3208618164062,103.0,6.248472
364,3,29,frisbee,0.7796567678451538,1650.731689453125,725.983154296875,1731.312744140625,818.8546142578125,193.0,
364,4,0,person,0.7788702845573425,1831.919677734375,290.78045654296875,1919.493896484375,939.2382202148438,153.0,3.594278
364,5,0,person,0.6747749447822571,957.3187866210938,350.25146484375,1014.2755737304688,457.30096435546875,31.0,21.772522
364,6,2,car,0.6649453043937683,494.35784912109375,338.5707092285156,681.2083740234375,502.1678466796875,52.0,12.570716
364,7,2,car,0.6368029713630676,645.7652587890625,357.7043151855469,726.6467895507812,483.2465515136719,44.0,16.381207
364,8,2,car,0.6198782920837402,492.2179870605469,354.7723388671875,601.7086181640625,508.44158935546875,54.0,13.382854
364,9,2,car,0.5090634226799011,382.2101745605469,338.218505859375,509.93621826171875,520.5943603515625,60.0,11.276346
364,10,2,car,0.4956349730491638,227.46588134765625,350.6813049316406,365.05462646484375,541.6227416992188,73.0,10.770492
364,11,7,truck,0.4734959602355957,1413.0465087890625,331.781982421875,1498.0030517578125,427.2322998046875,22.0,
364,12,5,bus,0.46459251642227173,1414.964111328125,332.2463684082031,1498.59716796875,428.1943664550781,22.0,
364,13,2,car,0.4642884135246277,254.41758728027344,335.5965576171875,508.50396728515625,528.3320922851562,65.0,10.670234
364,14,7,truck,0.4548625648021698,996.3013916015625,305.79034423828125,1087.651611328125,423.263671875,25.0,
364,15,2,car,0.3054950535297394,1296.5628662109375,362.28497314453125,1360.4395751953125,424.85577392578125,21.0,32.8673
364,16,2,car,0.25406157970428467,1196.2027587890625,357.7874450683594,1245.2156982421875,401.2127380371094,17.0,47.35796
365,0,16,dog,0.8885089755058289,1589.8472900390625,659.5049438476562,1718.5067138671875,932.5624389648438,188.0,
365,1,0,person,0.8435882925987244,707.9271240234375,313.3650817871094,830.7449340820312,690.4775390625,102.0,6.1804843
365,2,2,car,0.8188653588294983,0.00070953369140625,349.93487548828125,325.625732421875,573.7534790039062,81.0,9.188393
365,3,29,frisbee,0.801622748374939,1663.2996826171875,731.5155639648438,1742.0694580078125,820.5491333007812,192.0,
365,4,0,person,0.7734355330467224,1837.7838134765625,331.115478515625,1919.4942626953125,949.7417602539062,146.0,3.767602
365,5,2,car,0.7371000051498413,655.2174682617188,356.7393798828125,730.8212280273438,483.3982849121094,44.0,16.236784
365,6,2,car,0.7229661345481873,497.25384521484375,355.9249267578125,602.8090209960938,510.09552001953125,54.0,13.339335
365,7,2,car,0.7130094766616821,499.8168029785156,339.4466857910156,684.1243286132812,502.2675476074219,51.0,12.63065
365,8,0,person,0.6506655812263489,966.95068359375,352.11053466796875,1018.76220703125,456.22613525390625,31.0,22.386055
365,9,2,car,0.5955538153648376,274.0281066894531,336.70147705078125,504.7921142578125,528.4320068359375,65.0,10.726165
365,10,2,car,0.5603790283203125,254.80320739746094,349.5856018066406,369.0963439941406,541.8073120117188,71.0,10.698756
365,11,2,car,0.5514941811561584,391.0718994140625,336.5422058105469,515.0387573242188,516.3985595703125,59.0,11.434309
365,12,7,truck,0.3909132778644562,1003.5170288085938,304.71966552734375,1096.0181884765625,432.2681884765625,25.0,
365,13,2,car,0.3733019232749939,1006.0896606445312,353.8402404785156,1068.39306640625,426.5358581542969,26.0,28.289644
365,14,2,car,0.35986313223838806,1301.5819091796875,360.609375,1376.3310546875,428.14581298828125,20.0,30.45072
365,15,2,car,0.338238924741745,1234.990478515625,379.0841979980469,1291.02001953125,429.8348083496094,19.0,40.522335
365,16,2,car,0.27144479751586914,1199.963134765625,357.6844482421875,1250.6890869140625,402.7588806152344,16.0,45.62527
366,0,16,dog,0.9177628755569458,1593.3892822265625,663.1646728515625,1724.1888427734375,932.69482421875,191.0,
366,1,0,person,0.8465204834938049,707.5318603515625,311.8204040527344,827.8368530273438,690.3006591796875,102.0,6.1581483
366,2,29,frisbee,0.8049775958061218,1672.951171875,733.3255615234375,1750.79296875,823.7003784179688,195.0,
366,3,2,car,0.7953692078590393,2.287445068359375,350.1881103515625,345.5674743652344,566.9817504882812,81.0,9.486133
366,4,2,car,0.7486571669578552,500.4178466796875,361.0282287597656,604.2409057617188,509.6111755371094,54.0,13.840978
366,5,2,car,0.6845420002937317,505.47027587890625,338.7518615722656,690.2529907226562,503.1485595703125,51.0,12.509578
366,6,0,person,0.6735152006149292,969.1605834960938,347.8152770996094,1023.8759765625,457.18023681640625,30.0,21.311556
366,7,2,car,0.6379743218421936,662.11865234375,354.1124267578125,726.5380859375,483.05401611328125,44.0,15.94934
366,8,2,car,0.5915892720222473,268.1334228515625,340.2693786621094,463.7798767089844,529.3085327148438,67.0,10.878875
366,9,2,car,0.557481050491333,250.48480224609375,351.412109375,371.8656005859375,544.810302734375,73.0,10.633674
366,10,2,car,0.5404996871948242,385.4585266113281,331.6105041503906,520.5592041015625,518.505126953125,61.0,11.003704
366,11,0,person,0.5183248519897461,1847.183349609375,334.91949462890625,1919.4580078125,948.7588500976562,142.0,3.796983
366,12,0,person,0.4794127345085144,1847.7176513671875,337.16162109375,1919.5111083984375,766.63623046875,81.0,5.426951
366,13,2,car,0.467629075050354,1309.6025390625,361.9699401855469,1366.211669921875,420.8894348144531,19.0,34.90412
366,14,7,truck,0.35463112592697144,1009.8678588867188,304.62945556640625,1099.922607421875,431.8226623535156,24.0,
366,15,2,car,0.32692623138427734,1203.60986328125,360.5058288574219,1259.86865234375,403.7236633300781,16.0,47.58529
366,16,2,car,0.3258674442768097,1007.3565673828125,354.88421630859375,1069.605224609375,425.28973388671875,25.0,29.20983
366,17,2,car,0.3039799630641937,1246.666259765625,373.9869689941406,1295.6927490234375,424.8160400390625,19.0,40.45978
366,18,2,car,0.27256762981414795,1206.1341552734375,365.1847229003906,1293.3773193359375,422.4245910644531,19.0,35.928337
367,0,0,person,0.8557084798812866,707.6949462890625,311.0489807128906,827.419921875,688.092041015625,100.0,6.1816216
367,1,16,dog,0.849467933177948,1605.731689453125,666.7457275390625,1738.51171875,936.4627075195312,190.0,
367,2,2,car,0.846510112285614,0.5570297241210938,348.6048889160156,337.5938720703125,567.7632446289062,81.0,9.383778
367,3,2,car,0.7676122784614563,509.02496337890625,360.63330078125,611.0429077148438,507.0212707519531,54.0,14.048512
367,4,2,car,0.7163127064704895,515.3095092773438,339.55438232421875,696.9944458007812,501.5374450683594,51.0,12.695977
367,5,2,car,0.5865267515182495,256.6791076660156,345.892822265625,385.8699951171875,539.1986083984375,71.0,10.638757
367,6,2,car,0.5612106919288635,1314.587890625,360.1339416503906,1374.0662841796875,423.8163757324219,20.0,32.29357
367,7,0,person,0.558921217918396,971.9857788085938,350.9806823730469,1026.0582275390625,455.4154357910156,30.0,22.317642
367,8,2,car,0.5530147552490234,1247.2899169921875,372.864990234375,1300.893310546875,425.0035400390625,18.0,39.443623
367,9,29,frisbee,0.5038260221481323,1682.8685302734375,733.9484252929688,1763.3704833984375,826.5173950195312,194.0,
367,10,2,car,0.4981901943683624,1211.4959716796875,358.6421813964844,1260.831298828125,398.8479309082031,16.0,51.150227
367,11,2,car,0.45096537470817566,378.2801513671875,335.7840576171875,525.8968505859375,523.7044677734375,61.0,10.94364
367,12,2,car,0.4468840956687927,268.4110412597656,336.90948486328125,516.095703125,529.1804809570312,64.0,10.696013
367,13,7,truck,0.41991207003593445,1013.0681762695312,302.036865234375,1107.3271484375,432.80419921875,24.0,
367,14,0,person,0.41900649666786194,1855.317626953125,328.52728271484375,1919.498291015625,708.5767822265625,60.0,6.132721
367,15,7,truck,0.3923112452030182,1435.6044921875,330.5696716308594,1517.5478515625,423.677978515625,20.0,
367,16,2,car,0.34437593817710876,663.1190795898438,352.94989013671875,728.747314453125,487.67889404296875,44.0,15.26422
367,17,2,car,0.2500322163105011,1589.5704345703125,375.9106750488281,1637.5411376953125,421.9574890136719,19.0,44.661793
368,0,16,dog,0.8942786455154419,1615.361328125,667.5230102539062,1749.5032958984375,943.0228271484375,191.0,
368,1,0,person,0.8637160658836365,702.1338500976562,318.05877685546875,825.159912109375,685.49072265625,99.0,6.3433175
368,2,2,car,0.8552157878875732,2.1377105712890625,349.828125,342.5130615234375,567.3121948242188,80.0,9.4560175
368,3,2,car,0.7043604254722595,516.2803955078125,340.6974182128906,700.0501708984375,502.1968994140625,50.0,12.733993
368,4,2,car,0.6346549987792969,513.9061889648438,355.8223571777344,617.9013671875,505.905029296875,52.0,13.702669
368,5,0,person,0.5865088701248169,976.0903930664062,348.7674865722656,1029.189697265625,456.113525390625,30.0,21.712376
368,6,29,frisbee,0.5825031995773315,1685.61328125,733.5056762695312,1766.21044921875,826.8187866210938,194.0,
368,7,0,person,0.5027176737785339,1859.8443603515625,342.8990478515625,1919.5389404296875,693.769287109375,96.0,6.6427336
368,8,2,car,0.4970792531967163,255.3672637939453,347.2098083496094,387.2289733886719,541.4982299804688,71.0,10.5849495
368,9,2,car,0.48724308609962463,275.3796691894531,334.8424072265625,520.181396484375,529.5935668945312,63.0,10.559799
368,10,7,truck,0.443869411945343,1438.6053466796875,330.6264953613281,1523.3067626953125,424.5374450683594,20.0,
368,11,7,truck,0.43564894795417786,1017.7881469726562,300.8496398925781,1111.955078125,427.518798828125,23.0,
368,12,2,car,0.4134311079978943,387.76092529296875,334.36688232421875,530.2928466796875,518.5380859375,59.0,11.166421
368,13,5,bus,0.3848365247249603,1441.9659423828125,332.2727355957031,1523.0230712890625,424.3082275390625,20.0,
368,14,2,car,0.37197113037109375,1317.2764892578125,357.025634765625,1379.227294921875,425.2156677246094,19.0,30.158854
368,15,2,car,0.3710872232913971,1015.0980834960938,350.2891845703125,1081.5257568359375,427.1267395019531,24.0,26.764688
368,16,2,car,0.30665960907936096,1254.58349609375,370.6890869140625,1303.814697265625,422.4884338378906,18.0,39.701912
368,17,2,car,0.25162869691848755,1215.478759765625,357.55902099609375,1270.05224609375,402.2069091796875,15.0,46.061153
369,0,0,person,0.848056972026825,693.9716186523438,321.2906188964844,823.876708984375,685.3212280273438,100.0,6.402587
369,1,2,car,0.8388247489929199,0.9023208618164062,349.8104553222656,345.67352294921875,566.1702270507812,79.0,9.505156
369,2,16,dog,0.808387279510498,1616.258544921875,666.63818359375,1745.1175537109375,937.2431640625,192.0,
369,3,2,car,0.7068507075309753,524.1092529296875,341.00213623046875,702.8302612304688,500.4432678222656,50.0,12.898386
369,4,2,car,0.6945468783378601,521.5170288085938,359.5262145996094,621.3615112304688,503.3328552246094,52.0,14.300683
369,5,2,car,0.6108055710792542,285.2596740722656,334.77520751953125,505.14398193359375,530.4943237304688,64.0,10.507574
369,6,7,truck,0.5985139608383179,1442.97265625,330.6023864746094,1531.7374267578125,425.47503662109375,21.0,
369,7,0,person,0.5919207334518433,980.4078369140625,347.820556640625,1034.297607421875,455.14031982421875,30.0,21.717691
369,8,0,person,0.5788195133209229,1869.9002685546875,347.3507385253906,1919.55224609375,674.9874877929688,76.0,7.1137853
369,9,7,truck,0.5086923837661743,1019.82568359375,301.7492980957031,1117.03564453125,426.4259033203125,24.0,
369,10,2,car,0.5062780976295471,1313.8721923828125,351.2719421386719,1405.5245361328125,426.660400390625,19.0,27.279152
369,11,2,car,0.47635746002197266,265.5007629394531,349.0769348144531,393.36468505859375,539.1693115234375,70.0,10.818599
369,12,29,frisbee,0.46769440174102783,1689.0828857421875,742.3068237304688,1770.32421875,825.3466186523438,195.0,
369,13,2,car,0.4170747697353363,412.1730651855469,332.631591796875,535.3224487304688,517.86767578125,58.0,11.102228
369,14,2,car,0.3993817865848541,1256.3837890625,367.93450927734375,1315.7784423828125,424.0976257324219,19.0,36.61715
369,15,2,car,0.3364071249961853,1222.50439453125,357.8723449707031,1268.778076171875,400.9314270019531,15.0,47.76073
369,16,2,car,0.3041364252567291,1018.9581298828125,348.87451171875,1087.0401611328125,426.11517333984375,25.0,26.625008
369,17,5,bus,0.2790027856826782,1442.274169921875,329.9147033691406,1530.42333984375,423.84332275390625,21.0,
369,18,2,car,0.2610293924808502,1256.888671875,380.9504699707031,1322.05224609375,426.1324768066406,19.0,45.51664
369,19,9,traffic light,0.256964772939682,1380.407470703125,224.2573699951172,1409.0892333984375,293.2542419433594,24.0,
370,0,16,dog,0.911677896976471,1620.7064208984375,668.7625732421875,1764.4207763671875,945.306396484375,194.0,
370,1,0,person,0.8538970947265625,690.0286254882812,324.8851623535156,827.3416137695312,684.9608764648438,101.0,6.4729095
370,2,2,car,0.8102400302886963,10.66552734375,346.7252502441406,349.7657775878906,564.3636474609375,80.0,9.449312
370,3,2,car,0.7124744057655334,304.6969299316406,338.0184631347656,485.0680847167969,530.2842407226562,65.0,10.696304
370,4,2,car,0.6560661792755127,527.363525390625,339.43780517578125,706.4357299804688,501.11187744140625,50.0,12.720242
370,5,29,frisbee,0.6249274015426636,1690.8555908203125,743.3684692382812,1772.6055908203125,829.9531860351562,196.0,
370,6,2,car,0.6095757484436035,419.9698791503906,333.22515869140625,539.5895385742188,519.5966796875,58.0,11.03459
370,7,0,person,0.5613137483596802,982.6558227539062,344.556884765625,1037.1097412109375,454.17132568359375,27.0,21.263052
370,8,0,person,0.5314205884933472,1877.42138671875,343.8790283203125,1919.5367431640625,659.8493041992188,79.0,7.376446
370,9,2,car,0.5093289017677307,1020.5359497070312,350.2639465332031,1094.1142578125,426.0732727050781,25.0,27.127707
370,10,2,car,0.48321130871772766,525.5463256835938,354.6107482910156,623.7963256835938,507.6396789550781,52.0,13.438852
370,11,2,car,0.47272124886512756,376.94049072265625,334.84735107421875,492.20318603515625,529.034423828125,62.0,10.590474
370,12,2,car,0.46171459555625916,260.6143798828125,347.60150146484375,396.13494873046875,540.9371337890625,72.0,10.637115
370,13,7,truck,0.44386765360832214,1020.890869140625,299.6580505371094,1127.1156005859375,424.0447998046875,24.0,
370,14,2,car,0.41957205533981323,1329.352783203125,354.97796630859375,1392.371826171875,424.0030517578125,19.0,29.793997
370,15,7,truck,0.4142821133136749,1453.8841552734375,328.3483581542969,1537.3858642578125,422.57281494140625,20.0,
370,16,2,car,0.3854585587978363,526.3573608398438,344.30657958984375,656.6929321289062,508.1395568847656,51.0,12.552621
370,17,9,traffic light,0.3672039806842804,1383.4991455078125,222.35646057128906,1411.51318359375,289.3453674316406,21.0,
370,18,2,car,0.3179091513156891,1224.6534423828125,357.737548828125,1283.7005615234375,409.5208740234375,16.0,39.7142
370,19,2,car,0.3130725622177124,1274.5401611328125,370.4905090332031,1321.843505859375,423.7742919921875,19.0,38.595856
370,20,2,car,0.2937179505825043,1605.1475830078125,374.7677307128906,1656.0589599609375,419.0246887207031,19.0,46.46802
371,0,16,dog,0.8883290886878967,1626.3109130859375,672.0045776367188,1775.0723876953125,941.693115234375,196.0,
371,1,0,person,0.867002546787262,682.1624145507812,321.0331115722656,827.142578125,679.2484130859375,99.0,6.506527
371,2,2,car,0.8311172723770142,9.617912292480469,346.054931640625,351.85125732421875,561.7588500976562,81.0,9.534056
371,3,2,car,0.6958031058311462,532.2715454101562,339.7500915527344,708.4193725585938,498.7353515625,50.0,12.93537
371,4,7,truck,0.6497136950492859,1456.6248779296875,327.8357849121094,1540.538818359375,420.8665466308594,21.0,
371,5,0,person,0.6266869902610779,983.9789428710938,343.2096252441406,1041.2659912109375,454.4500427246094,28.0,20.952255
371,6,2,car,0.6012958884239197,422.7144470214844,334.01678466796875,546.6632690429688,519.0996704101562,59.0,11.111418
371,7,2,car,0.5621857047080994,280.41461181640625,348.94903564453125,405.4447937011719,538.436279296875,71.0,10.853148
371,8,2,car,0.5431116819381714,531.72216796875,350.84893798828125,638.1060791015625,504.8199462890625,52.0,13.3566265
371,9,2,car,0.48434627056121826,1273.439208984375,369.9934387207031,1325.290283203125,421.6890563964844,19.0,39.781578
371,10,2,car,0.45153313875198364,1021.513916015625,347.6390075683594,1095.32861328125,425.1264953613281,25.0,26.540197
371,11,2,car,0.4357478618621826,1229.2862548828125,357.74322509765625,1286.925048828125,401.0376892089844,16.0,47.501064
371,12,0,person,0.4177915155887604,1883.7520751953125,331.664794921875,1919.53125,654.025146484375,94.0,7.230224
371,13,2,car,0.41007015109062195,279.68902587890625,343.4580078125,470.6831359863281,537.0105590820312,68.0,10.625193
371,14,7,truck,0.3809705674648285,1029.5335693359375,296.9277648925781,1129.4598388671875,412.56170654296875,23.0,
371,15,9,traffic light,0.3484237492084503,1390.1861572265625,220.7189483642578,1418.3349609375,294.092041015625,18.0,
371,16,7,truck,0.3224191665649414,1021.798828125,349.3172607421875,1095.960205078125,421.37255859375,25.0,
371,17,2,car,0.3125841021537781,366.2005310058594,388.974609375,486.52197265625,528.9071044921875,64.0,14.6966095
371,18,7,truck,0.310001015663147,1325.15283203125,353.1307067871094,1396.3154296875,420.7418518066406,20.0,
371,19,2,car,0.2855009436607361,1333.30419921875,358.70556640625,1395.231201171875,421.096923828125,20.0,32.961826
371,20,29,frisbee,0.2840641736984253,1689.9854736328125,746.5475463867188,1774.0909423828125,837.3726196289062,198.0,
371,21,2,car,0.27766889333724976,1605.3394775390625,372.5874328613281,1661.7872314453125,417.7688903808594,20.0,45.517197
371,22,2,car,0.26990586519241333,310.1272277832031,332.06512451171875,509.38177490234375,526.8909912109375,65.0,10.55575
372,0,0,person,0.8671178221702576,688.8821411132812,316.78045654296875,827.633056640625,682.1699829101562,97.0,6.378775
372,1,16,dog,0.8629149198532104,1629.3856201171875,676.5152587890625,1776.5928955078125,943.9876708984375,195.0,
372,2,2,car,0.85402911901474,13.426872253417969,342.36016845703125,356.2898254394531,557.8612060546875,79.0,9.543032
372,3,0,person,0.7144861221313477,986.073486328125,347.1875,1039.186279296875,451.85205078125,27.0,22.268642
372,4,2,car,0.6560477018356323,425.6653747558594,330.6989440917969,548.6326904296875,513.9127197265625,58.0,11.224773
372,5,2,car,0.6233790516853333,535.9100341796875,350.5014953613281,637.7152099609375,503.4626770019531,51.0,13.444804
372,6,2,car,0.6112050414085388,537.8463745117188,337.8869323730469,705.8406982421875,494.09100341796875,49.0,13.165683
372,7,2,car,0.5948644876480103,309.0807189941406,330.32672119140625,494.690185546875,527.96875,64.0,10.405343
372,8,7,truck,0.5144097208976746,1461.8353271484375,326.1800231933594,1545.036376953125,420.06793212890625,19.0,
372,9,2,car,0.4868418276309967,1026.2578125,344.3724060058594,1100.96435546875,425.1481018066406,23.0,25.459803
372,10,2,car,0.4440123438835144,283.71771240234375,345.1814880371094,418.6263427734375,534.4088745117188,68.0,10.8680525
372,11,7,truck,0.429476797580719,1032.6412353515625,295.8812255859375,1132.5142822265625,422.269775390625,22.0,
372,12,2,car,0.3796205222606659,1235.454833984375,357.2868347167969,1294.084716796875,400.9197692871094,14.0,47.13259
372,13,2,car,0.36646923422813416,1275.914794921875,369.06719970703125,1326.4222412109375,414.3856201171875,17.0,45.37963
372,14,0,person,0.3285806179046631,1880.8092041015625,334.46026611328125,1919.5316162109375,691.8587036132812,90.0,6.521398
372,15,2,car,0.31663575768470764,1612.5908203125,373.3992919921875,1663.95556640625,418.8365478515625,17.0,45.26095
372,16,2,car,0.27733826637268066,309.5061340332031,350.9039611816406,407.216064453125,535.70458984375,67.0,11.128388
372,17,7,truck,0.2722834348678589,1029.1241455078125,333.12615966796875,1122.1124267578125,423.1171875,22.0,
372,18,0,person,0.26797711849212646,1888.873291015625,340.2323913574219,1919.194091796875,647.798095703125,88.0,7.5780153
372,19,2,car,0.2595863938331604,365.0228576660156,372.322998046875,491.3268127441406,528.5372314453125,62.0,13.164826
373,0,0,person,0.86334627866745,683.343017578125,308.2108459472656,823.8180541992188,671.7261962890625,93.0,6.411662
373,1,2,car,0.8560807108879089,25.333145141601562,339.9026794433594,357.6297912597656,558.4193115234375,79.0,9.411335
373,2,16,dog,0.7735099792480469,1630.891845703125,680.873291015625,1775.5576171875,941.5977172851562,195.0,
373,3,0,person,0.755523681640625,983.2896118164062,346.58123779296875,1036.437744140625,450.8890075683594,29.0,22.344812
373,4,2,car,0.638031005859375,429.1534729003906,329.4346923828125,554.2847900390625,513.1722412109375,58.0,11.192776
373,5,2,car,0.5635350942611694,321.75347900390625,329.2187805175781,499.06878662109375,523.8173828125,64.0,10.568078
373,6,2,car,0.5607967972755432,537.61962890625,333.6617736816406,704.2048950195312,494.76922607421875,50.0,12.764978
373,7,7,truck,0.5473770499229431,1461.082763671875,324.8583068847656,1548.8695068359375,419.43328857421875,19.0,
373,8,2,car,0.5175701975822449,275.78887939453125,339.81573486328125,416.11871337890625,529.1984252929688,69.0,10.85914
373,9,2,car,0.4701048731803894,1030.120361328125,343.8518981933594,1102.92529296875,424.05523681640625,23.0,25.64149
373,10,2,car,0.4605676531791687,1275.0517578125,367.21435546875,1333.3074951171875,420.2508544921875,17.0,38.77581
373,11,7,truck,0.46050596237182617,1036.304443359375,292.69110107421875,1134.1468505859375,418.9854431152344,22.0,
373,12,2,car,0.3806905746459961,312.1029968261719,348.5987548828125,410.2951354980469,531.8546142578125,68.0,11.222197
373,13,2,car,0.33039721846580505,1239.674560546875,357.21734619140625,1288.58935546875,396.61541748046875,13.0,52.19883
373,14,2,car,0.316705584526062,766.6783447265625,335.1460876464844,849.4061279296875,461.8243103027344,90.0,16.234308
373,15,2,car,0.298011839389801,1342.3404541015625,356.21612548828125,1411.2379150390625,418.462646484375,18.0,33.038525
373,16,2,car,0.27893126010894775,542.7401733398438,324.7102355957031,853.808349609375,499.50457763671875,84.0,11.765445
373,17,7,truck,0.2684878706932068,1034.639404296875,335.5783386230469,1119.3406982421875,421.109375,23.0,
373,18,0,person,0.26458051800727844,1883.27783203125,343.6044616699219,1919.549560546875,711.6749267578125,75.0,6.3323135
374,0,0,person,0.8618314266204834,675.3450317382812,304.0157775878906,819.7691040039062,668.4287719726562,93.0,6.3958683
374,1,2,car,0.8156003952026367,25.631378173828125,338.7662658691406,362.052734375,555.1543579101562,80.0,9.503911
374,2,16,dog,0.6690438389778137,1632.5904541015625,683.8192138671875,1766.3658447265625,942.3469848632812,197.0,
374,3,0,person,0.652749240398407,983.82568359375,344.3393249511719,1035.002197265625,449.400146484375,28.0,22.18465
374,4,2,car,0.6005779504776001,440.71636962890625,327.866943359375,558.4962158203125,509.71466064453125,57.0,11.309095
374,5,7,truck,0.5908415913581848,1465.5517578125,325.89495849609375,1551.955810546875,419.09637451171875,19.0,
374,6,2,car,0.5894295573234558,278.78814697265625,342.7998046875,411.3016662597656,532.8160400390625,70.0,10.822934
374,7,2,car,0.5818593502044678,339.412353515625,327.95062255859375,500.04107666015625,519.5276489257812,63.0,10.734759
374,8,2,car,0.5765067338943481,536.0449829101562,333.318603515625,715.3685913085938,495.2915954589844,49.0,12.696766
374,9,2,car,0.4856623113155365,764.005615234375,334.8818359375,851.380615234375,462.4463195800781,79.0,16.12152
374,10,2,car,0.4645426869392395,1032.444580078125,342.66265869140625,1105.4906005859375,419.52301025390625,23.0,26.75675
374,11,7,truck,0.3824656307697296,1038.611328125,293.178466796875,1133.185302734375,417.0590515136719,22.0,
374,12,36,skateboard,0.37217986583709717,728.1053466796875,623.1627197265625,781.1723022460938,676.5297241210938,106.0,
374,13,2,car,0.37053951621055603,1240.7435302734375,356.4181213378906,1294.2454833984375,398.9906005859375,14.0,48.306633
374,14,2,car,0.3284790515899658,1342.5948486328125,354.13348388671875,1414.095703125,419.28973388671875,18.0,31.563099
374,15,2,car,0.3182668685913086,1279.804443359375,363.0277404785156,1338.1455078125,418.6597595214844,17.0,36.96672
374,16,5,bus,0.26100659370422363,1466.7242431640625,324.9328308105469,1552.8603515625,417.5310974121094,19.0,
375,0,0,person,0.8611968755722046,676.8356323242188,302.6280517578125,813.3766479492188,668.7196655273438,91.0,6.366542
375,1,16,dog,0.8425225019454956,1632.0849609375,683.0407104492188,1763.033935546875,942.6337280273438,199.0,
375,2,2,car,0.8424509763717651,17.083877563476562,335.4007263183594,360.87042236328125,554.6582641601562,80.0,9.379533
375,3,2,car,0.6844183802604675,328.6402893066406,324.6998596191406,503.5893249511719,517.31005859375,63.0,10.677177
375,4,2,car,0.670635998249054,285.71112060546875,337.86181640625,414.07470703125,528.1544189453125,69.0,10.807216
375,5,0,person,0.6621541380882263,979.0352783203125,338.84600830078125,1024.5030517578125,446.2372741699219,29.0,21.703232
375,6,2,car,0.5473034381866455,424.37017822265625,325.1769104003906,559.4320678710938,508.5370788574219,58.0,11.215812
375,7,2,car,0.5267758369445801,540.4495849609375,331.2801818847656,701.239990234375,491.5778503417969,50.0,12.829464
375,8,7,truck,0.5213350057601929,1465.4827880859375,323.16009521484375,1555.588623046875,416.84820556640625,19.0,
375,9,7,truck,0.47501417994499207,1038.987548828125,291.9836120605469,1135.857666015625,415.160888671875,22.0,
375,10,2,car,0.4614472985267639,760.1431274414062,336.1679992675781,849.0880737304688,461.759765625,82.0,16.374746
375,11,2,car,0.4525652229785919,540.674072265625,335.130126953125,651.33056640625,493.8858947753906,51.0,12.954069
375,12,2,car,0.43322810530662537,1033.626220703125,338.81854248046875,1111.5439453125,415.0213623046875,23.0,26.987625
375,13,2,car,0.38469165563583374,1346.3782958984375,349.7104187011719,1410.872802734375,414.5649108886719,18.0,31.709957
375,14,2,car,0.37537890672683716,340.6137390136719,322.60687255859375,559.3291625976562,509.53411865234375,61.0,11.001784
375,15,2,car,0.3226907551288605,1242.0301513671875,355.2733459472656,1293.5928955078125,398.0420227050781,14.0,48.085033
375,16,2,car,0.3221960961818695,1618.6524658203125,370.9950256347656,1671.626708984375,412.7765808105469,18.0,49.221077
375,17,0,person,0.3177412748336792,982.5740356445312,342.94915771484375,1038.6751708984375,445.1645812988281,28.0,22.80221
375,18,2,car,0.30404114723205566,1280.1153564453125,358.29913330078125,1346.019775390625,418.1788330078125,18.0,34.344414
375,19,36,skateboard,0.2942758798599243,716.1520385742188,609.3983154296875,781.4345092773438,673.6793212890625,98.0,
375,20,2,car,0.2877097725868225,322.411865234375,346.02972412109375,413.2492980957031,526.9279174804688,68.0,11.368456
375,21,2,car,0.2738451063632965,544.9810180664062,320.0150146484375,861.7628173828125,496.7126159667969,85.0,11.638716
375,22,5,bus,0.2571449875831604,1467.59619140625,321.32415771484375,1555.7703857421875,414.5598449707031,19.0,
376,0,2,car,0.8570699095726013,21.68378448486328,332.8355712890625,358.9757995605469,552.7951049804688,78.0,9.349598
376,1,0,person,0.8504094481468201,673.2938842773438,304.845703125,807.4625244140625,663.3984375,89.0,6.500404
376,2,16,dog,0.7215474843978882,1632.67822265625,680.4255981445312,1759.79150390625,950.8306274414062,196.0,
376,3,2,car,0.7148092985153198,324.7914733886719,320.8182678222656,501.7927551269531,517.4423217773438,62.0,10.459215
376,4,0,person,0.6880847215652466,975.6705322265625,335.5469665527344,1021.812744140625,443.16888427734375,26.0,21.656717
376,5,2,car,0.6143807768821716,447.1007995605469,321.2285461425781,558.0549926757812,504.24658203125,56.0,11.236779
376,6,2,car,0.6106823682785034,540.2323608398438,336.48370361328125,647.0776977539062,492.4718017578125,49.0,13.183911
376,7,2,car,0.6064644455909729,1275.058837890625,358.9363708496094,1345.112060546875,416.6568908691406,17.0,35.629154
376,8,2,car,0.5851538181304932,754.2889404296875,337.6598205566406,848.3824462890625,459.930908203125,46.0,16.819456
376,9,2,car,0.5787637233734131,292.8944091796875,335.6596984863281,417.07379150390625,526.9052124023438,67.0,10.753367
376,10,2,car,0.5365527272224426,546.3323974609375,330.8515930175781,713.4163208007812,481.72100830078125,48.0,13.631213
376,11,2,car,0.505345344543457,1032.54833984375,337.90631103515625,1108.8641357421875,416.583984375,22.0,26.138714
376,12,7,truck,0.4610859751701355,1464.4029541015625,321.77398681640625,1556.894287109375,415.4039611816406,17.0,
376,13,2,car,0.43849456310272217,1346.61669921875,346.5025634765625,1413.543212890625,416.21044921875,17.0,29.50216
376,14,7,truck,0.4211665689945221,1039.5457763671875,289.1918029785156,1136.59033203125,411.81060791015625,21.0,
376,15,9,traffic light,0.4016578793525696,834.593505859375,217.12953186035156,866.90283203125,286.5983581542969,26.0,
376,16,2,car,0.366413414478302,1241.9547119140625,354.77178955078125,1284.6805419921875,393.47113037109375,13.0,53.141296
376,17,2,car,0.28326165676116943,1618.44921875,366.919921875,1671.8065185546875,408.23638916015625,17.0,49.775146
376,18,2,car,0.25034618377685547,1347.8258056640625,349.13140869140625,1431.3580322265625,426.38232421875,17.0,26.621473
377,0,2,car,0.874789297580719,18.023643493652344,330.4976501464844,358.9850158691406,546.53466796875,76.0,9.519356
377,1,0,person,0.8324862718582153,662.133544921875,311.6071472167969,795.5106811523438,661.0299682617188,89.0,6.67025
377,2,0,person,0.7220469117164612,965.7094116210938,334.5084228515625,1013.4862060546875,442.2030029296875,26.0,21.642107
377,3,16,dog,0.6897605657577515,1625.6390380859375,672.14794921875,1760.9276123046875,949.531494140625,197.0,
377,4,2,car,0.5873749256134033,534.5994873046875,334.7203063964844,638.45361328125,491.94610595703125,49.0,13.080126
377,5,7,truck,0.5761700868606567,1030.8590087890625,287.31243896484375,1136.488525390625,410.7309265136719,20.0,
377,6,2,car,0.5526201725006104,429.39898681640625,319.1804504394531,552.5709838867188,506.028076171875,55.0,11.006473
377,7,2,car,0.5443111658096313,537.4342041015625,328.34320068359375,712.0448608398438,484.28387451171875,47.0,13.187921
377,8,2,car,0.5301469564437866,745.7146606445312,332.068359375,843.455810546875,451.903564453125,45.0,17.161345
377,9,2,car,0.5073248147964478,298.61102294921875,318.8498229980469,505.2007141113281,514.7573852539062,61.0,10.497467
377,10,2,car,0.4208163917064667,271.07666015625,330.22283935546875,435.29150390625,519.780029296875,66.0,10.849144
377,11,2,car,0.4181046187877655,1023.27392578125,337.7551574707031,1106.6004638671875,411.3346252441406,21.0,27.949825
377,12,2,car,0.3924855887889862,0.04807090759277344,355.8329772949219,73.51456451416016,408.9198303222656,40.0,38.73903
377,13,2,car,0.36124658584594727,348.5106201171875,323.2915344238281,496.121826171875,515.0106811523438,60.0,10.726801
377,14,2,car,0.3594227433204651,1613.5946044921875,363.06829833984375,1666.41943359375,405.58905029296875,18.0,48.365402
377,15,7,truck,0.3496032953262329,1463.4332275390625,315.37884521484375,1549.2847900390625,412.2957458496094,18.0,
377,16,2,car,0.3405556082725525,0.29061126708984375,355.14111328125,73.5371322631836,449.4803466796875,42.0,21.799341
377,17,2,car,0.32173123955726624,1236.1671142578125,353.6114501953125,1288.4261474609375,398.9381103515625,13.0,45.371384
377,18,2,car,0.2954449951648712,297.4005432128906,339.9990234375,408.021240234375,528.3495483398438,66.0,10.918649
377,19,2,car,0.2622879445552826,1271.9486083984375,357.5557556152344,1342.5743408203125,413.5428161621094,17.0,36.732296
377,20,2,car,0.26049262285232544,1339.9952392578125,342.15838623046875,1404.490478515625,405.1962890625,17.0,32.623756
378,0,0,person,0.878470778465271,641.8738403320312,301.3993225097656,776.6793823242188,656.9786987304688,91.0,6.55476
378,1,16,dog,0.8585455417633057,1617.51123046875,665.4368896484375,1759.508056640625,947.2787475585938,194.0,
378,2,2,car,0.839935302734375,4.5298919677734375,327.4617919921875,346.45166015625,542.60009765625,76.0,9.559121
378,3,2,car,0.6837552785873413,530.3259887695312,319.55670166015625,688.2156982421875,484.7469482421875,45.0,12.449483
378,4,2,car,0.6683739423751831,1013.4943237304688,333.69976806640625,1095.4610595703125,407.2042541503906,21.0,27.978336
378,5,2,car,0.6407454013824463,723.0956420898438,330.2872009277344,832.11572265625,448.7659606933594,41.0,17.357822
378,6,2,car,0.5595464706420898,286.78143310546875,317.8336181640625,496.71661376953125,507.9090270996094,60.0,10.819565
378,7,0,person,0.5489283800125122,954.4705810546875,329.32012939453125,999.966064453125,433.51611328125,26.0,22.368784
378,8,2,car,0.5298987627029419,523.237060546875,330.50445556640625,611.6087036132812,487.95465087890625,47.0,13.061484
378,9,2,car,0.5157842636108398,1325.1781005859375,342.0097961425781,1403.2811279296875,410.4066467285156,16.0,30.06766
378,10,2,car,0.4794197678565979,402.837158203125,314.50738525390625,547.5877075195312,498.9163818359375,54.0,11.152022
378,11,2,car,0.4331607222557068,261.7149353027344,332.5343933105469,398.09759521484375,513.6221923828125,66.0,11.356553
378,12,0,person,0.4164009988307953,1888.7222900390625,362.3935546875,1919.5030517578125,723.9517822265625,83.0,6.446368
378,13,7,truck,0.4154619872570038,1025.912841796875,283.11199951171875,1123.083251953125,406.0155029296875,19.0,
378,14,2,car,0.37093645334243774,1604.37158203125,359.03485107421875,1654.150634765625,398.47320556640625,16.0,52.14551
378,15,2,car,0.35954034328460693,1223.625,351.83050537109375,1328.548583984375,408.6739501953125,16.0,36.178898
378,16,2,car,0.3530489206314087,1224.709716796875,350.0614013671875,1284.851806640625,400.0594482421875,14.0,41.13227
378,17,2,car,0.3475377857685089,1254.40771484375,352.3786926269531,1327.197998046875,407.7812805175781,17.0,37.119804
378,18,2,car,0.3017790913581848,319.2996826171875,313.81304931640625,543.918701171875,504.4512023925781,58.0,10.787626
378,19,2,car,0.29280343651771545,0.21517181396484375,353.5865478515625,63.05759811401367,456.92376708984375,46.0,19.901186
379,0,2,car,0.8723771572113037,0.029022216796875,317.7459411621094,320.1204528808594,541.6743774414062,72.0,9.183886
379,1,0,person,0.8506312370300293,616.7879028320312,300.91448974609375,750.5559692382812,653.2821044921875,91.0,6.614506
379,2,16,dog,0.8408483266830444,1599.3028564453125,659.3434448242188,1729.820068359375,944.184326171875,193.0,
379,3,2,car,0.7422735691070557,991.6966552734375,325.8414306640625,1070.9176025390625,401.7738952636719,20.0,27.083715
379,4,2,car,0.6929263472557068,694.3088989257812,325.2198486328125,809.9418334960938,441.4225158691406,40.0,17.697815
379,5,2,car,0.6388693451881409,500.4839172363281,330.337646484375,624.3731689453125,480.3212585449219,46.0,13.7117195
379,6,2,car,0.5628663897514343,269.0267333984375,331.4203796386719,375.8221740722656,516.4503784179688,63.0,11.1145935
379,7,2,car,0.5498213171958923,295.6645202636719,310.19329833984375,476.8724670410156,504.2317199707031,57.0,10.598588
379,8,2,car,0.5197583436965942,1302.6827392578125,331.22076416015625,1380.9031982421875,405.1013488769531,16.0,27.835909
379,9,2,car,0.5093116760253906,400.4962463378906,310.63201904296875,520.7033081054688,496.29583740234375,51.0,11.076651
379,10,0,person,0.5062509179115295,923.7573852539062,326.8694763183594,974.8348388671875,431.4382629394531,25.0,22.289038
379,11,0,person,0.443673700094223,1874.8487548828125,339.9195251464844,1919.6187744140625,931.925537109375,136.0,3.937017
379,12,2,car,0.414409875869751,1580.5894775390625,353.8411560058594,1634.5528564453125,395.9532165527344,16.0,48.83478
379,13,2,car,0.4043397903442383,1200.662109375,345.92572021484375,1308.6390380859375,402.011474609375,15.0,36.667656
379,14,2,car,0.4042786955833435,507.85858154296875,315.479248046875,670.6041870117188,477.9786071777344,44.0,12.655639
379,15,2,car,0.3968006670475006,1200.6142578125,344.208984375,1265.6978759765625,395.4276123046875,12.0,40.152054
379,16,2,car,0.3802472949028015,1235.563232421875,348.1387939453125,1307.0648193359375,401.6108093261719,16.0,38.45999
379,17,7,truck,0.3781206011772156,1006.9697265625,274.56976318359375,1101.0684814453125,396.8514709472656,19.0,
379,18,2,car,0.3500305414199829,509.2467041015625,314.8231506347656,671.2710571289062,410.5065612792969,41.0,21.493101
379,19,0,person,0.32260051369667053,1876.8497314453125,341.5354919433594,1919.4627685546875,713.6823120117188,81.0,6.262952
379,20,7,truck,0.3018990457057953,1430.7073974609375,306.24639892578125,1518.1925048828125,401.9776916503906,16.0,
379,21,2,car,0.29286089539527893,1581.1834716796875,348.0420227050781,1678.4271240234375,403.8168640136719,15.0,36.87206
380,0,0,person,0.8567532300949097,589.3999633789062,293.0259704589844,720.3385620117188,644.1293334960938,90.0,6.638323
380,1,2,car,0.851575493812561,6.323249816894531,311.900390625,299.984619140625,531.3197631835938,74.0,9.372615
380,2,16,dog,0.8346959948539734,1579.8094482421875,659.9990844726562,1709.1837158203125,935.5966186523438,192.0,
380,3,2,car,0.7360175251960754,969.1008911132812,317.0079345703125,1046.101806640625,395.8325500488281,21.0,26.089987
380,4,0,person,0.7341175079345703,895.9074096679688,316.3580627441406,945.2572631835938,423.8419189453125,27.0,21.684536
380,5,2,car,0.7043185830116272,666.0489501953125,312.3406677246094,788.0987548828125,435.0004577636719,40.0,16.766157
380,6,0,person,0.668010413646698,1857.9444580078125,307.6292724609375,1919.5660400390625,919.6234130859375,146.0,3.8084311
380,7,2,car,0.6600509285926819,243.18850708007812,299.99725341796875,438.8504333496094,493.4501953125,60.0,10.630664
380,8,2,car,0.6427439451217651,1278.2408447265625,324.1971740722656,1355.779541015625,398.2899169921875,16.0,27.756203
380,9,7,truck,0.6144883036613464,1404.1051025390625,295.6258239746094,1493.905517578125,395.5271301269531,17.0,
380,10,2,car,0.6038628220558167,205.76358032226562,314.6889953613281,352.2518005371094,500.8267822265625,67.0,11.048446
380,11,2,car,0.5958743095397949,377.7572937011719,301.1693115234375,495.6442565917969,484.32476806640625,54.0,11.228348
380,12,5,bus,0.5648564696311951,1404.400634765625,295.61383056640625,1493.820556640625,396.4365539550781,17.0,
380,13,2,car,0.5562521815299988,478.1836853027344,312.3140563964844,602.5020141601562,473.1493225097656,47.0,12.786581
380,14,2,car,0.48598524928092957,1223.8707275390625,341.7347717285156,1283.353271484375,394.7961730957031,16.0,38.75761
380,15,2,car,0.48438864946365356,250.98902893066406,321.9912414550781,353.8398132324219,499.7148742675781,64.0,11.571524
380,16,2,car,0.323538601398468,0.09844207763671875,374.663818359375,179.72886657714844,533.6328735351562,73.0,12.936688
380,17,2,car,0.3188202977180481,1177.705078125,338.09124755859375,1239.1387939453125,392.3712158203125,13.0,37.887516
380,18,7,truck,0.25713491439819336,982.3414306640625,268.40185546875,1073.2060546875,382.2960205078125,19.0,
380,19,2,car,0.25064870715141296,1555.890869140625,347.1038818359375,1608.639892578125,389.89617919921875,16.0,48.05849
381,0,16,dog,0.8573729395866394,1554.0010986328125,656.8961791992188,1684.3817138671875,929.6826782226562,190.0,
381,1,2,car,0.8552559614181519,0.0,306.264892578125,273.6808776855469,524.3300170898438,74.0,9.430821
381,2,0,person,0.8379544019699097,559.1583862304688,283.1373596191406,684.7052001953125,638.1002807617188,90.0,6.5661435
381,3,0,person,0.7853606939315796,1834.056884765625,287.70135498046875,1919.4503173828125,916.8858032226562,150.0,3.7043788
381,4,2,car,0.7198714017868042,638.7894897460938,309.6778564453125,760.1607666015625,429.4639892578125,39.0,17.168375
381,5,0,person,0.6708189249038696,868.0753784179688,307.1327209472656,919.6968383789062,417.7463684082031,21.0,21.070976
381,6,2,car,0.6402199864387512,940.8158569335938,312.1846008300781,1024.3524169921875,388.01837158203125,18.0,27.118963
381,7,2,car,0.6041778326034546,1251.9537353515625,318.7607727050781,1338.6322021484375,393.68353271484375,15.0,27.448711
381,8,2,car,0.6028859615325928,449.46112060546875,317.78082275390625,582.5250244140625,468.8414611816406,46.0,13.613958
381,9,2,car,0.5642344355583191,221.74905395507812,293.4148864746094,416.7923583984375,492.2053527832031,59.0,10.34523
381,10,2,car,0.5406189560890198,1184.9525146484375,337.54559326171875,1258.8714599609375,389.9914855957031,15.0,39.212475
381,11,7,truck,0.5302765369415283,956.9146728515625,264.00634765625,1051.8270263671875,384.1022033691406,18.0,
381,12,2,car,0.5157163143157959,206.9402618408203,311.8091125488281,322.41046142578125,501.1972961425781,65.0,10.858826
381,13,2,car,0.48543399572372437,360.5710144042969,297.4237976074219,472.2501525878906,483.3168640136719,53.0,11.06299
381,14,5,bus,0.4597202241420746,1376.8272705078125,292.1134948730469,1470.198974609375,393.34912109375,16.0,
381,15,7,truck,0.4564947187900543,1377.6455078125,291.40521240234375,1470.4925537109375,392.920166015625,16.0,
381,16,2,car,0.3240276277065277,1529.4532470703125,340.6595764160156,1583.4122314453125,383.9744567871094,16.0,47.478676
381,17,2,car,0.32316112518310547,1153.2762451171875,334.323974609375,1209.495849609375,374.9073791503906,13.0,50.67424
381,18,2,car,0.30300939083099365,306.36419677734375,294.9800720214844,471.5885009765625,482.3953857421875,55.0,10.973133
382,0,16,dog,0.8895331621170044,1529.978271484375,653.5499267578125,1649.0555419921875,922.9568481445312,191.0,
382,1,2,car,0.8674858212471008,1.0641403198242188,304.6207580566406,247.0201416015625,522.1796875,69.0,9.452764
382,2,0,person,0.8408505916595459,525.6253662109375,271.0406799316406,648.3463134765625,631.6476440429688,87.0,6.4633737
382,3,0,person,0.8339645266532898,1809.95068359375,202.97251892089844,1919.759765625,915.6260986328125,151.0,3.2705057
382,4,2,car,0.6860857605934143,187.89633178710938,291.4280090332031,390.18310546875,484.32366943359375,56.0,10.661376
382,5,2,car,0.6524744033813477,914.7425537109375,309.19036865234375,996.4850463867188,382.37310791015625,18.0,28.101343
382,6,2,car,0.6060324907302856,1225.2584228515625,314.5484619140625,1307.910400390625,383.4844665527344,15.0,29.832499
382,7,2,car,0.6037443280220032,602.7930908203125,304.4703674316406,730.4540405273438,427.303466796875,36.0,16.7425
382,8,7,truck,0.47368019819259644,929.3717651367188,260.2867126464844,1024.5272216796875,362.5372009277344,17.0,
382,9,2,car,0.45250728726387024,420.6171569824219,311.238525390625,538.7999877929688,461.7944641113281,43.0,13.6595955
382,10,2,car,0.4339240789413452,314.72076416015625,294.2994079589844,440.6153869628906,470.8291015625,51.0,11.649786
382,11,2,car,0.41361203789711,321.08843994140625,293.9704284667969,502.8670349121094,471.4156494140625,49.0,11.58968
382,12,7,truck,0.38756728172302246,1349.637451171875,285.8978576660156,1441.70947265625,386.34613037109375,16.0,
382,13,2,car,0.36603569984436035,1145.8660888671875,327.7279357910156,1234.240478515625,384.6050720214844,15.0,36.157467
382,14,2,car,0.34490692615509033,429.3208312988281,292.766357421875,567.71826171875,367.880615234375,40.0,27.378733
382,15,38,tennis racket,0.3268170654773712,1653.1900634765625,597.5515747070312,1824.4866943359375,793.8856201171875,118.0,
382,16,2,car,0.3157179057598114,150.29708862304688,298.3216552734375,320.8061218261719,491.748779296875,61.0,10.632083
382,17,0,person,0.3150279223918915,839.8531494140625,309.36834716796875,885.623291015625,401.2024230957031,21.0,25.379877
382,18,2,car,0.31034916639328003,435.2979431152344,295.0005798339844,727.6033935546875,444.6277770996094,85.0,13.744381
382,19,2,car,0.2930285632610321,181.9289093017578,306.7602233886719,295.9320373535156,497.52044677734375,61.0,10.780724
382,20,9,traffic light,0.27328693866729736,718.2109375,189.26055908203125,748.1571044921875,250.10174560546875,25.0,
383,0,16,dog,0.8954529762268066,1509.42041015625,649.84228515625,1623.9114990234375,929.2855834960938,191.0,
383,1,2,car,0.8821812868118286,0.0,295.86175537109375,221.46958923339844,516.9757080078125,69.0,9.300784
383,2,0,person,0.8673902153968811,1783.89697265625,178.21975708007812,1919.1884765625,933.875244140625,156.0,3.0843916
383,3,0,person,0.8546354174613953,498.7386779785156,257.2822570800781,620.4876098632812,626.1878662109375,84.0,6.317978
383,4,2,car,0.7129542827606201,567.9667358398438,296.2696838378906,703.8502197265625,425.1779479980469,37.0,15.953463
383,5,2,car,0.6496720314025879,166.71241760253906,288.5513916015625,356.5009460449219,482.9610900878906,56.0,10.578347
383,6,2,car,0.5624305009841919,888.8756103515625,302.6548767089844,965.737060546875,378.19952392578125,18.0,27.222752
383,7,2,car,0.5559670329093933,285.90283203125,285.0246276855469,415.8582458496094,469.1835021972656,51.0,11.167169
383,8,2,car,0.5242750644683838,157.60104370117188,304.1984558105469,269.9844055175781,491.6119384765625,62.0,10.973241
383,9,2,car,0.4696172773838043,1131.603759765625,323.62493896484375,1206.3819580078125,380.4997863769531,15.0,36.158924
383,10,2,car,0.4580704867839813,1196.2918701171875,306.537353515625,1278.7972412109375,380.29486083984375,15.0,27.882359
383,11,0,person,0.4342775344848633,810.2210083007812,303.96746826171875,850.1226196289062,405.8866271972656,23.0,22.868492
383,12,7,truck,0.40586400032043457,1324.848388671875,282.8909912109375,1416.182861328125,380.07403564453125,16.0,
383,13,2,car,0.38652321696281433,395.9263000488281,310.03619384765625,505.7650451660156,456.9551696777344,44.0,13.997737
383,14,2,car,0.36174464225769043,220.9610595703125,327.7882995605469,354.25360107421875,484.8055419921875,55.0,13.097499
383,15,5,bus,0.3444766402244568,1326.2991943359375,283.0759582519531,1417.47216796875,376.4161682128906,16.0,
383,16,38,tennis racket,0.34219175577163696,1624.2928466796875,577.5737915039062,1824.5142822265625,780.509033203125,112.0,
383,17,2,car,0.3398185968399048,402.870849609375,280.03070068359375,694.7382202148438,435.35723876953125,82.0,13.240064
383,18,7,truck,0.2667752206325531,904.178466796875,252.4661865234375,995.6011962890625,373.0406188964844,17.0,
